solid OpenSCAD_Model
  facet normal 1 -0 0
    outer loop
      vertex 42.5 -17.8 0
      vertex 42.5 -16.8 -2.05
      vertex 42.5 -16.8 0
    endloop
  endfacet
  facet normal 1 0 0
    outer loop
      vertex 42.5 -16.8 -2.05
      vertex 42.5 -17.8 0
      vertex 42.5 -17.8 -2.05
    endloop
  endfacet
  facet normal 0 0 -1
    outer loop
      vertex -42.5 -17.8 -2.05
      vertex 42.5 -16.8 -2.05
      vertex 42.5 -17.8 -2.05
    endloop
  endfacet
  facet normal -0 0 -1
    outer loop
      vertex 42.5 -16.8 -2.05
      vertex -42.5 -17.8 -2.05
      vertex -42.5 -16.8 -2.05
    endloop
  endfacet
  facet normal -1 0 0
    outer loop
      vertex -42.5 -17.8 -2.05
      vertex -42.5 -16.8 0
      vertex -42.5 -16.8 -2.05
    endloop
  endfacet
  facet normal -1 -0 0
    outer loop
      vertex -42.5 -16.8 0
      vertex -42.5 -17.8 -2.05
      vertex -42.5 -17.8 0
    endloop
  endfacet
  facet normal 0 1 -0
    outer loop
      vertex 42.5 -16.8 -2.05
      vertex -42.5 -16.8 0
      vertex 42.5 -16.8 0
    endloop
  endfacet
  facet normal 0 1 0
    outer loop
      vertex -42.5 -16.8 0
      vertex 42.5 -16.8 -2.05
      vertex -42.5 -16.8 -2.05
    endloop
  endfacet
  facet normal 0 -1 0
    outer loop
      vertex -42.5 -17.8 -2.05
      vertex 42.5 -17.8 0
      vertex -42.5 -17.8 0
    endloop
  endfacet
  facet normal 0 -1 -0
    outer loop
      vertex 42.5 -17.8 0
      vertex -42.5 -17.8 -2.05
      vertex 42.5 -17.8 -2.05
    endloop
  endfacet
  facet normal 1 -0 0
    outer loop
      vertex 42.5 16.8 0
      vertex 42.5 17.8 -2.05
      vertex 42.5 17.8 0
    endloop
  endfacet
  facet normal 1 0 0
    outer loop
      vertex 42.5 17.8 -2.05
      vertex 42.5 16.8 0
      vertex 42.5 16.8 -2.05
    endloop
  endfacet
  facet normal 0 0 -1
    outer loop
      vertex -42.5 16.8 -2.05
      vertex 42.5 17.8 -2.05
      vertex 42.5 16.8 -2.05
    endloop
  endfacet
  facet normal -0 0 -1
    outer loop
      vertex 42.5 17.8 -2.05
      vertex -42.5 16.8 -2.05
      vertex -42.5 17.8 -2.05
    endloop
  endfacet
  facet normal -1 0 0
    outer loop
      vertex -42.5 16.8 -2.05
      vertex -42.5 17.8 0
      vertex -42.5 17.8 -2.05
    endloop
  endfacet
  facet normal -1 -0 0
    outer loop
      vertex -42.5 17.8 0
      vertex -42.5 16.8 -2.05
      vertex -42.5 16.8 0
    endloop
  endfacet
  facet normal 0 1 -0
    outer loop
      vertex 42.5 17.8 -2.05
      vertex -42.5 17.8 0
      vertex 42.5 17.8 0
    endloop
  endfacet
  facet normal 0 1 0
    outer loop
      vertex -42.5 17.8 0
      vertex 42.5 17.8 -2.05
      vertex -42.5 17.8 -2.05
    endloop
  endfacet
  facet normal 0 -1 0
    outer loop
      vertex -42.5 16.8 -2.05
      vertex 42.5 16.8 0
      vertex -42.5 16.8 0
    endloop
  endfacet
  facet normal 0 -1 -0
    outer loop
      vertex 42.5 16.8 0
      vertex -42.5 16.8 -2.05
      vertex 42.5 16.8 -2.05
    endloop
  endfacet
  facet normal 1 -0 0
    outer loop
      vertex -12.75 2 2.05
      vertex -12.75 14 1.8
      vertex -12.75 14 2.05
    endloop
  endfacet
  facet normal 1 0 0
    outer loop
      vertex -12.75 14 1.8
      vertex -12.75 2 2.05
      vertex -12.75 2 1.8
    endloop
  endfacet
  facet normal -0 0 1
    outer loop
      vertex -15.25 14 2.05
      vertex -12.75 2 2.05
      vertex -12.75 14 2.05
    endloop
  endfacet
  facet normal 0 0 1
    outer loop
      vertex -12.75 2 2.05
      vertex -15.25 14 2.05
      vertex -15.25 2 2.05
    endloop
  endfacet
  facet normal -1 0 0
    outer loop
      vertex -15.25 2 1.8
      vertex -15.25 14 2.05
      vertex -15.25 14 1.8
    endloop
  endfacet
  facet normal -1 -0 0
    outer loop
      vertex -15.25 14 2.05
      vertex -15.25 2 1.8
      vertex -15.25 2 2.05
    endloop
  endfacet
  facet normal 0 1 -0
    outer loop
      vertex -12.75 14 1.8
      vertex -15.25 14 2.05
      vertex -12.75 14 2.05
    endloop
  endfacet
  facet normal 0 1 0
    outer loop
      vertex -15.25 14 2.05
      vertex -12.75 14 1.8
      vertex -15.25 14 1.8
    endloop
  endfacet
  facet normal 0 -1 0
    outer loop
      vertex -15.25 2 1.8
      vertex -12.75 2 2.05
      vertex -15.25 2 2.05
    endloop
  endfacet
  facet normal 0 -1 -0
    outer loop
      vertex -12.75 2 2.05
      vertex -15.25 2 1.8
      vertex -12.75 2 1.8
    endloop
  endfacet
  facet normal 1 -0 0
    outer loop
      vertex -5.75 2 2.05
      vertex -5.75 14 1.8
      vertex -5.75 14 2.05
    endloop
  endfacet
  facet normal 1 0 0
    outer loop
      vertex -5.75 14 1.8
      vertex -5.75 2 2.05
      vertex -5.75 2 1.8
    endloop
  endfacet
  facet normal -0 0 1
    outer loop
      vertex -8.25 14 2.05
      vertex -5.75 2 2.05
      vertex -5.75 14 2.05
    endloop
  endfacet
  facet normal 0 0 1
    outer loop
      vertex -5.75 2 2.05
      vertex -8.25 14 2.05
      vertex -8.25 2 2.05
    endloop
  endfacet
  facet normal -1 0 0
    outer loop
      vertex -8.25 2 1.8
      vertex -8.25 14 2.05
      vertex -8.25 14 1.8
    endloop
  endfacet
  facet normal -1 -0 0
    outer loop
      vertex -8.25 14 2.05
      vertex -8.25 2 1.8
      vertex -8.25 2 2.05
    endloop
  endfacet
  facet normal 0 1 -0
    outer loop
      vertex -5.75 14 1.8
      vertex -8.25 14 2.05
      vertex -5.75 14 2.05
    endloop
  endfacet
  facet normal 0 1 0
    outer loop
      vertex -8.25 14 2.05
      vertex -5.75 14 1.8
      vertex -8.25 14 1.8
    endloop
  endfacet
  facet normal 0 -1 0
    outer loop
      vertex -8.25 2 1.8
      vertex -5.75 2 2.05
      vertex -8.25 2 2.05
    endloop
  endfacet
  facet normal 0 -1 -0
    outer loop
      vertex -5.75 2 2.05
      vertex -8.25 2 1.8
      vertex -5.75 2 1.8
    endloop
  endfacet
  facet normal 1 -0 0
    outer loop
      vertex 1.25 2 2.05
      vertex 1.25 14 1.8
      vertex 1.25 14 2.05
    endloop
  endfacet
  facet normal 1 0 0
    outer loop
      vertex 1.25 14 1.8
      vertex 1.25 2 2.05
      vertex 1.25 2 1.8
    endloop
  endfacet
  facet normal -0 0 1
    outer loop
      vertex -1.25 14 2.05
      vertex 1.25 2 2.05
      vertex 1.25 14 2.05
    endloop
  endfacet
  facet normal 0 0 1
    outer loop
      vertex 1.25 2 2.05
      vertex -1.25 14 2.05
      vertex -1.25 2 2.05
    endloop
  endfacet
  facet normal -1 0 0
    outer loop
      vertex -1.25 2 1.8
      vertex -1.25 14 2.05
      vertex -1.25 14 1.8
    endloop
  endfacet
  facet normal -1 -0 0
    outer loop
      vertex -1.25 14 2.05
      vertex -1.25 2 1.8
      vertex -1.25 2 2.05
    endloop
  endfacet
  facet normal 0 1 -0
    outer loop
      vertex 1.25 14 1.8
      vertex -1.25 14 2.05
      vertex 1.25 14 2.05
    endloop
  endfacet
  facet normal 0 1 0
    outer loop
      vertex -1.25 14 2.05
      vertex 1.25 14 1.8
      vertex -1.25 14 1.8
    endloop
  endfacet
  facet normal 0 -1 0
    outer loop
      vertex -1.25 2 1.8
      vertex 1.25 2 2.05
      vertex -1.25 2 2.05
    endloop
  endfacet
  facet normal 0 -1 -0
    outer loop
      vertex 1.25 2 2.05
      vertex -1.25 2 1.8
      vertex 1.25 2 1.8
    endloop
  endfacet
  facet normal 1 -0 0
    outer loop
      vertex 8.25 2 2.05
      vertex 8.25 14 1.8
      vertex 8.25 14 2.05
    endloop
  endfacet
  facet normal 1 0 0
    outer loop
      vertex 8.25 14 1.8
      vertex 8.25 2 2.05
      vertex 8.25 2 1.8
    endloop
  endfacet
  facet normal -0 0 1
    outer loop
      vertex 5.75 14 2.05
      vertex 8.25 2 2.05
      vertex 8.25 14 2.05
    endloop
  endfacet
  facet normal 0 0 1
    outer loop
      vertex 8.25 2 2.05
      vertex 5.75 14 2.05
      vertex 5.75 2 2.05
    endloop
  endfacet
  facet normal -1 0 0
    outer loop
      vertex 5.75 2 1.8
      vertex 5.75 14 2.05
      vertex 5.75 14 1.8
    endloop
  endfacet
  facet normal -1 -0 0
    outer loop
      vertex 5.75 14 2.05
      vertex 5.75 2 1.8
      vertex 5.75 2 2.05
    endloop
  endfacet
  facet normal 0 1 -0
    outer loop
      vertex 8.25 14 1.8
      vertex 5.75 14 2.05
      vertex 8.25 14 2.05
    endloop
  endfacet
  facet normal 0 1 0
    outer loop
      vertex 5.75 14 2.05
      vertex 8.25 14 1.8
      vertex 5.75 14 1.8
    endloop
  endfacet
  facet normal 0 -1 0
    outer loop
      vertex 5.75 2 1.8
      vertex 8.25 2 2.05
      vertex 5.75 2 2.05
    endloop
  endfacet
  facet normal 0 -1 -0
    outer loop
      vertex 8.25 2 2.05
      vertex 5.75 2 1.8
      vertex 8.25 2 1.8
    endloop
  endfacet
  facet normal 1 -0 0
    outer loop
      vertex 15.25 2 2.05
      vertex 15.25 14 1.8
      vertex 15.25 14 2.05
    endloop
  endfacet
  facet normal 1 0 0
    outer loop
      vertex 15.25 14 1.8
      vertex 15.25 2 2.05
      vertex 15.25 2 1.8
    endloop
  endfacet
  facet normal -0 0 1
    outer loop
      vertex 12.75 14 2.05
      vertex 15.25 2 2.05
      vertex 15.25 14 2.05
    endloop
  endfacet
  facet normal 0 0 1
    outer loop
      vertex 15.25 2 2.05
      vertex 12.75 14 2.05
      vertex 12.75 2 2.05
    endloop
  endfacet
  facet normal -1 0 0
    outer loop
      vertex 12.75 2 1.8
      vertex 12.75 14 2.05
      vertex 12.75 14 1.8
    endloop
  endfacet
  facet normal -1 -0 0
    outer loop
      vertex 12.75 14 2.05
      vertex 12.75 2 1.8
      vertex 12.75 2 2.05
    endloop
  endfacet
  facet normal 0 1 -0
    outer loop
      vertex 15.25 14 1.8
      vertex 12.75 14 2.05
      vertex 15.25 14 2.05
    endloop
  endfacet
  facet normal 0 1 0
    outer loop
      vertex 12.75 14 2.05
      vertex 15.25 14 1.8
      vertex 12.75 14 1.8
    endloop
  endfacet
  facet normal 0 -1 0
    outer loop
      vertex 12.75 2 1.8
      vertex 15.25 2 2.05
      vertex 12.75 2 2.05
    endloop
  endfacet
  facet normal 0 -1 -0
    outer loop
      vertex 15.25 2 2.05
      vertex 12.75 2 1.8
      vertex 15.25 2 1.8
    endloop
  endfacet
  facet normal -0.896898 0.442238 0
    outer loop
      vertex -46.6955 17.0307 0
      vertex -46.4641 17.5 1.8
      vertex -46.4641 17.5 0
    endloop
  endfacet
  facet normal -0.896898 0.442238 0
    outer loop
      vertex -46.4641 17.5 1.8
      vertex -46.6955 17.0307 0
      vertex -46.6955 17.0307 1.8
    endloop
  endfacet
  facet normal 0.321498 -0.94691 0
    outer loop
      vertex 44.0353 -19.3637 0
      vertex 44.5307 -19.1955 1.8
      vertex 44.0353 -19.3637 1.8
    endloop
  endfacet
  facet normal 0.321498 -0.94691 0
    outer loop
      vertex 44.5307 -19.1955 1.8
      vertex 44.0353 -19.3637 0
      vertex 44.5307 -19.1955 0
    endloop
  endfacet
  facet normal 0 -1 0
    outer loop
      vertex -43 -19.5 0
      vertex 43 -19.5 1.8
      vertex -43 -19.5 1.8
    endloop
  endfacet
  facet normal 0 -1 -0
    outer loop
      vertex 43 -19.5 1.8
      vertex -43 -19.5 0
      vertex 43 -19.5 0
    endloop
  endfacet
  facet normal 0.195124 -0.980779 0
    outer loop
      vertex 43.5221 -19.4658 0
      vertex 44.0353 -19.3637 1.8
      vertex 43.5221 -19.4658 1.8
    endloop
  endfacet
  facet normal 0.195124 -0.980779 0
    outer loop
      vertex 44.0353 -19.3637 1.8
      vertex 43.5221 -19.4658 0
      vertex 44.0353 -19.3637 0
    endloop
  endfacet
  facet normal -0.659343 0.751842 0
    outer loop
      vertex -45.435 18.6734 0
      vertex -45.8284 18.3284 1.8
      vertex -45.435 18.6734 1.8
    endloop
  endfacet
  facet normal -0.659343 0.751842 0
    outer loop
      vertex -45.8284 18.3284 1.8
      vertex -45.435 18.6734 0
      vertex -45.8284 18.3284 0
    endloop
  endfacet
  facet normal -0.0653646 0.997861 0
    outer loop
      vertex -43 19.5 0
      vertex -43.5221 19.4658 1.8
      vertex -43 19.5 1.8
    endloop
  endfacet
  facet normal -0.0653646 0.997861 0
    outer loop
      vertex -43.5221 19.4658 1.8
      vertex -43 19.5 0
      vertex -43.5221 19.4658 0
    endloop
  endfacet
  facet normal -0.442238 -0.896898 0
    outer loop
      vertex -45 -18.9641 0
      vertex -44.5307 -19.1955 1.8
      vertex -45 -18.9641 1.8
    endloop
  endfacet
  facet normal -0.442238 -0.896898 -0
    outer loop
      vertex -44.5307 -19.1955 1.8
      vertex -45 -18.9641 0
      vertex -44.5307 -19.1955 0
    endloop
  endfacet
  facet normal 0.0653646 -0.997861 0
    outer loop
      vertex 43 -19.5 0
      vertex 43.5221 -19.4658 1.8
      vertex 43 -19.5 1.8
    endloop
  endfacet
  facet normal 0.0653646 -0.997861 0
    outer loop
      vertex 43.5221 -19.4658 1.8
      vertex 43 -19.5 0
      vertex 43.5221 -19.4658 0
    endloop
  endfacet
  facet normal 0 0 -1
    outer loop
      vertex 42.2912 1.08667 0
      vertex 47 15.5 0
      vertex 42.4305 1.03936 0
    endloop
  endfacet
  facet normal 0 0 -1
    outer loop
      vertex 42.1468 1.11537 0
      vertex 47 15.5 0
      vertex 42.2912 1.08667 0
    endloop
  endfacet
  facet normal -0 0 -1
    outer loop
      vertex 47 15.5 0
      vertex 42.1468 1.11537 0
      vertex 42.5 16.8 0
    endloop
  endfacet
  facet normal 0 0 -1
    outer loop
      vertex 42 1.125 0
      vertex 42.5 16.8 0
      vertex 42.1468 1.11537 0
    endloop
  endfacet
  facet normal 0 0 -1
    outer loop
      vertex 41.8532 1.11537 0
      vertex 42.5 16.8 0
      vertex 42 1.125 0
    endloop
  endfacet
  facet normal 0 0 -1
    outer loop
      vertex 41.7088 1.08667 0
      vertex 42.5 16.8 0
      vertex 41.8532 1.11537 0
    endloop
  endfacet
  facet normal 0 0 -1
    outer loop
      vertex 41.5695 1.03936 0
      vertex 42.5 16.8 0
      vertex 41.7088 1.08667 0
    endloop
  endfacet
  facet normal 0 0 -1
    outer loop
      vertex 41.4375 0.974278 0
      vertex 42.5 16.8 0
      vertex 41.5695 1.03936 0
    endloop
  endfacet
  facet normal 0 0 -1
    outer loop
      vertex 41.3151 0.892522 0
      vertex 42.5 16.8 0
      vertex 41.4375 0.974278 0
    endloop
  endfacet
  facet normal 0 0 -1
    outer loop
      vertex 41.2045 0.795495 0
      vertex 42.5 16.8 0
      vertex 41.3151 0.892522 0
    endloop
  endfacet
  facet normal 0 0 -1
    outer loop
      vertex 41.1075 0.684856 0
      vertex 42.5 16.8 0
      vertex 41.2045 0.795495 0
    endloop
  endfacet
  facet normal 0 0 -1
    outer loop
      vertex 41.0257 0.5625 0
      vertex 42.5 16.8 0
      vertex 41.1075 0.684856 0
    endloop
  endfacet
  facet normal 0 0 -1
    outer loop
      vertex 40.9606 0.430518 0
      vertex 42.5 16.8 0
      vertex 41.0257 0.5625 0
    endloop
  endfacet
  facet normal 0 0 -1
    outer loop
      vertex 40.9133 0.291171 0
      vertex 42.5 16.8 0
      vertex 40.9606 0.430518 0
    endloop
  endfacet
  facet normal 0 0 -1
    outer loop
      vertex -42.5 16.8 0
      vertex 40.9133 0.291171 0
      vertex 40.8846 0.146841 0
    endloop
  endfacet
  facet normal 0 0 -1
    outer loop
      vertex -42.5 16.8 0
      vertex 40.875 0 0
      vertex -42.5 -16.8 0
    endloop
  endfacet
  facet normal 0 0 -1
    outer loop
      vertex 40.875 0 0
      vertex -42.5 16.8 0
      vertex 40.8846 0.146841 0
    endloop
  endfacet
  facet normal 0 0 -1
    outer loop
      vertex 40.9133 0.291171 0
      vertex -42.5 16.8 0
      vertex 42.5 16.8 0
    endloop
  endfacet
  facet normal 0 0 -1
    outer loop
      vertex 42.5 -16.8 0
      vertex 47 -15.5 0
      vertex 46.9658 -16.0221 0
    endloop
  endfacet
  facet normal 0 0 -1
    outer loop
      vertex 47 -15.5 0
      vertex 43.125 0 0
      vertex 47 15.5 0
    endloop
  endfacet
  facet normal 0 0 -1
    outer loop
      vertex 42.5 -16.8 0
      vertex 46.9658 -16.0221 0
      vertex 46.8637 -16.5353 0
    endloop
  endfacet
  facet normal 0 0 -1
    outer loop
      vertex 43.1154 0.146841 0
      vertex 47 15.5 0
      vertex 43.125 0 0
    endloop
  endfacet
  facet normal 0 0 -1
    outer loop
      vertex 42.5 -16.8 0
      vertex 46.8637 -16.5353 0
      vertex 46.6955 -17.0307 0
    endloop
  endfacet
  facet normal 0 0 -1
    outer loop
      vertex 43.0867 0.291171 0
      vertex 47 15.5 0
      vertex 43.1154 0.146841 0
    endloop
  endfacet
  facet normal 0 0 -1
    outer loop
      vertex 42.5 -16.8 0
      vertex 46.6955 -17.0307 0
      vertex 46.4641 -17.5 0
    endloop
  endfacet
  facet normal 0 0 -1
    outer loop
      vertex 43.0394 0.430518 0
      vertex 47 15.5 0
      vertex 43.0867 0.291171 0
    endloop
  endfacet
  facet normal 0 0 -1
    outer loop
      vertex 42.5 -16.8 0
      vertex 46.4641 -17.5 0
      vertex 46.1734 -17.935 0
    endloop
  endfacet
  facet normal 0 0 -1
    outer loop
      vertex 42.9743 0.5625 0
      vertex 47 15.5 0
      vertex 43.0394 0.430518 0
    endloop
  endfacet
  facet normal 0 0 -1
    outer loop
      vertex 42.5 -16.8 0
      vertex 46.1734 -17.935 0
      vertex 45.8284 -18.3284 0
    endloop
  endfacet
  facet normal 0 0 -1
    outer loop
      vertex 42.8925 0.684856 0
      vertex 47 15.5 0
      vertex 42.9743 0.5625 0
    endloop
  endfacet
  facet normal 0 0 -1
    outer loop
      vertex 42.5 -16.8 0
      vertex 45.8284 -18.3284 0
      vertex 45.435 -18.6734 0
    endloop
  endfacet
  facet normal 0 0 -1
    outer loop
      vertex 42.7955 0.795495 0
      vertex 47 15.5 0
      vertex 42.8925 0.684856 0
    endloop
  endfacet
  facet normal 0 0 -1
    outer loop
      vertex 42.5 -17.8 0
      vertex 45.435 -18.6734 0
      vertex 45 -18.9641 0
    endloop
  endfacet
  facet normal 0 0 -1
    outer loop
      vertex 42.6849 0.892522 0
      vertex 47 15.5 0
      vertex 42.7955 0.795495 0
    endloop
  endfacet
  facet normal 0 0 -1
    outer loop
      vertex 42.5 -17.8 0
      vertex 45 -18.9641 0
      vertex 44.5307 -19.1955 0
    endloop
  endfacet
  facet normal 0 0 -1
    outer loop
      vertex 42.5625 0.974278 0
      vertex 47 15.5 0
      vertex 42.6849 0.892522 0
    endloop
  endfacet
  facet normal 0 0 -1
    outer loop
      vertex 42.5 -17.8 0
      vertex 44.5307 -19.1955 0
      vertex 44.0353 -19.3637 0
    endloop
  endfacet
  facet normal 0 0 -1
    outer loop
      vertex 42.4305 1.03936 0
      vertex 47 15.5 0
      vertex 42.5625 0.974278 0
    endloop
  endfacet
  facet normal 0 0 -1
    outer loop
      vertex 42.5 -17.8 0
      vertex 44.0353 -19.3637 0
      vertex 43.5221 -19.4658 0
    endloop
  endfacet
  facet normal 0 0 -1
    outer loop
      vertex 47 15.5 0
      vertex 42.5 16.8 0
      vertex 46.9658 16.0221 0
    endloop
  endfacet
  facet normal 0 0 -1
    outer loop
      vertex 46.9658 16.0221 0
      vertex 42.5 16.8 0
      vertex 46.8637 16.5353 0
    endloop
  endfacet
  facet normal 0 0 -1
    outer loop
      vertex 47 -15.5 0
      vertex 43.1154 -0.146841 0
      vertex 43.125 0 0
    endloop
  endfacet
  facet normal 0 0 -1
    outer loop
      vertex 47 -15.5 0
      vertex 43.0867 -0.291171 0
      vertex 43.1154 -0.146841 0
    endloop
  endfacet
  facet normal 0 0 -1
    outer loop
      vertex 47 -15.5 0
      vertex 43.0394 -0.430518 0
      vertex 43.0867 -0.291171 0
    endloop
  endfacet
  facet normal 0 0 -1
    outer loop
      vertex 42.5 -17.8 0
      vertex 43.5221 -19.4658 0
      vertex 43 -19.5 0
    endloop
  endfacet
  facet normal -0 0 -1
    outer loop
      vertex 47 -15.5 0
      vertex 42.5 -16.8 0
      vertex 42.1468 -1.11537 0
    endloop
  endfacet
  facet normal 0 0 -1
    outer loop
      vertex 47 -15.5 0
      vertex 42.9743 -0.5625 0
      vertex 43.0394 -0.430518 0
    endloop
  endfacet
  facet normal 0 0 -1
    outer loop
      vertex 47 -15.5 0
      vertex 42.8925 -0.684856 0
      vertex 42.9743 -0.5625 0
    endloop
  endfacet
  facet normal 0 0 -1
    outer loop
      vertex 47 -15.5 0
      vertex 42.7955 -0.795495 0
      vertex 42.8925 -0.684856 0
    endloop
  endfacet
  facet normal 0 0 -1
    outer loop
      vertex 47 -15.5 0
      vertex 42.6849 -0.892522 0
      vertex 42.7955 -0.795495 0
    endloop
  endfacet
  facet normal 0 0 -1
    outer loop
      vertex 45.435 -18.6734 0
      vertex 42.5 -17.8 0
      vertex 42.5 -16.8 0
    endloop
  endfacet
  facet normal 0 0 -1
    outer loop
      vertex 43 -19.5 0
      vertex -42.5 -17.8 0
      vertex 42.5 -17.8 0
    endloop
  endfacet
  facet normal 0 0 -1
    outer loop
      vertex -45.435 -18.6734 0
      vertex -42.5 -16.8 0
      vertex -42.5 -17.8 0
    endloop
  endfacet
  facet normal 0 0 -1
    outer loop
      vertex -42.5 -16.8 0
      vertex -47 -15.5 0
      vertex -42.5 16.8 0
    endloop
  endfacet
  facet normal 0 0 -1
    outer loop
      vertex -43.5221 -19.4658 0
      vertex -42.5 -17.8 0
      vertex -43 -19.5 0
    endloop
  endfacet
  facet normal 0 0 -1
    outer loop
      vertex -43 -19.5 0
      vertex -42.5 -17.8 0
      vertex 43 -19.5 0
    endloop
  endfacet
  facet normal 0 0 -1
    outer loop
      vertex 46.8637 16.5353 0
      vertex 42.5 16.8 0
      vertex 46.6955 17.0307 0
    endloop
  endfacet
  facet normal -0 0 -1
    outer loop
      vertex 46.6955 17.0307 0
      vertex 42.5 16.8 0
      vertex 46.4641 17.5 0
    endloop
  endfacet
  facet normal -0 0 -1
    outer loop
      vertex 46.1734 17.935 0
      vertex 42.5 16.8 0
      vertex 45.8284 18.3284 0
    endloop
  endfacet
  facet normal -0 0 -1
    outer loop
      vertex 44.5307 19.1955 0
      vertex 42.5 17.8 0
      vertex 44.0353 19.3637 0
    endloop
  endfacet
  facet normal -0 0 -1
    outer loop
      vertex 45 18.9641 0
      vertex 42.5 17.8 0
      vertex 44.5307 19.1955 0
    endloop
  endfacet
  facet normal -0 0 -1
    outer loop
      vertex 45.435 18.6734 0
      vertex 42.5 17.8 0
      vertex 45 18.9641 0
    endloop
  endfacet
  facet normal 0 0 -1
    outer loop
      vertex 42.5 17.8 0
      vertex 45.435 18.6734 0
      vertex 42.5 16.8 0
    endloop
  endfacet
  facet normal -0 0 -1
    outer loop
      vertex 45.8284 18.3284 0
      vertex 42.5 16.8 0
      vertex 45.435 18.6734 0
    endloop
  endfacet
  facet normal -0 0 -1
    outer loop
      vertex 46.4641 17.5 0
      vertex 42.5 16.8 0
      vertex 46.1734 17.935 0
    endloop
  endfacet
  facet normal -0 0 -1
    outer loop
      vertex 44.0353 19.3637 0
      vertex 42.5 17.8 0
      vertex 43.5221 19.4658 0
    endloop
  endfacet
  facet normal -0 0 -1
    outer loop
      vertex 43.5221 19.4658 0
      vertex 42.5 17.8 0
      vertex 43 19.5 0
    endloop
  endfacet
  facet normal 0 0 -1
    outer loop
      vertex -42.5 17.8 0
      vertex 43 19.5 0
      vertex 42.5 17.8 0
    endloop
  endfacet
  facet normal 0 0 -1
    outer loop
      vertex -42.5 17.8 0
      vertex -43 19.5 0
      vertex 43 19.5 0
    endloop
  endfacet
  facet normal 0 0 -1
    outer loop
      vertex -47 15.5 0
      vertex -42.5 16.8 0
      vertex -47 -15.5 0
    endloop
  endfacet
  facet normal 0 0 -1
    outer loop
      vertex -44.0353 -19.3637 0
      vertex -42.5 -17.8 0
      vertex -43.5221 -19.4658 0
    endloop
  endfacet
  facet normal 0 -0 -1
    outer loop
      vertex -46.9658 16.0221 0
      vertex -42.5 16.8 0
      vertex -47 15.5 0
    endloop
  endfacet
  facet normal 0 0 -1
    outer loop
      vertex -44.5307 -19.1955 0
      vertex -42.5 -17.8 0
      vertex -44.0353 -19.3637 0
    endloop
  endfacet
  facet normal 0 -0 -1
    outer loop
      vertex -46.8637 16.5353 0
      vertex -42.5 16.8 0
      vertex -46.9658 16.0221 0
    endloop
  endfacet
  facet normal 0 0 -1
    outer loop
      vertex -45 -18.9641 0
      vertex -42.5 -17.8 0
      vertex -44.5307 -19.1955 0
    endloop
  endfacet
  facet normal 0 0 -1
    outer loop
      vertex -42.5 17.8 0
      vertex -43.5221 19.4658 0
      vertex -43 19.5 0
    endloop
  endfacet
  facet normal 0 0 -1
    outer loop
      vertex -45.435 -18.6734 0
      vertex -42.5 -17.8 0
      vertex -45 -18.9641 0
    endloop
  endfacet
  facet normal 0 0 -1
    outer loop
      vertex -42.5 17.8 0
      vertex -44.0353 19.3637 0
      vertex -43.5221 19.4658 0
    endloop
  endfacet
  facet normal 0 0 -1
    outer loop
      vertex -42.5 -16.8 0
      vertex -45.435 -18.6734 0
      vertex -45.8284 -18.3284 0
    endloop
  endfacet
  facet normal 0 0 -1
    outer loop
      vertex -42.5 17.8 0
      vertex -44.5307 19.1955 0
      vertex -44.0353 19.3637 0
    endloop
  endfacet
  facet normal 0 0 -1
    outer loop
      vertex -42.5 -16.8 0
      vertex -45.8284 -18.3284 0
      vertex -46.1734 -17.935 0
    endloop
  endfacet
  facet normal 0 0 -1
    outer loop
      vertex -42.5 17.8 0
      vertex -45 18.9641 0
      vertex -44.5307 19.1955 0
    endloop
  endfacet
  facet normal 0 0 -1
    outer loop
      vertex -42.5 -16.8 0
      vertex -46.1734 -17.935 0
      vertex -46.4641 -17.5 0
    endloop
  endfacet
  facet normal 0 0 -1
    outer loop
      vertex -42.5 17.8 0
      vertex -45.435 18.6734 0
      vertex -45 18.9641 0
    endloop
  endfacet
  facet normal 0 0 -1
    outer loop
      vertex -42.5 -16.8 0
      vertex -46.4641 -17.5 0
      vertex -46.6955 -17.0307 0
    endloop
  endfacet
  facet normal 0 0 -1
    outer loop
      vertex -42.5 16.8 0
      vertex -45.435 18.6734 0
      vertex -42.5 17.8 0
    endloop
  endfacet
  facet normal -0 0 -1
    outer loop
      vertex -42.5 -16.8 0
      vertex -46.6955 -17.0307 0
      vertex -46.8637 -16.5353 0
    endloop
  endfacet
  facet normal 0 -0 -1
    outer loop
      vertex -45.435 18.6734 0
      vertex -42.5 16.8 0
      vertex -45.8284 18.3284 0
    endloop
  endfacet
  facet normal 0 0 -1
    outer loop
      vertex -42.5 -16.8 0
      vertex -46.8637 -16.5353 0
      vertex -46.9658 -16.0221 0
    endloop
  endfacet
  facet normal 0 -0 -1
    outer loop
      vertex -45.8284 18.3284 0
      vertex -42.5 16.8 0
      vertex -46.1734 17.935 0
    endloop
  endfacet
  facet normal 0 0 -1
    outer loop
      vertex -42.5 -16.8 0
      vertex -46.9658 -16.0221 0
      vertex -47 -15.5 0
    endloop
  endfacet
  facet normal 0 -0 -1
    outer loop
      vertex -46.1734 17.935 0
      vertex -42.5 16.8 0
      vertex -46.4641 17.5 0
    endloop
  endfacet
  facet normal 0 -0 -1
    outer loop
      vertex -46.4641 17.5 0
      vertex -42.5 16.8 0
      vertex -46.6955 17.0307 0
    endloop
  endfacet
  facet normal 0 -0 -1
    outer loop
      vertex -46.6955 17.0307 0
      vertex -42.5 16.8 0
      vertex -46.8637 16.5353 0
    endloop
  endfacet
  facet normal 0 0 -1
    outer loop
      vertex 47 -15.5 0
      vertex 42.5625 -0.974278 0
      vertex 42.6849 -0.892522 0
    endloop
  endfacet
  facet normal 0 0 -1
    outer loop
      vertex 47 -15.5 0
      vertex 42.4305 -1.03936 0
      vertex 42.5625 -0.974278 0
    endloop
  endfacet
  facet normal 0 0 -1
    outer loop
      vertex 47 -15.5 0
      vertex 42.2912 -1.08667 0
      vertex 42.4305 -1.03936 0
    endloop
  endfacet
  facet normal 0 0 -1
    outer loop
      vertex 47 -15.5 0
      vertex 42.1468 -1.11537 0
      vertex 42.2912 -1.08667 0
    endloop
  endfacet
  facet normal 0 0 -1
    outer loop
      vertex 42.5 -16.8 0
      vertex 42 -1.125 0
      vertex 42.1468 -1.11537 0
    endloop
  endfacet
  facet normal 0 0 -1
    outer loop
      vertex 42.5 -16.8 0
      vertex 41.8532 -1.11537 0
      vertex 42 -1.125 0
    endloop
  endfacet
  facet normal 0 0 -1
    outer loop
      vertex 42.5 -16.8 0
      vertex 41.7088 -1.08667 0
      vertex 41.8532 -1.11537 0
    endloop
  endfacet
  facet normal 0 0 -1
    outer loop
      vertex 42.5 -16.8 0
      vertex 41.5695 -1.03936 0
      vertex 41.7088 -1.08667 0
    endloop
  endfacet
  facet normal 0 0 -1
    outer loop
      vertex 42.5 -16.8 0
      vertex 41.4375 -0.974278 0
      vertex 41.5695 -1.03936 0
    endloop
  endfacet
  facet normal 0 0 -1
    outer loop
      vertex 42.5 -16.8 0
      vertex 41.3151 -0.892522 0
      vertex 41.4375 -0.974278 0
    endloop
  endfacet
  facet normal 0 0 -1
    outer loop
      vertex 42.5 -16.8 0
      vertex 41.2045 -0.795495 0
      vertex 41.3151 -0.892522 0
    endloop
  endfacet
  facet normal 0 0 -1
    outer loop
      vertex 42.5 -16.8 0
      vertex 41.1075 -0.684856 0
      vertex 41.2045 -0.795495 0
    endloop
  endfacet
  facet normal 0 0 -1
    outer loop
      vertex 42.5 -16.8 0
      vertex 41.0257 -0.5625 0
      vertex 41.1075 -0.684856 0
    endloop
  endfacet
  facet normal 0 0 -1
    outer loop
      vertex 42.5 -16.8 0
      vertex 40.9606 -0.430518 0
      vertex 41.0257 -0.5625 0
    endloop
  endfacet
  facet normal 0 0 -1
    outer loop
      vertex 42.5 -16.8 0
      vertex 40.9133 -0.291171 0
      vertex 40.9606 -0.430518 0
    endloop
  endfacet
  facet normal 0 0 -1
    outer loop
      vertex -42.5 -16.8 0
      vertex 40.9133 -0.291171 0
      vertex 42.5 -16.8 0
    endloop
  endfacet
  facet normal -0 0 -1
    outer loop
      vertex 40.8846 -0.146841 0
      vertex -42.5 -16.8 0
      vertex 40.875 0 0
    endloop
  endfacet
  facet normal -0 0 -1
    outer loop
      vertex 40.9133 -0.291171 0
      vertex -42.5 -16.8 0
      vertex 40.8846 -0.146841 0
    endloop
  endfacet
  facet normal 0.751842 0.659343 0
    outer loop
      vertex 46.1734 17.935 1.8
      vertex 45.8284 18.3284 0
      vertex 45.8284 18.3284 1.8
    endloop
  endfacet
  facet normal 0.751842 0.659343 0
    outer loop
      vertex 45.8284 18.3284 0
      vertex 46.1734 17.935 1.8
      vertex 46.1734 17.935 0
    endloop
  endfacet
  facet normal -0.94691 0.321498 0
    outer loop
      vertex -46.8637 16.5353 0
      vertex -46.6955 17.0307 1.8
      vertex -46.6955 17.0307 0
    endloop
  endfacet
  facet normal -0.94691 0.321498 0
    outer loop
      vertex -46.6955 17.0307 1.8
      vertex -46.8637 16.5353 0
      vertex -46.8637 16.5353 1.8
    endloop
  endfacet
  facet normal 0.0653646 0.997861 -0
    outer loop
      vertex 43.5221 19.4658 0
      vertex 43 19.5 1.8
      vertex 43.5221 19.4658 1.8
    endloop
  endfacet
  facet normal 0.0653646 0.997861 0
    outer loop
      vertex 43 19.5 1.8
      vertex 43.5221 19.4658 0
      vertex 43 19.5 0
    endloop
  endfacet
  facet normal -0.751842 -0.659343 0
    outer loop
      vertex -45.8284 -18.3284 0
      vertex -46.1734 -17.935 1.8
      vertex -46.1734 -17.935 0
    endloop
  endfacet
  facet normal -0.751842 -0.659343 0
    outer loop
      vertex -46.1734 -17.935 1.8
      vertex -45.8284 -18.3284 0
      vertex -45.8284 -18.3284 1.8
    endloop
  endfacet
  facet normal -0.751842 0.659343 0
    outer loop
      vertex -46.1734 17.935 0
      vertex -45.8284 18.3284 1.8
      vertex -45.8284 18.3284 0
    endloop
  endfacet
  facet normal -0.751842 0.659343 0
    outer loop
      vertex -45.8284 18.3284 1.8
      vertex -46.1734 17.935 0
      vertex -46.1734 17.935 1.8
    endloop
  endfacet
  facet normal 0.442238 -0.896898 0
    outer loop
      vertex 44.5307 -19.1955 0
      vertex 45 -18.9641 1.8
      vertex 44.5307 -19.1955 1.8
    endloop
  endfacet
  facet normal 0.442238 -0.896898 0
    outer loop
      vertex 45 -18.9641 1.8
      vertex 44.5307 -19.1955 0
      vertex 45 -18.9641 0
    endloop
  endfacet
  facet normal 0.659343 0.751842 -0
    outer loop
      vertex 45.8284 18.3284 0
      vertex 45.435 18.6734 1.8
      vertex 45.8284 18.3284 1.8
    endloop
  endfacet
  facet normal 0.659343 0.751842 0
    outer loop
      vertex 45.435 18.6734 1.8
      vertex 45.8284 18.3284 0
      vertex 45.435 18.6734 0
    endloop
  endfacet
  facet normal -0.321498 -0.94691 0
    outer loop
      vertex -44.5307 -19.1955 0
      vertex -44.0353 -19.3637 1.8
      vertex -44.5307 -19.1955 1.8
    endloop
  endfacet
  facet normal -0.321498 -0.94691 -0
    outer loop
      vertex -44.0353 -19.3637 1.8
      vertex -44.5307 -19.1955 0
      vertex -44.0353 -19.3637 0
    endloop
  endfacet
  facet normal 0 1 -0
    outer loop
      vertex 43 19.5 0
      vertex -43 19.5 1.8
      vertex 43 19.5 1.8
    endloop
  endfacet
  facet normal 0 1 0
    outer loop
      vertex -43 19.5 1.8
      vertex 43 19.5 0
      vertex -43 19.5 0
    endloop
  endfacet
  facet normal -0.195124 0.980779 0
    outer loop
      vertex -43.5221 19.4658 0
      vertex -44.0353 19.3637 1.8
      vertex -43.5221 19.4658 1.8
    endloop
  endfacet
  facet normal -0.195124 0.980779 0
    outer loop
      vertex -44.0353 19.3637 1.8
      vertex -43.5221 19.4658 0
      vertex -44.0353 19.3637 0
    endloop
  endfacet
  facet normal 0.94691 -0.321498 0
    outer loop
      vertex 46.6955 -17.0307 1.8
      vertex 46.8637 -16.5353 0
      vertex 46.8637 -16.5353 1.8
    endloop
  endfacet
  facet normal 0.94691 -0.321498 0
    outer loop
      vertex 46.8637 -16.5353 0
      vertex 46.6955 -17.0307 1.8
      vertex 46.6955 -17.0307 0
    endloop
  endfacet
  facet normal -0.555626 0.831432 0
    outer loop
      vertex -45 18.9641 0
      vertex -45.435 18.6734 1.8
      vertex -45 18.9641 1.8
    endloop
  endfacet
  facet normal -0.555626 0.831432 0
    outer loop
      vertex -45.435 18.6734 1.8
      vertex -45 18.9641 0
      vertex -45.435 18.6734 0
    endloop
  endfacet
  facet normal 0.659343 -0.751842 0
    outer loop
      vertex 45.435 -18.6734 0
      vertex 45.8284 -18.3284 1.8
      vertex 45.435 -18.6734 1.8
    endloop
  endfacet
  facet normal 0.659343 -0.751842 0
    outer loop
      vertex 45.8284 -18.3284 1.8
      vertex 45.435 -18.6734 0
      vertex 45.8284 -18.3284 0
    endloop
  endfacet
  facet normal -1 0 0
    outer loop
      vertex -47 -15.5 0
      vertex -47 15.5 1.8
      vertex -47 15.5 0
    endloop
  endfacet
  facet normal -1 -0 0
    outer loop
      vertex -47 15.5 1.8
      vertex -47 -15.5 0
      vertex -47 -15.5 1.8
    endloop
  endfacet
  facet normal 0.997861 0.0653646 0
    outer loop
      vertex 47 15.5 1.8
      vertex 46.9658 16.0221 0
      vertex 46.9658 16.0221 1.8
    endloop
  endfacet
  facet normal 0.997861 0.0653646 0
    outer loop
      vertex 46.9658 16.0221 0
      vertex 47 15.5 1.8
      vertex 47 15.5 0
    endloop
  endfacet
  facet normal 1 -0 0
    outer loop
      vertex 47 -15.5 1.8
      vertex 47 15.5 0
      vertex 47 15.5 1.8
    endloop
  endfacet
  facet normal 1 0 0
    outer loop
      vertex 47 15.5 0
      vertex 47 -15.5 1.8
      vertex 47 -15.5 0
    endloop
  endfacet
  facet normal -0.831432 0.555626 0
    outer loop
      vertex -46.4641 17.5 0
      vertex -46.1734 17.935 1.8
      vertex -46.1734 17.935 0
    endloop
  endfacet
  facet normal -0.831432 0.555626 0
    outer loop
      vertex -46.1734 17.935 1.8
      vertex -46.4641 17.5 0
      vertex -46.4641 17.5 1.8
    endloop
  endfacet
  facet normal 0.831432 -0.555626 0
    outer loop
      vertex 46.1734 -17.935 1.8
      vertex 46.4641 -17.5 0
      vertex 46.4641 -17.5 1.8
    endloop
  endfacet
  facet normal 0.831432 -0.555626 0
    outer loop
      vertex 46.4641 -17.5 0
      vertex 46.1734 -17.935 1.8
      vertex 46.1734 -17.935 0
    endloop
  endfacet
  facet normal -0.997861 -0.0653646 0
    outer loop
      vertex -46.9658 -16.0221 0
      vertex -47 -15.5 1.8
      vertex -47 -15.5 0
    endloop
  endfacet
  facet normal -0.997861 -0.0653646 0
    outer loop
      vertex -47 -15.5 1.8
      vertex -46.9658 -16.0221 0
      vertex -46.9658 -16.0221 1.8
    endloop
  endfacet
  facet normal 0.195124 0.980779 -0
    outer loop
      vertex 44.0353 19.3637 0
      vertex 43.5221 19.4658 1.8
      vertex 44.0353 19.3637 1.8
    endloop
  endfacet
  facet normal 0.195124 0.980779 0
    outer loop
      vertex 43.5221 19.4658 1.8
      vertex 44.0353 19.3637 0
      vertex 43.5221 19.4658 0
    endloop
  endfacet
  facet normal -0.321498 0.94691 0
    outer loop
      vertex -44.0353 19.3637 0
      vertex -44.5307 19.1955 1.8
      vertex -44.0353 19.3637 1.8
    endloop
  endfacet
  facet normal -0.321498 0.94691 0
    outer loop
      vertex -44.5307 19.1955 1.8
      vertex -44.0353 19.3637 0
      vertex -44.5307 19.1955 0
    endloop
  endfacet
  facet normal -0.442238 0.896898 0
    outer loop
      vertex -44.5307 19.1955 0
      vertex -45 18.9641 1.8
      vertex -44.5307 19.1955 1.8
    endloop
  endfacet
  facet normal -0.442238 0.896898 0
    outer loop
      vertex -45 18.9641 1.8
      vertex -44.5307 19.1955 0
      vertex -45 18.9641 0
    endloop
  endfacet
  facet normal -0.195124 -0.980779 0
    outer loop
      vertex -44.0353 -19.3637 0
      vertex -43.5221 -19.4658 1.8
      vertex -44.0353 -19.3637 1.8
    endloop
  endfacet
  facet normal -0.195124 -0.980779 -0
    outer loop
      vertex -43.5221 -19.4658 1.8
      vertex -44.0353 -19.3637 0
      vertex -43.5221 -19.4658 0
    endloop
  endfacet
  facet normal -0.0653646 -0.997861 0
    outer loop
      vertex -43.5221 -19.4658 0
      vertex -43 -19.5 1.8
      vertex -43.5221 -19.4658 1.8
    endloop
  endfacet
  facet normal -0.0653646 -0.997861 -0
    outer loop
      vertex -43 -19.5 1.8
      vertex -43.5221 -19.4658 0
      vertex -43 -19.5 0
    endloop
  endfacet
  facet normal 0.321498 0.94691 -0
    outer loop
      vertex 44.5307 19.1955 0
      vertex 44.0353 19.3637 1.8
      vertex 44.5307 19.1955 1.8
    endloop
  endfacet
  facet normal 0.321498 0.94691 0
    outer loop
      vertex 44.0353 19.3637 1.8
      vertex 44.5307 19.1955 0
      vertex 44.0353 19.3637 0
    endloop
  endfacet
  facet normal 0.751842 -0.659343 0
    outer loop
      vertex 45.8284 -18.3284 1.8
      vertex 46.1734 -17.935 0
      vertex 46.1734 -17.935 1.8
    endloop
  endfacet
  facet normal 0.751842 -0.659343 0
    outer loop
      vertex 46.1734 -17.935 0
      vertex 45.8284 -18.3284 1.8
      vertex 45.8284 -18.3284 0
    endloop
  endfacet
  facet normal -0.659343 -0.751842 0
    outer loop
      vertex -45.8284 -18.3284 0
      vertex -45.435 -18.6734 1.8
      vertex -45.8284 -18.3284 1.8
    endloop
  endfacet
  facet normal -0.659343 -0.751842 -0
    outer loop
      vertex -45.435 -18.6734 1.8
      vertex -45.8284 -18.3284 0
      vertex -45.435 -18.6734 0
    endloop
  endfacet
  facet normal 0.896898 -0.442238 0
    outer loop
      vertex 46.4641 -17.5 1.8
      vertex 46.6955 -17.0307 0
      vertex 46.6955 -17.0307 1.8
    endloop
  endfacet
  facet normal 0.896898 -0.442238 0
    outer loop
      vertex 46.6955 -17.0307 0
      vertex 46.4641 -17.5 1.8
      vertex 46.4641 -17.5 0
    endloop
  endfacet
  facet normal -0.997861 0.0653646 0
    outer loop
      vertex -47 15.5 0
      vertex -46.9658 16.0221 1.8
      vertex -46.9658 16.0221 0
    endloop
  endfacet
  facet normal -0.997861 0.0653646 0
    outer loop
      vertex -46.9658 16.0221 1.8
      vertex -47 15.5 0
      vertex -47 15.5 1.8
    endloop
  endfacet
  facet normal -0.555626 -0.831432 0
    outer loop
      vertex -45.435 -18.6734 0
      vertex -45 -18.9641 1.8
      vertex -45.435 -18.6734 1.8
    endloop
  endfacet
  facet normal -0.555626 -0.831432 -0
    outer loop
      vertex -45 -18.9641 1.8
      vertex -45.435 -18.6734 0
      vertex -45 -18.9641 0
    endloop
  endfacet
  facet normal -0.896898 -0.442238 0
    outer loop
      vertex -46.4641 -17.5 0
      vertex -46.6955 -17.0307 1.8
      vertex -46.6955 -17.0307 0
    endloop
  endfacet
  facet normal -0.896898 -0.442238 0
    outer loop
      vertex -46.6955 -17.0307 1.8
      vertex -46.4641 -17.5 0
      vertex -46.4641 -17.5 1.8
    endloop
  endfacet
  facet normal -0.94691 -0.321498 0
    outer loop
      vertex -46.6955 -17.0307 0
      vertex -46.8637 -16.5353 1.8
      vertex -46.8637 -16.5353 0
    endloop
  endfacet
  facet normal -0.94691 -0.321498 0
    outer loop
      vertex -46.8637 -16.5353 1.8
      vertex -46.6955 -17.0307 0
      vertex -46.6955 -17.0307 1.8
    endloop
  endfacet
  facet normal -0.980779 0.195124 0
    outer loop
      vertex -46.9658 16.0221 0
      vertex -46.8637 16.5353 1.8
      vertex -46.8637 16.5353 0
    endloop
  endfacet
  facet normal -0.980779 0.195124 0
    outer loop
      vertex -46.8637 16.5353 1.8
      vertex -46.9658 16.0221 0
      vertex -46.9658 16.0221 1.8
    endloop
  endfacet
  facet normal 0.94691 0.321498 0
    outer loop
      vertex 46.8637 16.5353 1.8
      vertex 46.6955 17.0307 0
      vertex 46.6955 17.0307 1.8
    endloop
  endfacet
  facet normal 0.94691 0.321498 0
    outer loop
      vertex 46.6955 17.0307 0
      vertex 46.8637 16.5353 1.8
      vertex 46.8637 16.5353 0
    endloop
  endfacet
  facet normal -0.980779 -0.195124 0
    outer loop
      vertex -46.8637 -16.5353 0
      vertex -46.9658 -16.0221 1.8
      vertex -46.9658 -16.0221 0
    endloop
  endfacet
  facet normal -0.980779 -0.195124 0
    outer loop
      vertex -46.9658 -16.0221 1.8
      vertex -46.8637 -16.5353 0
      vertex -46.8637 -16.5353 1.8
    endloop
  endfacet
  facet normal 0.831432 0.555626 0
    outer loop
      vertex 46.4641 17.5 1.8
      vertex 46.1734 17.935 0
      vertex 46.1734 17.935 1.8
    endloop
  endfacet
  facet normal 0.831432 0.555626 0
    outer loop
      vertex 46.1734 17.935 0
      vertex 46.4641 17.5 1.8
      vertex 46.4641 17.5 0
    endloop
  endfacet
  facet normal -0.831432 -0.555626 0
    outer loop
      vertex -46.1734 -17.935 0
      vertex -46.4641 -17.5 1.8
      vertex -46.4641 -17.5 0
    endloop
  endfacet
  facet normal -0.831432 -0.555626 0
    outer loop
      vertex -46.4641 -17.5 1.8
      vertex -46.1734 -17.935 0
      vertex -46.1734 -17.935 1.8
    endloop
  endfacet
  facet normal 0.896898 0.442238 0
    outer loop
      vertex 46.6955 17.0307 1.8
      vertex 46.4641 17.5 0
      vertex 46.4641 17.5 1.8
    endloop
  endfacet
  facet normal 0.896898 0.442238 0
    outer loop
      vertex 46.4641 17.5 0
      vertex 46.6955 17.0307 1.8
      vertex 46.6955 17.0307 0
    endloop
  endfacet
  facet normal 0.980779 0.195124 0
    outer loop
      vertex 46.9658 16.0221 1.8
      vertex 46.8637 16.5353 0
      vertex 46.8637 16.5353 1.8
    endloop
  endfacet
  facet normal 0.980779 0.195124 0
    outer loop
      vertex 46.8637 16.5353 0
      vertex 46.9658 16.0221 1.8
      vertex 46.9658 16.0221 0
    endloop
  endfacet
  facet normal 0.555626 0.831432 -0
    outer loop
      vertex 45.435 18.6734 0
      vertex 45 18.9641 1.8
      vertex 45.435 18.6734 1.8
    endloop
  endfacet
  facet normal 0.555626 0.831432 0
    outer loop
      vertex 45 18.9641 1.8
      vertex 45.435 18.6734 0
      vertex 45 18.9641 0
    endloop
  endfacet
  facet normal 0.442238 0.896898 -0
    outer loop
      vertex 45 18.9641 0
      vertex 44.5307 19.1955 1.8
      vertex 45 18.9641 1.8
    endloop
  endfacet
  facet normal 0.442238 0.896898 0
    outer loop
      vertex 44.5307 19.1955 1.8
      vertex 45 18.9641 0
      vertex 44.5307 19.1955 0
    endloop
  endfacet
  facet normal 0.997861 -0.0653646 0
    outer loop
      vertex 46.9658 -16.0221 1.8
      vertex 47 -15.5 0
      vertex 47 -15.5 1.8
    endloop
  endfacet
  facet normal 0.997861 -0.0653646 0
    outer loop
      vertex 47 -15.5 0
      vertex 46.9658 -16.0221 1.8
      vertex 46.9658 -16.0221 0
    endloop
  endfacet
  facet normal 0.980779 -0.195124 0
    outer loop
      vertex 46.8637 -16.5353 1.8
      vertex 46.9658 -16.0221 0
      vertex 46.9658 -16.0221 1.8
    endloop
  endfacet
  facet normal 0.980779 -0.195124 0
    outer loop
      vertex 46.9658 -16.0221 0
      vertex 46.8637 -16.5353 1.8
      vertex 46.8637 -16.5353 0
    endloop
  endfacet
  facet normal 0 0 1
    outer loop
      vertex 43 19.5 1.8
      vertex 47 15.5 1.8
      vertex 46.9658 16.0221 1.8
    endloop
  endfacet
  facet normal 0 0 1
    outer loop
      vertex 47 15.5 1.8
      vertex 44.2 0 1.8
      vertex 47 -15.5 1.8
    endloop
  endfacet
  facet normal 0 0 1
    outer loop
      vertex 43 19.5 1.8
      vertex 46.9658 16.0221 1.8
      vertex 46.8637 16.5353 1.8
    endloop
  endfacet
  facet normal -0 0 1
    outer loop
      vertex 44.1812 -0.287157 1.8
      vertex 47 -15.5 1.8
      vertex 44.2 0 1.8
    endloop
  endfacet
  facet normal 0 0 1
    outer loop
      vertex 43 19.5 1.8
      vertex 46.8637 16.5353 1.8
      vertex 46.6955 17.0307 1.8
    endloop
  endfacet
  facet normal -0 0 1
    outer loop
      vertex 44.125 -0.569402 1.8
      vertex 47 -15.5 1.8
      vertex 44.1812 -0.287157 1.8
    endloop
  endfacet
  facet normal 0 0 1
    outer loop
      vertex 43 19.5 1.8
      vertex 46.6955 17.0307 1.8
      vertex 46.4641 17.5 1.8
    endloop
  endfacet
  facet normal -0 0 1
    outer loop
      vertex 44.0325 -0.841903 1.8
      vertex 47 -15.5 1.8
      vertex 44.125 -0.569402 1.8
    endloop
  endfacet
  facet normal 0 0 1
    outer loop
      vertex 43 19.5 1.8
      vertex 46.4641 17.5 1.8
      vertex 46.1734 17.935 1.8
    endloop
  endfacet
  facet normal -0 0 1
    outer loop
      vertex 43.9053 -1.1 1.8
      vertex 47 -15.5 1.8
      vertex 44.0325 -0.841903 1.8
    endloop
  endfacet
  facet normal 0 0 1
    outer loop
      vertex 43 19.5 1.8
      vertex 46.1734 17.935 1.8
      vertex 45.8284 18.3284 1.8
    endloop
  endfacet
  facet normal -0 0 1
    outer loop
      vertex 43.7454 -1.33927 1.8
      vertex 47 -15.5 1.8
      vertex 43.9053 -1.1 1.8
    endloop
  endfacet
  facet normal 0 0 1
    outer loop
      vertex 43 19.5 1.8
      vertex 45.8284 18.3284 1.8
      vertex 45.435 18.6734 1.8
    endloop
  endfacet
  facet normal -0 0 1
    outer loop
      vertex 43.5556 -1.55563 1.8
      vertex 47 -15.5 1.8
      vertex 43.7454 -1.33927 1.8
    endloop
  endfacet
  facet normal 0 0 1
    outer loop
      vertex 43 19.5 1.8
      vertex 45.435 18.6734 1.8
      vertex 45 18.9641 1.8
    endloop
  endfacet
  facet normal -0 0 1
    outer loop
      vertex 43.3393 -1.74538 1.8
      vertex 47 -15.5 1.8
      vertex 43.5556 -1.55563 1.8
    endloop
  endfacet
  facet normal 0 0 1
    outer loop
      vertex 43 19.5 1.8
      vertex 45 18.9641 1.8
      vertex 44.5307 19.1955 1.8
    endloop
  endfacet
  facet normal -0 0 1
    outer loop
      vertex 43.1 -1.90526 1.8
      vertex 47 -15.5 1.8
      vertex 43.3393 -1.74538 1.8
    endloop
  endfacet
  facet normal -0 0 1
    outer loop
      vertex 42.8419 -2.03253 1.8
      vertex 47 -15.5 1.8
      vertex 43.1 -1.90526 1.8
    endloop
  endfacet
  facet normal 0 0 1
    outer loop
      vertex 47 15.5 1.8
      vertex 44.1812 0.287157 1.8
      vertex 44.2 0 1.8
    endloop
  endfacet
  facet normal 0 0 1
    outer loop
      vertex 47 15.5 1.8
      vertex 44.125 0.569402 1.8
      vertex 44.1812 0.287157 1.8
    endloop
  endfacet
  facet normal 0 0 1
    outer loop
      vertex 43 19.5 1.8
      vertex 44.5307 19.1955 1.8
      vertex 44.0353 19.3637 1.8
    endloop
  endfacet
  facet normal 0 0 1
    outer loop
      vertex 47 15.5 1.8
      vertex 44.0325 0.841903 1.8
      vertex 44.125 0.569402 1.8
    endloop
  endfacet
  facet normal 0 0 1
    outer loop
      vertex 47 15.5 1.8
      vertex 43.9053 1.1 1.8
      vertex 44.0325 0.841903 1.8
    endloop
  endfacet
  facet normal 0 0 1
    outer loop
      vertex 47 15.5 1.8
      vertex 43.7454 1.33927 1.8
      vertex 43.9053 1.1 1.8
    endloop
  endfacet
  facet normal 0 0 1
    outer loop
      vertex 47 15.5 1.8
      vertex 43.5556 1.55563 1.8
      vertex 43.7454 1.33927 1.8
    endloop
  endfacet
  facet normal 0 0 1
    outer loop
      vertex 43 19.5 1.8
      vertex 44.0353 19.3637 1.8
      vertex 43.5221 19.4658 1.8
    endloop
  endfacet
  facet normal 0 0 1
    outer loop
      vertex 47 15.5 1.8
      vertex 43.3393 1.74538 1.8
      vertex 43.5556 1.55563 1.8
    endloop
  endfacet
  facet normal 0 0 1
    outer loop
      vertex 47 15.5 1.8
      vertex 43.1 1.90526 1.8
      vertex 43.3393 1.74538 1.8
    endloop
  endfacet
  facet normal 0 0 1
    outer loop
      vertex 47 15.5 1.8
      vertex 43 19.5 1.8
      vertex 41.4306 2.12504 1.8
    endloop
  endfacet
  facet normal 0 0 1
    outer loop
      vertex 47 15.5 1.8
      vertex 42.8419 2.03253 1.8
      vertex 43.1 1.90526 1.8
    endloop
  endfacet
  facet normal 0 0 1
    outer loop
      vertex 47 15.5 1.8
      vertex 42.5694 2.12504 1.8
      vertex 42.8419 2.03253 1.8
    endloop
  endfacet
  facet normal 0 0 1
    outer loop
      vertex 47 15.5 1.8
      vertex 42.2872 2.18118 1.8
      vertex 42.5694 2.12504 1.8
    endloop
  endfacet
  facet normal 0 0 1
    outer loop
      vertex 47 15.5 1.8
      vertex 42 2.2 1.8
      vertex 42.2872 2.18118 1.8
    endloop
  endfacet
  facet normal 0 0 1
    outer loop
      vertex 47 15.5 1.8
      vertex 41.7128 2.18118 1.8
      vertex 42 2.2 1.8
    endloop
  endfacet
  facet normal 0 0 1
    outer loop
      vertex 47 15.5 1.8
      vertex 41.4306 2.12504 1.8
      vertex 41.7128 2.18118 1.8
    endloop
  endfacet
  facet normal 0 0 1
    outer loop
      vertex 43 19.5 1.8
      vertex 41.1581 2.03253 1.8
      vertex 41.4306 2.12504 1.8
    endloop
  endfacet
  facet normal 0 0 1
    outer loop
      vertex 43 19.5 1.8
      vertex 40.9 1.90526 1.8
      vertex 41.1581 2.03253 1.8
    endloop
  endfacet
  facet normal 0 0 1
    outer loop
      vertex 43 19.5 1.8
      vertex 40.6607 1.74538 1.8
      vertex 40.9 1.90526 1.8
    endloop
  endfacet
  facet normal 0 0 1
    outer loop
      vertex 43 19.5 1.8
      vertex 40.4444 1.55563 1.8
      vertex 40.6607 1.74538 1.8
    endloop
  endfacet
  facet normal -0 0 1
    outer loop
      vertex 15.25 14 1.8
      vertex 40.4444 1.55563 1.8
      vertex 43 19.5 1.8
    endloop
  endfacet
  facet normal 0 0 1
    outer loop
      vertex 40.4444 1.55563 1.8
      vertex 15.25 14 1.8
      vertex 40.2546 1.33927 1.8
    endloop
  endfacet
  facet normal 0 0 1
    outer loop
      vertex 40.2546 1.33927 1.8
      vertex 15.25 14 1.8
      vertex 40.0947 1.1 1.8
    endloop
  endfacet
  facet normal -0 0 1
    outer loop
      vertex 15.25 2 1.8
      vertex 40.0947 1.1 1.8
      vertex 15.25 14 1.8
    endloop
  endfacet
  facet normal 0 0 1
    outer loop
      vertex 40.0947 1.1 1.8
      vertex 15.25 2 1.8
      vertex 39.9675 0.841903 1.8
    endloop
  endfacet
  facet normal 0 0 1
    outer loop
      vertex 39.875 0.569402 1.8
      vertex 15.25 2 1.8
      vertex 39.8188 0.287157 1.8
    endloop
  endfacet
  facet normal 0 0 1
    outer loop
      vertex 39.9675 0.841903 1.8
      vertex 15.25 2 1.8
      vertex 39.875 0.569402 1.8
    endloop
  endfacet
  facet normal 0 0 1
    outer loop
      vertex 43 19.5 1.8
      vertex 12.75 14 1.8
      vertex 15.25 14 1.8
    endloop
  endfacet
  facet normal 0 0 1
    outer loop
      vertex 12.75 14 1.8
      vertex 8.25 14 1.8
      vertex 12.75 2 1.8
    endloop
  endfacet
  facet normal 0 0 1
    outer loop
      vertex 43 19.5 1.8
      vertex 8.25 14 1.8
      vertex 12.75 14 1.8
    endloop
  endfacet
  facet normal 0 0 1
    outer loop
      vertex 43 19.5 1.8
      vertex 5.75 14 1.8
      vertex 8.25 14 1.8
    endloop
  endfacet
  facet normal 0 0 1
    outer loop
      vertex 5.75 14 1.8
      vertex 1.25 14 1.8
      vertex 5.75 2 1.8
    endloop
  endfacet
  facet normal 0 0 1
    outer loop
      vertex 43 19.5 1.8
      vertex 1.25 14 1.8
      vertex 5.75 14 1.8
    endloop
  endfacet
  facet normal 0 0 1
    outer loop
      vertex 43 19.5 1.8
      vertex -1.25 14 1.8
      vertex 1.25 14 1.8
    endloop
  endfacet
  facet normal 0 0 1
    outer loop
      vertex -1.25 14 1.8
      vertex -5.75 14 1.8
      vertex -1.25 2 1.8
    endloop
  endfacet
  facet normal -0 0 1
    outer loop
      vertex -43 19.5 1.8
      vertex -1.25 14 1.8
      vertex 43 19.5 1.8
    endloop
  endfacet
  facet normal 0 0 1
    outer loop
      vertex -1.25 14 1.8
      vertex -43 19.5 1.8
      vertex -5.75 14 1.8
    endloop
  endfacet
  facet normal 0 0 1
    outer loop
      vertex -8.25 14 1.8
      vertex -12.75 14 1.8
      vertex -8.25 2 1.8
    endloop
  endfacet
  facet normal 0 0 1
    outer loop
      vertex -5.75 14 1.8
      vertex -43 19.5 1.8
      vertex -8.25 14 1.8
    endloop
  endfacet
  facet normal 0 0 1
    outer loop
      vertex -8.25 14 1.8
      vertex -43 19.5 1.8
      vertex -12.75 14 1.8
    endloop
  endfacet
  facet normal 0 0 1
    outer loop
      vertex -15.25 14 1.8
      vertex -43 19.5 1.8
      vertex -15.25 2 1.8
    endloop
  endfacet
  facet normal 0 0 1
    outer loop
      vertex -12.75 14 1.8
      vertex -43 19.5 1.8
      vertex -15.25 14 1.8
    endloop
  endfacet
  facet normal -0 0 1
    outer loop
      vertex 42.5694 -2.12504 1.8
      vertex 47 -15.5 1.8
      vertex 42.8419 -2.03253 1.8
    endloop
  endfacet
  facet normal -0 0 1
    outer loop
      vertex 42.2872 -2.18118 1.8
      vertex 47 -15.5 1.8
      vertex 42.5694 -2.12504 1.8
    endloop
  endfacet
  facet normal -0 0 1
    outer loop
      vertex 42 -2.2 1.8
      vertex 47 -15.5 1.8
      vertex 42.2872 -2.18118 1.8
    endloop
  endfacet
  facet normal 0 0 1
    outer loop
      vertex 41.7128 -2.18118 1.8
      vertex 47 -15.5 1.8
      vertex 42 -2.2 1.8
    endloop
  endfacet
  facet normal 0 0 1
    outer loop
      vertex 41.4306 -2.12504 1.8
      vertex 47 -15.5 1.8
      vertex 41.7128 -2.18118 1.8
    endloop
  endfacet
  facet normal 0 -0 1
    outer loop
      vertex 43 -19.5 1.8
      vertex 47 -15.5 1.8
      vertex 41.4306 -2.12504 1.8
    endloop
  endfacet
  facet normal 0 0 1
    outer loop
      vertex 47 -15.5 1.8
      vertex 43 -19.5 1.8
      vertex 46.9658 -16.0221 1.8
    endloop
  endfacet
  facet normal 0 0 1
    outer loop
      vertex 46.8637 -16.5353 1.8
      vertex 43 -19.5 1.8
      vertex 46.6955 -17.0307 1.8
    endloop
  endfacet
  facet normal 0 0 1
    outer loop
      vertex 46.6955 -17.0307 1.8
      vertex 43 -19.5 1.8
      vertex 46.4641 -17.5 1.8
    endloop
  endfacet
  facet normal 0 0 1
    outer loop
      vertex 46.4641 -17.5 1.8
      vertex 43 -19.5 1.8
      vertex 46.1734 -17.935 1.8
    endloop
  endfacet
  facet normal 0 0 1
    outer loop
      vertex 45.8284 -18.3284 1.8
      vertex 43 -19.5 1.8
      vertex 45.435 -18.6734 1.8
    endloop
  endfacet
  facet normal 0 0 1
    outer loop
      vertex 45.435 -18.6734 1.8
      vertex 43 -19.5 1.8
      vertex 45 -18.9641 1.8
    endloop
  endfacet
  facet normal 0 0 1
    outer loop
      vertex 45 -18.9641 1.8
      vertex 43 -19.5 1.8
      vertex 44.5307 -19.1955 1.8
    endloop
  endfacet
  facet normal 0 0 1
    outer loop
      vertex 44.0353 -19.3637 1.8
      vertex 43 -19.5 1.8
      vertex 43.5221 -19.4658 1.8
    endloop
  endfacet
  facet normal 0 0 1
    outer loop
      vertex 44.5307 -19.1955 1.8
      vertex 43 -19.5 1.8
      vertex 44.0353 -19.3637 1.8
    endloop
  endfacet
  facet normal 0 0 1
    outer loop
      vertex 46.1734 -17.935 1.8
      vertex 43 -19.5 1.8
      vertex 45.8284 -18.3284 1.8
    endloop
  endfacet
  facet normal 0 0 1
    outer loop
      vertex 46.9658 -16.0221 1.8
      vertex 43 -19.5 1.8
      vertex 46.8637 -16.5353 1.8
    endloop
  endfacet
  facet normal 0 0 1
    outer loop
      vertex 41.1581 -2.03253 1.8
      vertex 43 -19.5 1.8
      vertex 41.4306 -2.12504 1.8
    endloop
  endfacet
  facet normal 0 0 1
    outer loop
      vertex 40.9 -1.90526 1.8
      vertex 43 -19.5 1.8
      vertex 41.1581 -2.03253 1.8
    endloop
  endfacet
  facet normal 0 0 1
    outer loop
      vertex 40.6607 -1.74538 1.8
      vertex 43 -19.5 1.8
      vertex 40.9 -1.90526 1.8
    endloop
  endfacet
  facet normal 0 0 1
    outer loop
      vertex 40.4444 -1.55563 1.8
      vertex 43 -19.5 1.8
      vertex 40.6607 -1.74538 1.8
    endloop
  endfacet
  facet normal 0 0 1
    outer loop
      vertex 40.2546 -1.33927 1.8
      vertex 43 -19.5 1.8
      vertex 40.4444 -1.55563 1.8
    endloop
  endfacet
  facet normal 0 0 1
    outer loop
      vertex 15.25 2 1.8
      vertex 40.2546 -1.33927 1.8
      vertex 40.0947 -1.1 1.8
    endloop
  endfacet
  facet normal 0 0 1
    outer loop
      vertex 15.25 2 1.8
      vertex 40.0947 -1.1 1.8
      vertex 39.9675 -0.841903 1.8
    endloop
  endfacet
  facet normal 0 0 1
    outer loop
      vertex 15.25 2 1.8
      vertex 39.9675 -0.841903 1.8
      vertex 39.875 -0.569402 1.8
    endloop
  endfacet
  facet normal 0 0 1
    outer loop
      vertex 15.25 2 1.8
      vertex 39.875 -0.569402 1.8
      vertex 39.8188 -0.287157 1.8
    endloop
  endfacet
  facet normal 0 0 1
    outer loop
      vertex 39.8188 0.287157 1.8
      vertex 15.25 2 1.8
      vertex 39.8 0 1.8
    endloop
  endfacet
  facet normal 0 0 1
    outer loop
      vertex 39.8 0 1.8
      vertex 15.25 2 1.8
      vertex 39.8188 -0.287157 1.8
    endloop
  endfacet
  facet normal 0 0 1
    outer loop
      vertex 40.2546 -1.33927 1.8
      vertex 15.25 2 1.8
      vertex 43 -19.5 1.8
    endloop
  endfacet
  facet normal -0 0 1
    outer loop
      vertex 12.75 2 1.8
      vertex 43 -19.5 1.8
      vertex 15.25 2 1.8
    endloop
  endfacet
  facet normal 0 0 1
    outer loop
      vertex 8.25 2 1.8
      vertex 12.75 2 1.8
      vertex 8.25 14 1.8
    endloop
  endfacet
  facet normal -0 0 1
    outer loop
      vertex 8.25 2 1.8
      vertex 43 -19.5 1.8
      vertex 12.75 2 1.8
    endloop
  endfacet
  facet normal -0 0 1
    outer loop
      vertex 5.75 2 1.8
      vertex 43 -19.5 1.8
      vertex 8.25 2 1.8
    endloop
  endfacet
  facet normal 0 0 1
    outer loop
      vertex 1.25 2 1.8
      vertex 5.75 2 1.8
      vertex 1.25 14 1.8
    endloop
  endfacet
  facet normal -0 0 1
    outer loop
      vertex 1.25 2 1.8
      vertex 43 -19.5 1.8
      vertex 5.75 2 1.8
    endloop
  endfacet
  facet normal -0 0 1
    outer loop
      vertex -1.25 2 1.8
      vertex 43 -19.5 1.8
      vertex 1.25 2 1.8
    endloop
  endfacet
  facet normal 0 0 1
    outer loop
      vertex -5.75 2 1.8
      vertex -1.25 2 1.8
      vertex -5.75 14 1.8
    endloop
  endfacet
  facet normal 0 0 1
    outer loop
      vertex -43 -19.5 1.8
      vertex -1.25 2 1.8
      vertex -5.75 2 1.8
    endloop
  endfacet
  facet normal 0 0 1
    outer loop
      vertex -43 -19.5 1.8
      vertex -5.75 2 1.8
      vertex -8.25 2 1.8
    endloop
  endfacet
  facet normal 0 0 1
    outer loop
      vertex -12.75 2 1.8
      vertex -8.25 2 1.8
      vertex -12.75 14 1.8
    endloop
  endfacet
  facet normal 0 0 1
    outer loop
      vertex -43 -19.5 1.8
      vertex -8.25 2 1.8
      vertex -12.75 2 1.8
    endloop
  endfacet
  facet normal 0 0 1
    outer loop
      vertex -43 -19.5 1.8
      vertex -12.75 2 1.8
      vertex -15.25 2 1.8
    endloop
  endfacet
  facet normal 0 0 1
    outer loop
      vertex -1.25 2 1.8
      vertex -43 -19.5 1.8
      vertex 43 -19.5 1.8
    endloop
  endfacet
  facet normal -0 0 1
    outer loop
      vertex -47 15.5 1.8
      vertex -15.25 2 1.8
      vertex -43 19.5 1.8
    endloop
  endfacet
  facet normal 0 0 1
    outer loop
      vertex -47 15.5 1.8
      vertex -43 19.5 1.8
      vertex -43.5221 19.4658 1.8
    endloop
  endfacet
  facet normal 0 0 1
    outer loop
      vertex -47 -15.5 1.8
      vertex -15.25 2 1.8
      vertex -47 15.5 1.8
    endloop
  endfacet
  facet normal 0 0 1
    outer loop
      vertex -47 15.5 1.8
      vertex -43.5221 19.4658 1.8
      vertex -44.0353 19.3637 1.8
    endloop
  endfacet
  facet normal 0 0 1
    outer loop
      vertex -15.25 2 1.8
      vertex -47 -15.5 1.8
      vertex -43 -19.5 1.8
    endloop
  endfacet
  facet normal 0 0 1
    outer loop
      vertex -47 15.5 1.8
      vertex -44.0353 19.3637 1.8
      vertex -44.5307 19.1955 1.8
    endloop
  endfacet
  facet normal 0 0 1
    outer loop
      vertex -43 -19.5 1.8
      vertex -47 -15.5 1.8
      vertex -43.5221 -19.4658 1.8
    endloop
  endfacet
  facet normal 0 0 1
    outer loop
      vertex -47 15.5 1.8
      vertex -44.5307 19.1955 1.8
      vertex -45 18.9641 1.8
    endloop
  endfacet
  facet normal 0 0 1
    outer loop
      vertex -43.5221 -19.4658 1.8
      vertex -47 -15.5 1.8
      vertex -44.0353 -19.3637 1.8
    endloop
  endfacet
  facet normal 0 0 1
    outer loop
      vertex -47 15.5 1.8
      vertex -45 18.9641 1.8
      vertex -45.435 18.6734 1.8
    endloop
  endfacet
  facet normal 0 0 1
    outer loop
      vertex -44.0353 -19.3637 1.8
      vertex -47 -15.5 1.8
      vertex -44.5307 -19.1955 1.8
    endloop
  endfacet
  facet normal 0 0 1
    outer loop
      vertex -47 15.5 1.8
      vertex -45.435 18.6734 1.8
      vertex -45.8284 18.3284 1.8
    endloop
  endfacet
  facet normal 0 0 1
    outer loop
      vertex -44.5307 -19.1955 1.8
      vertex -47 -15.5 1.8
      vertex -45 -18.9641 1.8
    endloop
  endfacet
  facet normal 0 0 1
    outer loop
      vertex -47 15.5 1.8
      vertex -45.8284 18.3284 1.8
      vertex -46.1734 17.935 1.8
    endloop
  endfacet
  facet normal 0 0 1
    outer loop
      vertex -45 -18.9641 1.8
      vertex -47 -15.5 1.8
      vertex -45.435 -18.6734 1.8
    endloop
  endfacet
  facet normal 0 0 1
    outer loop
      vertex -47 15.5 1.8
      vertex -46.1734 17.935 1.8
      vertex -46.4641 17.5 1.8
    endloop
  endfacet
  facet normal 0 0 1
    outer loop
      vertex -45.435 -18.6734 1.8
      vertex -47 -15.5 1.8
      vertex -45.8284 -18.3284 1.8
    endloop
  endfacet
  facet normal 0 0 1
    outer loop
      vertex -47 15.5 1.8
      vertex -46.4641 17.5 1.8
      vertex -46.6955 17.0307 1.8
    endloop
  endfacet
  facet normal 0 0 1
    outer loop
      vertex -45.8284 -18.3284 1.8
      vertex -47 -15.5 1.8
      vertex -46.1734 -17.935 1.8
    endloop
  endfacet
  facet normal 0 0 1
    outer loop
      vertex -47 15.5 1.8
      vertex -46.6955 17.0307 1.8
      vertex -46.8637 16.5353 1.8
    endloop
  endfacet
  facet normal 0 0 1
    outer loop
      vertex -46.1734 -17.935 1.8
      vertex -47 -15.5 1.8
      vertex -46.4641 -17.5 1.8
    endloop
  endfacet
  facet normal 0 0 1
    outer loop
      vertex -47 15.5 1.8
      vertex -46.8637 16.5353 1.8
      vertex -46.9658 16.0221 1.8
    endloop
  endfacet
  facet normal 0 0 1
    outer loop
      vertex -46.4641 -17.5 1.8
      vertex -47 -15.5 1.8
      vertex -46.6955 -17.0307 1.8
    endloop
  endfacet
  facet normal 0 0 1
    outer loop
      vertex -46.6955 -17.0307 1.8
      vertex -47 -15.5 1.8
      vertex -46.8637 -16.5353 1.8
    endloop
  endfacet
  facet normal 0 0 1
    outer loop
      vertex -46.8637 -16.5353 1.8
      vertex -47 -15.5 1.8
      vertex -46.9658 -16.0221 1.8
    endloop
  endfacet
  facet normal 0.555626 -0.831432 0
    outer loop
      vertex 45 -18.9641 0
      vertex 45.435 -18.6734 1.8
      vertex 45 -18.9641 1.8
    endloop
  endfacet
  facet normal 0.555626 -0.831432 0
    outer loop
      vertex 45.435 -18.6734 1.8
      vertex 45 -18.9641 0
      vertex 45.435 -18.6734 0
    endloop
  endfacet
  facet normal -0.980797 -0.195031 0
    outer loop
      vertex 43.1154 0.146841 0
      vertex 43.0867 0.291171 1.1
      vertex 43.0867 0.291171 0
    endloop
  endfacet
  facet normal -0.980797 -0.195031 0
    outer loop
      vertex 43.0867 0.291171 1.1
      vertex 43.1154 0.146841 0
      vertex 43.1154 0.146841 1.1
    endloop
  endfacet
  facet normal -0.99787 -0.0652376 0
    outer loop
      vertex 43.125 0 0
      vertex 43.1154 0.146841 1.1
      vertex 43.1154 0.146841 0
    endloop
  endfacet
  facet normal -0.99787 -0.0652376 0
    outer loop
      vertex 43.1154 0.146841 1.1
      vertex 43.125 0 0
      vertex 43.125 0 1.1
    endloop
  endfacet
  facet normal 0.980797 0.195031 0
    outer loop
      vertex 40.9133 -0.291171 1.1
      vertex 40.8846 -0.146841 0
      vertex 40.8846 -0.146841 1.1
    endloop
  endfacet
  facet normal 0.980797 0.195031 0
    outer loop
      vertex 40.8846 -0.146841 0
      vertex 40.9133 -0.291171 1.1
      vertex 40.9133 -0.291171 0
    endloop
  endfacet
  facet normal -0.442217 -0.896908 0
    outer loop
      vertex 42.4305 1.03936 0
      vertex 42.5625 0.974278 1.1
      vertex 42.4305 1.03936 1.1
    endloop
  endfacet
  facet normal -0.442217 -0.896908 -0
    outer loop
      vertex 42.5625 0.974278 1.1
      vertex 42.4305 1.03936 0
      vertex 42.5625 0.974278 0
    endloop
  endfacet
  facet normal 0.946934 0.321428 0
    outer loop
      vertex 40.9606 -0.430518 1.1
      vertex 40.9133 -0.291171 0
      vertex 40.9133 -0.291171 1.1
    endloop
  endfacet
  facet normal 0.946934 0.321428 0
    outer loop
      vertex 40.9133 -0.291171 0
      vertex 40.9606 -0.430518 1.1
      vertex 40.9606 -0.430518 0
    endloop
  endfacet
  facet normal 0.896836 0.442363 0
    outer loop
      vertex 41.0257 -0.5625 1.1
      vertex 40.9606 -0.430518 0
      vertex 40.9606 -0.430518 1.1
    endloop
  endfacet
  facet normal 0.896836 0.442363 0
    outer loop
      vertex 40.9606 -0.430518 0
      vertex 41.0257 -0.5625 1.1
      vertex 41.0257 -0.5625 0
    endloop
  endfacet
  facet normal -0.321586 -0.94688 0
    outer loop
      vertex 42.2912 1.08667 0
      vertex 42.4305 1.03936 1.1
      vertex 42.2912 1.08667 1.1
    endloop
  endfacet
  facet normal -0.321586 -0.94688 -0
    outer loop
      vertex 42.4305 1.03936 1.1
      vertex 42.2912 1.08667 0
      vertex 42.4305 1.03936 0
    endloop
  endfacet
  facet normal -0.946934 0.321428 0
    outer loop
      vertex 43.0394 -0.430518 0
      vertex 43.0867 -0.291171 1.1
      vertex 43.0867 -0.291171 0
    endloop
  endfacet
  facet normal -0.946934 0.321428 0
    outer loop
      vertex 43.0867 -0.291171 1.1
      vertex 43.0394 -0.430518 0
      vertex 43.0394 -0.430518 1.1
    endloop
  endfacet
  facet normal -0.99787 0.0652376 0
    outer loop
      vertex 43.1154 -0.146841 0
      vertex 43.125 0 1.1
      vertex 43.125 0 0
    endloop
  endfacet
  facet normal -0.99787 0.0652376 0
    outer loop
      vertex 43.125 0 1.1
      vertex 43.1154 -0.146841 0
      vertex 43.1154 -0.146841 1.1
    endloop
  endfacet
  facet normal -0.896836 -0.442363 0
    outer loop
      vertex 43.0394 0.430518 0
      vertex 42.9743 0.5625 1.1
      vertex 42.9743 0.5625 0
    endloop
  endfacet
  facet normal -0.896836 -0.442363 0
    outer loop
      vertex 42.9743 0.5625 1.1
      vertex 43.0394 0.430518 0
      vertex 43.0394 0.430518 1.1
    endloop
  endfacet
  facet normal -0.659474 -0.751727 0
    outer loop
      vertex 42.6849 0.892522 0
      vertex 42.7955 0.795495 1.1
      vertex 42.6849 0.892522 1.1
    endloop
  endfacet
  facet normal -0.659474 -0.751727 -0
    outer loop
      vertex 42.7955 0.795495 1.1
      vertex 42.6849 0.892522 0
      vertex 42.7955 0.795495 0
    endloop
  endfacet
  facet normal 0.0654588 -0.997855 0
    outer loop
      vertex 41.8532 1.11537 0
      vertex 42 1.125 1.1
      vertex 41.8532 1.11537 1.1
    endloop
  endfacet
  facet normal 0.0654588 -0.997855 0
    outer loop
      vertex 42 1.125 1.1
      vertex 41.8532 1.11537 0
      vertex 42 1.125 0
    endloop
  endfacet
  facet normal -0.83133 0.555778 0
    outer loop
      vertex 42.8925 -0.684856 0
      vertex 42.9743 -0.5625 1.1
      vertex 42.9743 -0.5625 0
    endloop
  endfacet
  facet normal -0.83133 0.555778 0
    outer loop
      vertex 42.9743 -0.5625 1.1
      vertex 42.8925 -0.684856 0
      vertex 42.8925 -0.684856 1.1
    endloop
  endfacet
  facet normal -0.19494 -0.980815 0
    outer loop
      vertex 42.1468 1.11537 0
      vertex 42.2912 1.08667 1.1
      vertex 42.1468 1.11537 1.1
    endloop
  endfacet
  facet normal -0.19494 -0.980815 -0
    outer loop
      vertex 42.2912 1.08667 1.1
      vertex 42.1468 1.11537 0
      vertex 42.2912 1.08667 0
    endloop
  endfacet
  facet normal 0.980797 -0.195031 0
    outer loop
      vertex 40.8846 0.146841 1.1
      vertex 40.9133 0.291171 0
      vertex 40.9133 0.291171 1.1
    endloop
  endfacet
  facet normal 0.980797 -0.195031 0
    outer loop
      vertex 40.9133 0.291171 0
      vertex 40.8846 0.146841 1.1
      vertex 40.8846 0.146841 0
    endloop
  endfacet
  facet normal -0.896836 0.442363 0
    outer loop
      vertex 42.9743 -0.5625 0
      vertex 43.0394 -0.430518 1.1
      vertex 43.0394 -0.430518 0
    endloop
  endfacet
  facet normal -0.896836 0.442363 0
    outer loop
      vertex 43.0394 -0.430518 1.1
      vertex 42.9743 -0.5625 0
      vertex 42.9743 -0.5625 1.1
    endloop
  endfacet
  facet normal -0.442217 0.896908 0
    outer loop
      vertex 42.5625 -0.974278 0
      vertex 42.4305 -1.03936 1.1
      vertex 42.5625 -0.974278 1.1
    endloop
  endfacet
  facet normal -0.442217 0.896908 0
    outer loop
      vertex 42.4305 -1.03936 1.1
      vertex 42.5625 -0.974278 0
      vertex 42.4305 -1.03936 0
    endloop
  endfacet
  facet normal -0.0654588 -0.997855 0
    outer loop
      vertex 42 1.125 0
      vertex 42.1468 1.11537 1.1
      vertex 42 1.125 1.1
    endloop
  endfacet
  facet normal -0.0654588 -0.997855 -0
    outer loop
      vertex 42.1468 1.11537 1.1
      vertex 42 1.125 0
      vertex 42.1468 1.11537 0
    endloop
  endfacet
  facet normal 0.99787 -0.0652376 0
    outer loop
      vertex 40.875 0 1.1
      vertex 40.8846 0.146841 0
      vertex 40.8846 0.146841 1.1
    endloop
  endfacet
  facet normal 0.99787 -0.0652376 0
    outer loop
      vertex 40.8846 0.146841 0
      vertex 40.875 0 1.1
      vertex 40.875 0 0
    endloop
  endfacet
  facet normal 0.442217 0.896908 -0
    outer loop
      vertex 41.5695 -1.03936 0
      vertex 41.4375 -0.974278 1.1
      vertex 41.5695 -1.03936 1.1
    endloop
  endfacet
  facet normal 0.442217 0.896908 0
    outer loop
      vertex 41.4375 -0.974278 1.1
      vertex 41.5695 -1.03936 0
      vertex 41.4375 -0.974278 0
    endloop
  endfacet
  facet normal -0.321586 0.94688 0
    outer loop
      vertex 42.4305 -1.03936 0
      vertex 42.2912 -1.08667 1.1
      vertex 42.4305 -1.03936 1.1
    endloop
  endfacet
  facet normal -0.321586 0.94688 0
    outer loop
      vertex 42.2912 -1.08667 1.1
      vertex 42.4305 -1.03936 0
      vertex 42.2912 -1.08667 0
    endloop
  endfacet
  facet normal 0.751933 0.659239 0
    outer loop
      vertex 41.2045 -0.795495 1.1
      vertex 41.1075 -0.684856 0
      vertex 41.1075 -0.684856 1.1
    endloop
  endfacet
  facet normal 0.751933 0.659239 0
    outer loop
      vertex 41.1075 -0.684856 0
      vertex 41.2045 -0.795495 1.1
      vertex 41.2045 -0.795495 0
    endloop
  endfacet
  facet normal -0.555434 0.831561 0
    outer loop
      vertex 42.6849 -0.892522 0
      vertex 42.5625 -0.974278 1.1
      vertex 42.6849 -0.892522 1.1
    endloop
  endfacet
  facet normal -0.555434 0.831561 0
    outer loop
      vertex 42.5625 -0.974278 1.1
      vertex 42.6849 -0.892522 0
      vertex 42.5625 -0.974278 0
    endloop
  endfacet
  facet normal 0.751933 -0.659239 0
    outer loop
      vertex 41.1075 0.684856 1.1
      vertex 41.2045 0.795495 0
      vertex 41.2045 0.795495 1.1
    endloop
  endfacet
  facet normal 0.751933 -0.659239 0
    outer loop
      vertex 41.2045 0.795495 0
      vertex 41.1075 0.684856 1.1
      vertex 41.1075 0.684856 0
    endloop
  endfacet
  facet normal 0.555434 0.831561 -0
    outer loop
      vertex 41.4375 -0.974278 0
      vertex 41.3151 -0.892522 1.1
      vertex 41.4375 -0.974278 1.1
    endloop
  endfacet
  facet normal 0.555434 0.831561 0
    outer loop
      vertex 41.3151 -0.892522 1.1
      vertex 41.4375 -0.974278 0
      vertex 41.3151 -0.892522 0
    endloop
  endfacet
  facet normal -0.751933 0.659239 0
    outer loop
      vertex 42.7955 -0.795495 0
      vertex 42.8925 -0.684856 1.1
      vertex 42.8925 -0.684856 0
    endloop
  endfacet
  facet normal -0.751933 0.659239 0
    outer loop
      vertex 42.8925 -0.684856 1.1
      vertex 42.7955 -0.795495 0
      vertex 42.7955 -0.795495 1.1
    endloop
  endfacet
  facet normal -0.83133 -0.555778 0
    outer loop
      vertex 42.9743 0.5625 0
      vertex 42.8925 0.684856 1.1
      vertex 42.8925 0.684856 0
    endloop
  endfacet
  facet normal -0.83133 -0.555778 0
    outer loop
      vertex 42.8925 0.684856 1.1
      vertex 42.9743 0.5625 0
      vertex 42.9743 0.5625 1.1
    endloop
  endfacet
  facet normal 0.555434 -0.831561 0
    outer loop
      vertex 41.3151 0.892522 0
      vertex 41.4375 0.974278 1.1
      vertex 41.3151 0.892522 1.1
    endloop
  endfacet
  facet normal 0.555434 -0.831561 0
    outer loop
      vertex 41.4375 0.974278 1.1
      vertex 41.3151 0.892522 0
      vertex 41.4375 0.974278 0
    endloop
  endfacet
  facet normal -0.19494 0.980815 0
    outer loop
      vertex 42.2912 -1.08667 0
      vertex 42.1468 -1.11537 1.1
      vertex 42.2912 -1.08667 1.1
    endloop
  endfacet
  facet normal -0.19494 0.980815 0
    outer loop
      vertex 42.1468 -1.11537 1.1
      vertex 42.2912 -1.08667 0
      vertex 42.1468 -1.11537 0
    endloop
  endfacet
  facet normal -0.555434 -0.831561 0
    outer loop
      vertex 42.5625 0.974278 0
      vertex 42.6849 0.892522 1.1
      vertex 42.5625 0.974278 1.1
    endloop
  endfacet
  facet normal -0.555434 -0.831561 -0
    outer loop
      vertex 42.6849 0.892522 1.1
      vertex 42.5625 0.974278 0
      vertex 42.6849 0.892522 0
    endloop
  endfacet
  facet normal -0.980797 0.195031 0
    outer loop
      vertex 43.0867 -0.291171 0
      vertex 43.1154 -0.146841 1.1
      vertex 43.1154 -0.146841 0
    endloop
  endfacet
  facet normal -0.980797 0.195031 0
    outer loop
      vertex 43.1154 -0.146841 1.1
      vertex 43.0867 -0.291171 0
      vertex 43.0867 -0.291171 1.1
    endloop
  endfacet
  facet normal 0.83133 0.555778 0
    outer loop
      vertex 41.1075 -0.684856 1.1
      vertex 41.0257 -0.5625 0
      vertex 41.0257 -0.5625 1.1
    endloop
  endfacet
  facet normal 0.83133 0.555778 0
    outer loop
      vertex 41.0257 -0.5625 0
      vertex 41.1075 -0.684856 1.1
      vertex 41.1075 -0.684856 0
    endloop
  endfacet
  facet normal 0.946934 -0.321428 0
    outer loop
      vertex 40.9133 0.291171 1.1
      vertex 40.9606 0.430518 0
      vertex 40.9606 0.430518 1.1
    endloop
  endfacet
  facet normal 0.946934 -0.321428 0
    outer loop
      vertex 40.9606 0.430518 0
      vertex 40.9133 0.291171 1.1
      vertex 40.9133 0.291171 0
    endloop
  endfacet
  facet normal 0.19494 -0.980815 0
    outer loop
      vertex 41.7088 1.08667 0
      vertex 41.8532 1.11537 1.1
      vertex 41.7088 1.08667 1.1
    endloop
  endfacet
  facet normal 0.19494 -0.980815 0
    outer loop
      vertex 41.8532 1.11537 1.1
      vertex 41.7088 1.08667 0
      vertex 41.8532 1.11537 0
    endloop
  endfacet
  facet normal -0.0654588 0.997855 0
    outer loop
      vertex 42.1468 -1.11537 0
      vertex 42 -1.125 1.1
      vertex 42.1468 -1.11537 1.1
    endloop
  endfacet
  facet normal -0.0654588 0.997855 0
    outer loop
      vertex 42 -1.125 1.1
      vertex 42.1468 -1.11537 0
      vertex 42 -1.125 0
    endloop
  endfacet
  facet normal -0.659474 0.751727 0
    outer loop
      vertex 42.7955 -0.795495 0
      vertex 42.6849 -0.892522 1.1
      vertex 42.7955 -0.795495 1.1
    endloop
  endfacet
  facet normal -0.659474 0.751727 0
    outer loop
      vertex 42.6849 -0.892522 1.1
      vertex 42.7955 -0.795495 0
      vertex 42.6849 -0.892522 0
    endloop
  endfacet
  facet normal 0.19494 0.980815 -0
    outer loop
      vertex 41.8532 -1.11537 0
      vertex 41.7088 -1.08667 1.1
      vertex 41.8532 -1.11537 1.1
    endloop
  endfacet
  facet normal 0.19494 0.980815 0
    outer loop
      vertex 41.7088 -1.08667 1.1
      vertex 41.8532 -1.11537 0
      vertex 41.7088 -1.08667 0
    endloop
  endfacet
  facet normal 0.0654588 0.997855 -0
    outer loop
      vertex 42 -1.125 0
      vertex 41.8532 -1.11537 1.1
      vertex 42 -1.125 1.1
    endloop
  endfacet
  facet normal 0.0654588 0.997855 0
    outer loop
      vertex 41.8532 -1.11537 1.1
      vertex 42 -1.125 0
      vertex 41.8532 -1.11537 0
    endloop
  endfacet
  facet normal 0.659474 -0.751727 0
    outer loop
      vertex 41.2045 0.795495 0
      vertex 41.3151 0.892522 1.1
      vertex 41.2045 0.795495 1.1
    endloop
  endfacet
  facet normal 0.659474 -0.751727 0
    outer loop
      vertex 41.3151 0.892522 1.1
      vertex 41.2045 0.795495 0
      vertex 41.3151 0.892522 0
    endloop
  endfacet
  facet normal -0.751933 -0.659239 0
    outer loop
      vertex 42.8925 0.684856 0
      vertex 42.7955 0.795495 1.1
      vertex 42.7955 0.795495 0
    endloop
  endfacet
  facet normal -0.751933 -0.659239 0
    outer loop
      vertex 42.7955 0.795495 1.1
      vertex 42.8925 0.684856 0
      vertex 42.8925 0.684856 1.1
    endloop
  endfacet
  facet normal -0.946934 -0.321428 0
    outer loop
      vertex 43.0867 0.291171 0
      vertex 43.0394 0.430518 1.1
      vertex 43.0394 0.430518 0
    endloop
  endfacet
  facet normal -0.946934 -0.321428 0
    outer loop
      vertex 43.0394 0.430518 1.1
      vertex 43.0867 0.291171 0
      vertex 43.0867 0.291171 1.1
    endloop
  endfacet
  facet normal 0.321586 -0.94688 0
    outer loop
      vertex 41.5695 1.03936 0
      vertex 41.7088 1.08667 1.1
      vertex 41.5695 1.03936 1.1
    endloop
  endfacet
  facet normal 0.321586 -0.94688 0
    outer loop
      vertex 41.7088 1.08667 1.1
      vertex 41.5695 1.03936 0
      vertex 41.7088 1.08667 0
    endloop
  endfacet
  facet normal 0.442217 -0.896908 0
    outer loop
      vertex 41.4375 0.974278 0
      vertex 41.5695 1.03936 1.1
      vertex 41.4375 0.974278 1.1
    endloop
  endfacet
  facet normal 0.442217 -0.896908 0
    outer loop
      vertex 41.5695 1.03936 1.1
      vertex 41.4375 0.974278 0
      vertex 41.5695 1.03936 0
    endloop
  endfacet
  facet normal 0.99787 0.0652376 0
    outer loop
      vertex 40.8846 -0.146841 1.1
      vertex 40.875 0 0
      vertex 40.875 0 1.1
    endloop
  endfacet
  facet normal 0.99787 0.0652376 0
    outer loop
      vertex 40.875 0 0
      vertex 40.8846 -0.146841 1.1
      vertex 40.8846 -0.146841 0
    endloop
  endfacet
  facet normal 0.83133 -0.555778 0
    outer loop
      vertex 41.0257 0.5625 1.1
      vertex 41.1075 0.684856 0
      vertex 41.1075 0.684856 1.1
    endloop
  endfacet
  facet normal 0.83133 -0.555778 0
    outer loop
      vertex 41.1075 0.684856 0
      vertex 41.0257 0.5625 1.1
      vertex 41.0257 0.5625 0
    endloop
  endfacet
  facet normal 0.321586 0.94688 -0
    outer loop
      vertex 41.7088 -1.08667 0
      vertex 41.5695 -1.03936 1.1
      vertex 41.7088 -1.08667 1.1
    endloop
  endfacet
  facet normal 0.321586 0.94688 0
    outer loop
      vertex 41.5695 -1.03936 1.1
      vertex 41.7088 -1.08667 0
      vertex 41.5695 -1.03936 0
    endloop
  endfacet
  facet normal 0.896836 -0.442363 0
    outer loop
      vertex 40.9606 0.430518 1.1
      vertex 41.0257 0.5625 0
      vertex 41.0257 0.5625 1.1
    endloop
  endfacet
  facet normal 0.896836 -0.442363 0
    outer loop
      vertex 41.0257 0.5625 0
      vertex 40.9606 0.430518 1.1
      vertex 40.9606 0.430518 0
    endloop
  endfacet
  facet normal 0.659474 0.751727 -0
    outer loop
      vertex 41.3151 -0.892522 0
      vertex 41.2045 -0.795495 1.1
      vertex 41.3151 -0.892522 1.1
    endloop
  endfacet
  facet normal 0.659474 0.751727 0
    outer loop
      vertex 41.2045 -0.795495 1.1
      vertex 41.3151 -0.892522 0
      vertex 41.2045 -0.795495 0
    endloop
  endfacet
  facet normal -0.980747 -0.195284 0
    outer loop
      vertex 44.1812 0.287157 1.1
      vertex 44.125 0.569402 1.8
      vertex 44.125 0.569402 1.1
    endloop
  endfacet
  facet normal -0.980747 -0.195284 0
    outer loop
      vertex 44.125 0.569402 1.8
      vertex 44.1812 0.287157 1.1
      vertex 44.1812 0.287157 1.8
    endloop
  endfacet
  facet normal -0.997864 -0.0653296 0
    outer loop
      vertex 44.2 0 1.1
      vertex 44.1812 0.287157 1.8
      vertex 44.1812 0.287157 1.1
    endloop
  endfacet
  facet normal -0.997864 -0.0653296 0
    outer loop
      vertex 44.1812 0.287157 1.8
      vertex 44.2 0 1.1
      vertex 44.2 0 1.8
    endloop
  endfacet
  facet normal -0.946932 -0.321434 0
    outer loop
      vertex 44.125 0.569402 1.1
      vertex 44.0325 0.841903 1.8
      vertex 44.0325 0.841903 1.1
    endloop
  endfacet
  facet normal -0.946932 -0.321434 0
    outer loop
      vertex 44.0325 0.841903 1.8
      vertex 44.125 0.569402 1.1
      vertex 44.125 0.569402 1.8
    endloop
  endfacet
  facet normal -0.321467 -0.946921 0
    outer loop
      vertex 42.5694 2.12504 1.1
      vertex 42.8419 2.03253 1.8
      vertex 42.5694 2.12504 1.8
    endloop
  endfacet
  facet normal -0.321467 -0.946921 -0
    outer loop
      vertex 42.8419 2.03253 1.8
      vertex 42.5694 2.12504 1.1
      vertex 42.8419 2.03253 1.1
    endloop
  endfacet
  facet normal -0.195113 -0.980781 0
    outer loop
      vertex 42.2872 2.18118 1.1
      vertex 42.5694 2.12504 1.8
      vertex 42.2872 2.18118 1.8
    endloop
  endfacet
  facet normal -0.195113 -0.980781 -0
    outer loop
      vertex 42.5694 2.12504 1.8
      vertex 42.2872 2.18118 1.1
      vertex 42.5694 2.12504 1.1
    endloop
  endfacet
  facet normal -0.896982 -0.442067 0
    outer loop
      vertex 44.0325 0.841903 1.1
      vertex 43.9053 1.1 1.8
      vertex 43.9053 1.1 1.1
    endloop
  endfacet
  facet normal -0.896982 -0.442067 0
    outer loop
      vertex 43.9053 1.1 1.8
      vertex 44.0325 0.841903 1.1
      vertex 44.0325 0.841903 1.8
    endloop
  endfacet
  facet normal -0.195113 0.980781 0
    outer loop
      vertex 42.5694 -2.12504 1.1
      vertex 42.2872 -2.18118 1.8
      vertex 42.5694 -2.12504 1.8
    endloop
  endfacet
  facet normal -0.195113 0.980781 0
    outer loop
      vertex 42.2872 -2.18118 1.8
      vertex 42.5694 -2.12504 1.1
      vertex 42.2872 -2.18118 1.1
    endloop
  endfacet
  facet normal -0.065389 0.99786 0
    outer loop
      vertex 42.2872 -2.18118 1.1
      vertex 42 -2.2 1.8
      vertex 42.2872 -2.18118 1.8
    endloop
  endfacet
  facet normal -0.065389 0.99786 0
    outer loop
      vertex 42 -2.2 1.8
      vertex 42.2872 -2.18118 1.1
      vertex 42 -2.2 1.1
    endloop
  endfacet
  facet normal -0.659464 -0.751736 0
    outer loop
      vertex 43.3393 1.74538 1.1
      vertex 43.5556 1.55563 1.8
      vertex 43.3393 1.74538 1.8
    endloop
  endfacet
  facet normal -0.659464 -0.751736 -0
    outer loop
      vertex 43.5556 1.55563 1.8
      vertex 43.3393 1.74538 1.1
      vertex 43.5556 1.55563 1.1
    endloop
  endfacet
  facet normal -0.896982 0.442067 0
    outer loop
      vertex 43.9053 -1.1 1.1
      vertex 44.0325 -0.841903 1.8
      vertex 44.0325 -0.841903 1.1
    endloop
  endfacet
  facet normal -0.896982 0.442067 0
    outer loop
      vertex 44.0325 -0.841903 1.8
      vertex 43.9053 -1.1 1.1
      vertex 43.9053 -1.1 1.8
    endloop
  endfacet
  facet normal 0.195113 0.980781 -0
    outer loop
      vertex 41.7128 -2.18118 1.1
      vertex 41.4306 -2.12504 1.8
      vertex 41.7128 -2.18118 1.8
    endloop
  endfacet
  facet normal 0.195113 0.980781 0
    outer loop
      vertex 41.4306 -2.12504 1.8
      vertex 41.7128 -2.18118 1.1
      vertex 41.4306 -2.12504 1.1
    endloop
  endfacet
  facet normal 0.896982 -0.442067 0
    outer loop
      vertex 39.9675 0.841903 1.8
      vertex 40.0947 1.1 1.1
      vertex 40.0947 1.1 1.8
    endloop
  endfacet
  facet normal 0.896982 -0.442067 0
    outer loop
      vertex 40.0947 1.1 1.1
      vertex 39.9675 0.841903 1.8
      vertex 39.9675 0.841903 1.1
    endloop
  endfacet
  facet normal -0.659464 0.751736 0
    outer loop
      vertex 43.5556 -1.55563 1.1
      vertex 43.3393 -1.74538 1.8
      vertex 43.5556 -1.55563 1.8
    endloop
  endfacet
  facet normal -0.659464 0.751736 0
    outer loop
      vertex 43.3393 -1.74538 1.8
      vertex 43.5556 -1.55563 1.1
      vertex 43.3393 -1.74538 1.1
    endloop
  endfacet
  facet normal -0.751741 0.659458 0
    outer loop
      vertex 43.5556 -1.55563 1.1
      vertex 43.7454 -1.33927 1.8
      vertex 43.7454 -1.33927 1.1
    endloop
  endfacet
  facet normal -0.751741 0.659458 0
    outer loop
      vertex 43.7454 -1.33927 1.8
      vertex 43.5556 -1.55563 1.1
      vertex 43.5556 -1.55563 1.8
    endloop
  endfacet
  facet normal -0.321467 0.946921 0
    outer loop
      vertex 42.8419 -2.03253 1.1
      vertex 42.5694 -2.12504 1.8
      vertex 42.8419 -2.03253 1.8
    endloop
  endfacet
  facet normal -0.321467 0.946921 0
    outer loop
      vertex 42.5694 -2.12504 1.8
      vertex 42.8419 -2.03253 1.1
      vertex 42.5694 -2.12504 1.1
    endloop
  endfacet
  facet normal 0.997864 0.0653296 0
    outer loop
      vertex 39.8188 -0.287157 1.8
      vertex 39.8 0 1.1
      vertex 39.8 0 1.8
    endloop
  endfacet
  facet normal 0.997864 0.0653296 0
    outer loop
      vertex 39.8 0 1.1
      vertex 39.8188 -0.287157 1.8
      vertex 39.8188 -0.287157 1.1
    endloop
  endfacet
  facet normal 0.659464 -0.751736 0
    outer loop
      vertex 40.4444 1.55563 1.1
      vertex 40.6607 1.74538 1.8
      vertex 40.4444 1.55563 1.8
    endloop
  endfacet
  facet normal 0.659464 -0.751736 0
    outer loop
      vertex 40.6607 1.74538 1.8
      vertex 40.4444 1.55563 1.1
      vertex 40.6607 1.74538 1.1
    endloop
  endfacet
  facet normal 0.321467 -0.946921 0
    outer loop
      vertex 41.1581 2.03253 1.1
      vertex 41.4306 2.12504 1.8
      vertex 41.1581 2.03253 1.8
    endloop
  endfacet
  facet normal 0.321467 -0.946921 0
    outer loop
      vertex 41.4306 2.12504 1.8
      vertex 41.1581 2.03253 1.1
      vertex 41.4306 2.12504 1.1
    endloop
  endfacet
  facet normal 0.83143 0.55563 0
    outer loop
      vertex 40.2546 -1.33927 1.8
      vertex 40.0947 -1.1 1.1
      vertex 40.0947 -1.1 1.8
    endloop
  endfacet
  facet normal 0.83143 0.55563 0
    outer loop
      vertex 40.0947 -1.1 1.1
      vertex 40.2546 -1.33927 1.8
      vertex 40.2546 -1.33927 1.1
    endloop
  endfacet
  facet normal -0.751741 -0.659458 0
    outer loop
      vertex 43.7454 1.33927 1.1
      vertex 43.5556 1.55563 1.8
      vertex 43.5556 1.55563 1.1
    endloop
  endfacet
  facet normal -0.751741 -0.659458 0
    outer loop
      vertex 43.5556 1.55563 1.8
      vertex 43.7454 1.33927 1.1
      vertex 43.7454 1.33927 1.8
    endloop
  endfacet
  facet normal 0.321467 0.946921 -0
    outer loop
      vertex 41.4306 -2.12504 1.1
      vertex 41.1581 -2.03253 1.8
      vertex 41.4306 -2.12504 1.8
    endloop
  endfacet
  facet normal 0.321467 0.946921 0
    outer loop
      vertex 41.1581 -2.03253 1.8
      vertex 41.4306 -2.12504 1.1
      vertex 41.1581 -2.03253 1.1
    endloop
  endfacet
  facet normal -0.442258 0.896888 0
    outer loop
      vertex 43.1 -1.90526 1.1
      vertex 42.8419 -2.03253 1.8
      vertex 43.1 -1.90526 1.8
    endloop
  endfacet
  facet normal -0.442258 0.896888 0
    outer loop
      vertex 42.8419 -2.03253 1.8
      vertex 43.1 -1.90526 1.1
      vertex 42.8419 -2.03253 1.1
    endloop
  endfacet
  facet normal 0.442258 -0.896888 0
    outer loop
      vertex 40.9 1.90526 1.1
      vertex 41.1581 2.03253 1.8
      vertex 40.9 1.90526 1.8
    endloop
  endfacet
  facet normal 0.442258 -0.896888 0
    outer loop
      vertex 41.1581 2.03253 1.8
      vertex 40.9 1.90526 1.1
      vertex 41.1581 2.03253 1.1
    endloop
  endfacet
  facet normal -0.980747 0.195284 0
    outer loop
      vertex 44.125 -0.569402 1.1
      vertex 44.1812 -0.287157 1.8
      vertex 44.1812 -0.287157 1.1
    endloop
  endfacet
  facet normal -0.980747 0.195284 0
    outer loop
      vertex 44.1812 -0.287157 1.8
      vertex 44.125 -0.569402 1.1
      vertex 44.125 -0.569402 1.8
    endloop
  endfacet
  facet normal 0.946932 0.321434 0
    outer loop
      vertex 39.9675 -0.841903 1.8
      vertex 39.875 -0.569402 1.1
      vertex 39.875 -0.569402 1.8
    endloop
  endfacet
  facet normal 0.946932 0.321434 0
    outer loop
      vertex 39.875 -0.569402 1.1
      vertex 39.9675 -0.841903 1.8
      vertex 39.9675 -0.841903 1.1
    endloop
  endfacet
  facet normal -0.946932 0.321434 0
    outer loop
      vertex 44.0325 -0.841903 1.1
      vertex 44.125 -0.569402 1.8
      vertex 44.125 -0.569402 1.1
    endloop
  endfacet
  facet normal -0.946932 0.321434 0
    outer loop
      vertex 44.125 -0.569402 1.8
      vertex 44.0325 -0.841903 1.1
      vertex 44.0325 -0.841903 1.8
    endloop
  endfacet
  facet normal 0.751741 0.659458 0
    outer loop
      vertex 40.4444 -1.55563 1.8
      vertex 40.2546 -1.33927 1.1
      vertex 40.2546 -1.33927 1.8
    endloop
  endfacet
  facet normal 0.751741 0.659458 0
    outer loop
      vertex 40.2546 -1.33927 1.1
      vertex 40.4444 -1.55563 1.8
      vertex 40.4444 -1.55563 1.1
    endloop
  endfacet
  facet normal -0.555534 -0.831494 0
    outer loop
      vertex 43.1 1.90526 1.1
      vertex 43.3393 1.74538 1.8
      vertex 43.1 1.90526 1.8
    endloop
  endfacet
  facet normal -0.555534 -0.831494 -0
    outer loop
      vertex 43.3393 1.74538 1.8
      vertex 43.1 1.90526 1.1
      vertex 43.3393 1.74538 1.1
    endloop
  endfacet
  facet normal -0.442258 -0.896888 0
    outer loop
      vertex 42.8419 2.03253 1.1
      vertex 43.1 1.90526 1.8
      vertex 42.8419 2.03253 1.8
    endloop
  endfacet
  facet normal -0.442258 -0.896888 -0
    outer loop
      vertex 43.1 1.90526 1.8
      vertex 42.8419 2.03253 1.1
      vertex 43.1 1.90526 1.1
    endloop
  endfacet
  facet normal 0.195113 -0.980781 0
    outer loop
      vertex 41.4306 2.12504 1.1
      vertex 41.7128 2.18118 1.8
      vertex 41.4306 2.12504 1.8
    endloop
  endfacet
  facet normal 0.195113 -0.980781 0
    outer loop
      vertex 41.7128 2.18118 1.8
      vertex 41.4306 2.12504 1.1
      vertex 41.7128 2.18118 1.1
    endloop
  endfacet
  facet normal 0.442258 0.896888 -0
    outer loop
      vertex 41.1581 -2.03253 1.1
      vertex 40.9 -1.90526 1.8
      vertex 41.1581 -2.03253 1.8
    endloop
  endfacet
  facet normal 0.442258 0.896888 0
    outer loop
      vertex 40.9 -1.90526 1.8
      vertex 41.1581 -2.03253 1.1
      vertex 40.9 -1.90526 1.1
    endloop
  endfacet
  facet normal 0.065389 -0.99786 0
    outer loop
      vertex 41.7128 2.18118 1.1
      vertex 42 2.2 1.8
      vertex 41.7128 2.18118 1.8
    endloop
  endfacet
  facet normal 0.065389 -0.99786 0
    outer loop
      vertex 42 2.2 1.8
      vertex 41.7128 2.18118 1.1
      vertex 42 2.2 1.1
    endloop
  endfacet
  facet normal 0.751741 -0.659458 0
    outer loop
      vertex 40.2546 1.33927 1.8
      vertex 40.4444 1.55563 1.1
      vertex 40.4444 1.55563 1.8
    endloop
  endfacet
  facet normal 0.751741 -0.659458 0
    outer loop
      vertex 40.4444 1.55563 1.1
      vertex 40.2546 1.33927 1.8
      vertex 40.2546 1.33927 1.1
    endloop
  endfacet
  facet normal -0.997864 0.0653296 0
    outer loop
      vertex 44.1812 -0.287157 1.1
      vertex 44.2 0 1.8
      vertex 44.2 0 1.1
    endloop
  endfacet
  facet normal -0.997864 0.0653296 0
    outer loop
      vertex 44.2 0 1.8
      vertex 44.1812 -0.287157 1.1
      vertex 44.1812 -0.287157 1.8
    endloop
  endfacet
  facet normal 0.946932 -0.321434 0
    outer loop
      vertex 39.875 0.569402 1.8
      vertex 39.9675 0.841903 1.1
      vertex 39.9675 0.841903 1.8
    endloop
  endfacet
  facet normal 0.946932 -0.321434 0
    outer loop
      vertex 39.9675 0.841903 1.1
      vertex 39.875 0.569402 1.8
      vertex 39.875 0.569402 1.1
    endloop
  endfacet
  facet normal 0.659464 0.751736 -0
    outer loop
      vertex 40.6607 -1.74538 1.1
      vertex 40.4444 -1.55563 1.8
      vertex 40.6607 -1.74538 1.8
    endloop
  endfacet
  facet normal 0.659464 0.751736 0
    outer loop
      vertex 40.4444 -1.55563 1.8
      vertex 40.6607 -1.74538 1.1
      vertex 40.4444 -1.55563 1.1
    endloop
  endfacet
  facet normal 0 0 1
    outer loop
      vertex 43.125 0 1.1
      vertex 44.2 0 1.1
      vertex 44.1812 0.287157 1.1
    endloop
  endfacet
  facet normal 0 0 1
    outer loop
      vertex 43.1154 0.146841 1.1
      vertex 44.1812 0.287157 1.1
      vertex 44.125 0.569402 1.1
    endloop
  endfacet
  facet normal 0 0 1
    outer loop
      vertex 44.2 0 1.1
      vertex 43.125 0 1.1
      vertex 44.1812 -0.287157 1.1
    endloop
  endfacet
  facet normal 0 0 1
    outer loop
      vertex 43.0867 0.291171 1.1
      vertex 44.125 0.569402 1.1
      vertex 44.0325 0.841903 1.1
    endloop
  endfacet
  facet normal -0 0 1
    outer loop
      vertex 43.1154 -0.146841 1.1
      vertex 44.1812 -0.287157 1.1
      vertex 43.125 0 1.1
    endloop
  endfacet
  facet normal 0 0 1
    outer loop
      vertex 43.0394 0.430518 1.1
      vertex 44.0325 0.841903 1.1
      vertex 43.9053 1.1 1.1
    endloop
  endfacet
  facet normal 0 0 1
    outer loop
      vertex 44.1812 -0.287157 1.1
      vertex 43.1154 -0.146841 1.1
      vertex 44.125 -0.569402 1.1
    endloop
  endfacet
  facet normal 0 0 1
    outer loop
      vertex 42.9743 0.5625 1.1
      vertex 43.9053 1.1 1.1
      vertex 43.7454 1.33927 1.1
    endloop
  endfacet
  facet normal -0 0 1
    outer loop
      vertex 43.0867 -0.291171 1.1
      vertex 44.125 -0.569402 1.1
      vertex 43.1154 -0.146841 1.1
    endloop
  endfacet
  facet normal 0 0 1
    outer loop
      vertex 42.8925 0.684856 1.1
      vertex 43.7454 1.33927 1.1
      vertex 43.5556 1.55563 1.1
    endloop
  endfacet
  facet normal 0 0 1
    outer loop
      vertex 44.125 -0.569402 1.1
      vertex 43.0867 -0.291171 1.1
      vertex 44.0325 -0.841903 1.1
    endloop
  endfacet
  facet normal 0 0 1
    outer loop
      vertex 42.7955 0.795495 1.1
      vertex 43.5556 1.55563 1.1
      vertex 43.3393 1.74538 1.1
    endloop
  endfacet
  facet normal -0 0 1
    outer loop
      vertex 43.0394 -0.430518 1.1
      vertex 44.0325 -0.841903 1.1
      vertex 43.0867 -0.291171 1.1
    endloop
  endfacet
  facet normal 0 0 1
    outer loop
      vertex 44.0325 -0.841903 1.1
      vertex 43.0394 -0.430518 1.1
      vertex 43.9053 -1.1 1.1
    endloop
  endfacet
  facet normal 0 0 1
    outer loop
      vertex 44.1812 0.287157 1.1
      vertex 43.1154 0.146841 1.1
      vertex 43.125 0 1.1
    endloop
  endfacet
  facet normal 0 0 1
    outer loop
      vertex 42.6849 0.892522 1.1
      vertex 43.3393 1.74538 1.1
      vertex 43.1 1.90526 1.1
    endloop
  endfacet
  facet normal 0 0 1
    outer loop
      vertex 44.125 0.569402 1.1
      vertex 43.0867 0.291171 1.1
      vertex 43.1154 0.146841 1.1
    endloop
  endfacet
  facet normal 0 0 1
    outer loop
      vertex 44.0325 0.841903 1.1
      vertex 43.0394 0.430518 1.1
      vertex 43.0867 0.291171 1.1
    endloop
  endfacet
  facet normal 0 0 1
    outer loop
      vertex 43.9053 1.1 1.1
      vertex 42.9743 0.5625 1.1
      vertex 43.0394 0.430518 1.1
    endloop
  endfacet
  facet normal 0 0 1
    outer loop
      vertex 43.7454 1.33927 1.1
      vertex 42.8925 0.684856 1.1
      vertex 42.9743 0.5625 1.1
    endloop
  endfacet
  facet normal 0 0 1
    outer loop
      vertex 42.5625 0.974278 1.1
      vertex 43.1 1.90526 1.1
      vertex 42.8419 2.03253 1.1
    endloop
  endfacet
  facet normal 0 0 1
    outer loop
      vertex 43.5556 1.55563 1.1
      vertex 42.7955 0.795495 1.1
      vertex 42.8925 0.684856 1.1
    endloop
  endfacet
  facet normal 0 0 1
    outer loop
      vertex 43.3393 1.74538 1.1
      vertex 42.6849 0.892522 1.1
      vertex 42.7955 0.795495 1.1
    endloop
  endfacet
  facet normal 0 0 1
    outer loop
      vertex 42.4305 1.03936 1.1
      vertex 42.8419 2.03253 1.1
      vertex 42.5694 2.12504 1.1
    endloop
  endfacet
  facet normal 0 0 1
    outer loop
      vertex 43.1 1.90526 1.1
      vertex 42.5625 0.974278 1.1
      vertex 42.6849 0.892522 1.1
    endloop
  endfacet
  facet normal 0 0 1
    outer loop
      vertex 42.8419 2.03253 1.1
      vertex 42.4305 1.03936 1.1
      vertex 42.5625 0.974278 1.1
    endloop
  endfacet
  facet normal 0 0 1
    outer loop
      vertex 42.5694 2.12504 1.1
      vertex 42.2912 1.08667 1.1
      vertex 42.4305 1.03936 1.1
    endloop
  endfacet
  facet normal 0 0 1
    outer loop
      vertex 42.2872 2.18118 1.1
      vertex 42.2912 1.08667 1.1
      vertex 42.5694 2.12504 1.1
    endloop
  endfacet
  facet normal 0 0 1
    outer loop
      vertex 42.2872 2.18118 1.1
      vertex 42.1468 1.11537 1.1
      vertex 42.2912 1.08667 1.1
    endloop
  endfacet
  facet normal 0 0 1
    outer loop
      vertex 42 2.2 1.1
      vertex 42.1468 1.11537 1.1
      vertex 42.2872 2.18118 1.1
    endloop
  endfacet
  facet normal 0 0 1
    outer loop
      vertex 42 2.2 1.1
      vertex 42 1.125 1.1
      vertex 42.1468 1.11537 1.1
    endloop
  endfacet
  facet normal 0 0 1
    outer loop
      vertex 42 2.2 1.1
      vertex 41.8532 1.11537 1.1
      vertex 42 1.125 1.1
    endloop
  endfacet
  facet normal -0 0 1
    outer loop
      vertex 41.7128 2.18118 1.1
      vertex 41.8532 1.11537 1.1
      vertex 42 2.2 1.1
    endloop
  endfacet
  facet normal 0 0 1
    outer loop
      vertex 41.7128 2.18118 1.1
      vertex 41.7088 1.08667 1.1
      vertex 41.8532 1.11537 1.1
    endloop
  endfacet
  facet normal -0 0 1
    outer loop
      vertex 41.4306 2.12504 1.1
      vertex 41.7088 1.08667 1.1
      vertex 41.7128 2.18118 1.1
    endloop
  endfacet
  facet normal 0 0 1
    outer loop
      vertex 41.7088 1.08667 1.1
      vertex 41.4306 2.12504 1.1
      vertex 41.5695 1.03936 1.1
    endloop
  endfacet
  facet normal -0 0 1
    outer loop
      vertex 41.1581 2.03253 1.1
      vertex 41.5695 1.03936 1.1
      vertex 41.4306 2.12504 1.1
    endloop
  endfacet
  facet normal 0 0 1
    outer loop
      vertex 41.5695 1.03936 1.1
      vertex 41.1581 2.03253 1.1
      vertex 41.4375 0.974278 1.1
    endloop
  endfacet
  facet normal -0 0 1
    outer loop
      vertex 40.9 1.90526 1.1
      vertex 41.4375 0.974278 1.1
      vertex 41.1581 2.03253 1.1
    endloop
  endfacet
  facet normal 0 0 1
    outer loop
      vertex 41.4375 0.974278 1.1
      vertex 40.9 1.90526 1.1
      vertex 41.3151 0.892522 1.1
    endloop
  endfacet
  facet normal -0 0 1
    outer loop
      vertex 40.6607 1.74538 1.1
      vertex 41.3151 0.892522 1.1
      vertex 40.9 1.90526 1.1
    endloop
  endfacet
  facet normal 0 0 1
    outer loop
      vertex 41.3151 0.892522 1.1
      vertex 40.6607 1.74538 1.1
      vertex 41.2045 0.795495 1.1
    endloop
  endfacet
  facet normal -0 0 1
    outer loop
      vertex 40.4444 1.55563 1.1
      vertex 41.2045 0.795495 1.1
      vertex 40.6607 1.74538 1.1
    endloop
  endfacet
  facet normal 0 0 1
    outer loop
      vertex 41.2045 0.795495 1.1
      vertex 40.4444 1.55563 1.1
      vertex 41.1075 0.684856 1.1
    endloop
  endfacet
  facet normal -0 0 1
    outer loop
      vertex 40.2546 1.33927 1.1
      vertex 41.1075 0.684856 1.1
      vertex 40.4444 1.55563 1.1
    endloop
  endfacet
  facet normal 0 0 1
    outer loop
      vertex 41.1075 0.684856 1.1
      vertex 40.2546 1.33927 1.1
      vertex 41.0257 0.5625 1.1
    endloop
  endfacet
  facet normal -0 0 1
    outer loop
      vertex 40.0947 1.1 1.1
      vertex 41.0257 0.5625 1.1
      vertex 40.2546 1.33927 1.1
    endloop
  endfacet
  facet normal 0 0 1
    outer loop
      vertex 41.0257 0.5625 1.1
      vertex 40.0947 1.1 1.1
      vertex 40.9606 0.430518 1.1
    endloop
  endfacet
  facet normal -0 0 1
    outer loop
      vertex 42.9743 -0.5625 1.1
      vertex 43.9053 -1.1 1.1
      vertex 43.0394 -0.430518 1.1
    endloop
  endfacet
  facet normal 0 0 1
    outer loop
      vertex 43.9053 -1.1 1.1
      vertex 42.9743 -0.5625 1.1
      vertex 43.7454 -1.33927 1.1
    endloop
  endfacet
  facet normal -0 0 1
    outer loop
      vertex 42.8925 -0.684856 1.1
      vertex 43.7454 -1.33927 1.1
      vertex 42.9743 -0.5625 1.1
    endloop
  endfacet
  facet normal 0 0 1
    outer loop
      vertex 43.7454 -1.33927 1.1
      vertex 42.8925 -0.684856 1.1
      vertex 43.5556 -1.55563 1.1
    endloop
  endfacet
  facet normal -0 0 1
    outer loop
      vertex 42.7955 -0.795495 1.1
      vertex 43.5556 -1.55563 1.1
      vertex 42.8925 -0.684856 1.1
    endloop
  endfacet
  facet normal 0 0 1
    outer loop
      vertex 43.5556 -1.55563 1.1
      vertex 42.7955 -0.795495 1.1
      vertex 43.3393 -1.74538 1.1
    endloop
  endfacet
  facet normal -0 0 1
    outer loop
      vertex 42.6849 -0.892522 1.1
      vertex 43.3393 -1.74538 1.1
      vertex 42.7955 -0.795495 1.1
    endloop
  endfacet
  facet normal 0 0 1
    outer loop
      vertex 43.3393 -1.74538 1.1
      vertex 42.6849 -0.892522 1.1
      vertex 43.1 -1.90526 1.1
    endloop
  endfacet
  facet normal -0 0 1
    outer loop
      vertex 42.5625 -0.974278 1.1
      vertex 43.1 -1.90526 1.1
      vertex 42.6849 -0.892522 1.1
    endloop
  endfacet
  facet normal 0 0 1
    outer loop
      vertex 43.1 -1.90526 1.1
      vertex 42.5625 -0.974278 1.1
      vertex 42.8419 -2.03253 1.1
    endloop
  endfacet
  facet normal -0 0 1
    outer loop
      vertex 42.4305 -1.03936 1.1
      vertex 42.8419 -2.03253 1.1
      vertex 42.5625 -0.974278 1.1
    endloop
  endfacet
  facet normal 0 0 1
    outer loop
      vertex 42.8419 -2.03253 1.1
      vertex 42.4305 -1.03936 1.1
      vertex 42.5694 -2.12504 1.1
    endloop
  endfacet
  facet normal -0 0 1
    outer loop
      vertex 42.2912 -1.08667 1.1
      vertex 42.5694 -2.12504 1.1
      vertex 42.4305 -1.03936 1.1
    endloop
  endfacet
  facet normal 0 0 1
    outer loop
      vertex 42.2912 -1.08667 1.1
      vertex 42.2872 -2.18118 1.1
      vertex 42.5694 -2.12504 1.1
    endloop
  endfacet
  facet normal -0 0 1
    outer loop
      vertex 42.1468 -1.11537 1.1
      vertex 42.2872 -2.18118 1.1
      vertex 42.2912 -1.08667 1.1
    endloop
  endfacet
  facet normal -0 0 1
    outer loop
      vertex 42 -1.125 1.1
      vertex 42.2872 -2.18118 1.1
      vertex 42.1468 -1.11537 1.1
    endloop
  endfacet
  facet normal 0 0 1
    outer loop
      vertex 42 -1.125 1.1
      vertex 42 -2.2 1.1
      vertex 42.2872 -2.18118 1.1
    endloop
  endfacet
  facet normal 0 0 1
    outer loop
      vertex 41.8532 -1.11537 1.1
      vertex 42 -2.2 1.1
      vertex 42 -1.125 1.1
    endloop
  endfacet
  facet normal 0 0 1
    outer loop
      vertex 41.8532 -1.11537 1.1
      vertex 41.7128 -2.18118 1.1
      vertex 42 -2.2 1.1
    endloop
  endfacet
  facet normal 0 0 1
    outer loop
      vertex 41.7088 -1.08667 1.1
      vertex 41.7128 -2.18118 1.1
      vertex 41.8532 -1.11537 1.1
    endloop
  endfacet
  facet normal 0 0 1
    outer loop
      vertex 41.4306 -2.12504 1.1
      vertex 41.7088 -1.08667 1.1
      vertex 41.5695 -1.03936 1.1
    endloop
  endfacet
  facet normal 0 0 1
    outer loop
      vertex 41.1581 -2.03253 1.1
      vertex 41.5695 -1.03936 1.1
      vertex 41.4375 -0.974278 1.1
    endloop
  endfacet
  facet normal 0 0 1
    outer loop
      vertex 41.7088 -1.08667 1.1
      vertex 41.4306 -2.12504 1.1
      vertex 41.7128 -2.18118 1.1
    endloop
  endfacet
  facet normal 0 0 1
    outer loop
      vertex 40.9 -1.90526 1.1
      vertex 41.4375 -0.974278 1.1
      vertex 41.3151 -0.892522 1.1
    endloop
  endfacet
  facet normal 0 0 1
    outer loop
      vertex 40.6607 -1.74538 1.1
      vertex 41.3151 -0.892522 1.1
      vertex 41.2045 -0.795495 1.1
    endloop
  endfacet
  facet normal 0 0 1
    outer loop
      vertex 41.5695 -1.03936 1.1
      vertex 41.1581 -2.03253 1.1
      vertex 41.4306 -2.12504 1.1
    endloop
  endfacet
  facet normal 0 0 1
    outer loop
      vertex 40.4444 -1.55563 1.1
      vertex 41.2045 -0.795495 1.1
      vertex 41.1075 -0.684856 1.1
    endloop
  endfacet
  facet normal 0 0 1
    outer loop
      vertex 40.2546 -1.33927 1.1
      vertex 41.1075 -0.684856 1.1
      vertex 41.0257 -0.5625 1.1
    endloop
  endfacet
  facet normal 0 0 1
    outer loop
      vertex 40.0947 -1.1 1.1
      vertex 41.0257 -0.5625 1.1
      vertex 40.9606 -0.430518 1.1
    endloop
  endfacet
  facet normal 0 0 1
    outer loop
      vertex 39.9675 -0.841903 1.1
      vertex 40.9606 -0.430518 1.1
      vertex 40.9133 -0.291171 1.1
    endloop
  endfacet
  facet normal 0 0 1
    outer loop
      vertex 41.4375 -0.974278 1.1
      vertex 40.9 -1.90526 1.1
      vertex 41.1581 -2.03253 1.1
    endloop
  endfacet
  facet normal 0 0 1
    outer loop
      vertex 39.875 -0.569402 1.1
      vertex 40.9133 -0.291171 1.1
      vertex 40.8846 -0.146841 1.1
    endloop
  endfacet
  facet normal 0 0 1
    outer loop
      vertex 39.8188 -0.287157 1.1
      vertex 40.8846 -0.146841 1.1
      vertex 40.875 0 1.1
    endloop
  endfacet
  facet normal -0 0 1
    outer loop
      vertex 39.9675 0.841903 1.1
      vertex 40.9606 0.430518 1.1
      vertex 40.0947 1.1 1.1
    endloop
  endfacet
  facet normal 0 0 1
    outer loop
      vertex 41.3151 -0.892522 1.1
      vertex 40.6607 -1.74538 1.1
      vertex 40.9 -1.90526 1.1
    endloop
  endfacet
  facet normal 0 0 1
    outer loop
      vertex 40.9606 0.430518 1.1
      vertex 39.9675 0.841903 1.1
      vertex 40.9133 0.291171 1.1
    endloop
  endfacet
  facet normal 0 0 1
    outer loop
      vertex 41.2045 -0.795495 1.1
      vertex 40.4444 -1.55563 1.1
      vertex 40.6607 -1.74538 1.1
    endloop
  endfacet
  facet normal -0 0 1
    outer loop
      vertex 39.875 0.569402 1.1
      vertex 40.9133 0.291171 1.1
      vertex 39.9675 0.841903 1.1
    endloop
  endfacet
  facet normal 0 0 1
    outer loop
      vertex 41.1075 -0.684856 1.1
      vertex 40.2546 -1.33927 1.1
      vertex 40.4444 -1.55563 1.1
    endloop
  endfacet
  facet normal 0 0 1
    outer loop
      vertex 40.9133 0.291171 1.1
      vertex 39.875 0.569402 1.1
      vertex 40.8846 0.146841 1.1
    endloop
  endfacet
  facet normal 0 0 1
    outer loop
      vertex 41.0257 -0.5625 1.1
      vertex 40.0947 -1.1 1.1
      vertex 40.2546 -1.33927 1.1
    endloop
  endfacet
  facet normal -0 0 1
    outer loop
      vertex 39.8188 0.287157 1.1
      vertex 40.8846 0.146841 1.1
      vertex 39.875 0.569402 1.1
    endloop
  endfacet
  facet normal 0 0 1
    outer loop
      vertex 40.9606 -0.430518 1.1
      vertex 39.9675 -0.841903 1.1
      vertex 40.0947 -1.1 1.1
    endloop
  endfacet
  facet normal 0 0 1
    outer loop
      vertex 40.8846 0.146841 1.1
      vertex 39.8188 0.287157 1.1
      vertex 40.875 0 1.1
    endloop
  endfacet
  facet normal 0 0 1
    outer loop
      vertex 40.9133 -0.291171 1.1
      vertex 39.875 -0.569402 1.1
      vertex 39.9675 -0.841903 1.1
    endloop
  endfacet
  facet normal 0 0 1
    outer loop
      vertex 39.8 0 1.1
      vertex 40.875 0 1.1
      vertex 39.8188 0.287157 1.1
    endloop
  endfacet
  facet normal 0 0 1
    outer loop
      vertex 40.8846 -0.146841 1.1
      vertex 39.8188 -0.287157 1.1
      vertex 39.875 -0.569402 1.1
    endloop
  endfacet
  facet normal 0 0 1
    outer loop
      vertex 40.875 0 1.1
      vertex 39.8 0 1.1
      vertex 39.8188 -0.287157 1.1
    endloop
  endfacet
  facet normal -0.065389 -0.99786 0
    outer loop
      vertex 42 2.2 1.1
      vertex 42.2872 2.18118 1.8
      vertex 42 2.2 1.8
    endloop
  endfacet
  facet normal -0.065389 -0.99786 -0
    outer loop
      vertex 42.2872 2.18118 1.8
      vertex 42 2.2 1.1
      vertex 42.2872 2.18118 1.1
    endloop
  endfacet
  facet normal -0.83143 -0.55563 0
    outer loop
      vertex 43.9053 1.1 1.1
      vertex 43.7454 1.33927 1.8
      vertex 43.7454 1.33927 1.1
    endloop
  endfacet
  facet normal -0.83143 -0.55563 0
    outer loop
      vertex 43.7454 1.33927 1.8
      vertex 43.9053 1.1 1.1
      vertex 43.9053 1.1 1.8
    endloop
  endfacet
  facet normal 0.896982 0.442067 0
    outer loop
      vertex 40.0947 -1.1 1.8
      vertex 39.9675 -0.841903 1.1
      vertex 39.9675 -0.841903 1.8
    endloop
  endfacet
  facet normal 0.896982 0.442067 0
    outer loop
      vertex 39.9675 -0.841903 1.1
      vertex 40.0947 -1.1 1.8
      vertex 40.0947 -1.1 1.1
    endloop
  endfacet
  facet normal -0.83143 0.55563 0
    outer loop
      vertex 43.7454 -1.33927 1.1
      vertex 43.9053 -1.1 1.8
      vertex 43.9053 -1.1 1.1
    endloop
  endfacet
  facet normal -0.83143 0.55563 0
    outer loop
      vertex 43.9053 -1.1 1.8
      vertex 43.7454 -1.33927 1.1
      vertex 43.7454 -1.33927 1.8
    endloop
  endfacet
  facet normal 0.065389 0.99786 -0
    outer loop
      vertex 42 -2.2 1.1
      vertex 41.7128 -2.18118 1.8
      vertex 42 -2.2 1.8
    endloop
  endfacet
  facet normal 0.065389 0.99786 0
    outer loop
      vertex 41.7128 -2.18118 1.8
      vertex 42 -2.2 1.1
      vertex 41.7128 -2.18118 1.1
    endloop
  endfacet
  facet normal 0.980747 -0.195284 0
    outer loop
      vertex 39.8188 0.287157 1.8
      vertex 39.875 0.569402 1.1
      vertex 39.875 0.569402 1.8
    endloop
  endfacet
  facet normal 0.980747 -0.195284 0
    outer loop
      vertex 39.875 0.569402 1.1
      vertex 39.8188 0.287157 1.8
      vertex 39.8188 0.287157 1.1
    endloop
  endfacet
  facet normal 0.555534 0.831494 -0
    outer loop
      vertex 40.9 -1.90526 1.1
      vertex 40.6607 -1.74538 1.8
      vertex 40.9 -1.90526 1.8
    endloop
  endfacet
  facet normal 0.555534 0.831494 0
    outer loop
      vertex 40.6607 -1.74538 1.8
      vertex 40.9 -1.90526 1.1
      vertex 40.6607 -1.74538 1.1
    endloop
  endfacet
  facet normal 0.555534 -0.831494 0
    outer loop
      vertex 40.6607 1.74538 1.1
      vertex 40.9 1.90526 1.8
      vertex 40.6607 1.74538 1.8
    endloop
  endfacet
  facet normal 0.555534 -0.831494 0
    outer loop
      vertex 40.9 1.90526 1.8
      vertex 40.6607 1.74538 1.1
      vertex 40.9 1.90526 1.1
    endloop
  endfacet
  facet normal 0.980747 0.195284 0
    outer loop
      vertex 39.875 -0.569402 1.8
      vertex 39.8188 -0.287157 1.1
      vertex 39.8188 -0.287157 1.8
    endloop
  endfacet
  facet normal 0.980747 0.195284 0
    outer loop
      vertex 39.8188 -0.287157 1.1
      vertex 39.875 -0.569402 1.8
      vertex 39.875 -0.569402 1.1
    endloop
  endfacet
  facet normal -0.555534 0.831494 0
    outer loop
      vertex 43.3393 -1.74538 1.1
      vertex 43.1 -1.90526 1.8
      vertex 43.3393 -1.74538 1.8
    endloop
  endfacet
  facet normal -0.555534 0.831494 0
    outer loop
      vertex 43.1 -1.90526 1.8
      vertex 43.3393 -1.74538 1.1
      vertex 43.1 -1.90526 1.1
    endloop
  endfacet
  facet normal 0.997864 -0.0653296 0
    outer loop
      vertex 39.8 0 1.8
      vertex 39.8188 0.287157 1.1
      vertex 39.8188 0.287157 1.8
    endloop
  endfacet
  facet normal 0.997864 -0.0653296 0
    outer loop
      vertex 39.8188 0.287157 1.1
      vertex 39.8 0 1.8
      vertex 39.8 0 1.1
    endloop
  endfacet
  facet normal 0.83143 -0.55563 0
    outer loop
      vertex 40.0947 1.1 1.8
      vertex 40.2546 1.33927 1.1
      vertex 40.2546 1.33927 1.8
    endloop
  endfacet
  facet normal 0.83143 -0.55563 0
    outer loop
      vertex 40.2546 1.33927 1.1
      vertex 40.0947 1.1 1.8
      vertex 40.0947 1.1 1.1
    endloop
  endfacet
endsolid OpenSCAD_Model
