solid OpenSCAD_Model
  facet normal 0.0653646 -0.997861 0
    outer loop
      vertex -47 -38 0
      vertex -46.4779 -37.9658 0.5
      vertex -47 -38 0.5
    endloop
  endfacet
  facet normal 0.0653646 -0.997861 0
    outer loop
      vertex -46.4779 -37.9658 0.5
      vertex -47 -38 0
      vertex -46.4779 -37.9658 0
    endloop
  endfacet
  facet normal 0.980779 0.195124 0
    outer loop
      vertex -43.0342 -33.4779 0.5
      vertex -43.1363 -32.9647 0
      vertex -43.1363 -32.9647 0.5
    endloop
  endfacet
  facet normal 0.980779 0.195124 0
    outer loop
      vertex -43.1363 -32.9647 0
      vertex -43.0342 -33.4779 0.5
      vertex -43.0342 -33.4779 0
    endloop
  endfacet
  facet normal 0.997861 0.0653646 0
    outer loop
      vertex -43 -34 0.5
      vertex -43.0342 -33.4779 0
      vertex -43.0342 -33.4779 0.5
    endloop
  endfacet
  facet normal 0.997861 0.0653646 0
    outer loop
      vertex -43.0342 -33.4779 0
      vertex -43 -34 0.5
      vertex -43 -34 0
    endloop
  endfacet
  facet normal 0.94691 0.321498 0
    outer loop
      vertex -43.1363 -32.9647 0.5
      vertex -43.3045 -32.4693 0
      vertex -43.3045 -32.4693 0.5
    endloop
  endfacet
  facet normal 0.94691 0.321498 0
    outer loop
      vertex -43.3045 -32.4693 0
      vertex -43.1363 -32.9647 0.5
      vertex -43.1363 -32.9647 0
    endloop
  endfacet
  facet normal -0.997861 -0.0653646 0
    outer loop
      vertex -50.9658 -34.5221 0
      vertex -51 -34 0.5
      vertex -51 -34 0
    endloop
  endfacet
  facet normal -0.997861 -0.0653646 0
    outer loop
      vertex -51 -34 0.5
      vertex -50.9658 -34.5221 0
      vertex -50.9658 -34.5221 0.5
    endloop
  endfacet
  facet normal -0.94691 0.321498 0
    outer loop
      vertex -50.8637 -32.9647 0
      vertex -50.6955 -32.4693 0.5
      vertex -50.6955 -32.4693 0
    endloop
  endfacet
  facet normal -0.94691 0.321498 0
    outer loop
      vertex -50.6955 -32.4693 0.5
      vertex -50.8637 -32.9647 0
      vertex -50.8637 -32.9647 0.5
    endloop
  endfacet
  facet normal -0.896898 0.442238 0
    outer loop
      vertex -50.6955 -32.4693 0
      vertex -50.4641 -32 0.5
      vertex -50.4641 -32 0
    endloop
  endfacet
  facet normal -0.896898 0.442238 0
    outer loop
      vertex -50.4641 -32 0.5
      vertex -50.6955 -32.4693 0
      vertex -50.6955 -32.4693 0.5
    endloop
  endfacet
  facet normal -0.980779 -0.195124 0
    outer loop
      vertex -50.8637 -35.0353 0
      vertex -50.9658 -34.5221 0.5
      vertex -50.9658 -34.5221 0
    endloop
  endfacet
  facet normal -0.980779 -0.195124 0
    outer loop
      vertex -50.9658 -34.5221 0.5
      vertex -50.8637 -35.0353 0
      vertex -50.8637 -35.0353 0.5
    endloop
  endfacet
  facet normal 0.980779 -0.195124 0
    outer loop
      vertex -43.1363 -35.0353 0.5
      vertex -43.0342 -34.5221 0
      vertex -43.0342 -34.5221 0.5
    endloop
  endfacet
  facet normal 0.980779 -0.195124 0
    outer loop
      vertex -43.0342 -34.5221 0
      vertex -43.1363 -35.0353 0.5
      vertex -43.1363 -35.0353 0
    endloop
  endfacet
  facet normal -0.555626 -0.831432 0
    outer loop
      vertex -49.435 -37.1734 0
      vertex -49 -37.4641 0.5
      vertex -49.435 -37.1734 0.5
    endloop
  endfacet
  facet normal -0.555626 -0.831432 -0
    outer loop
      vertex -49 -37.4641 0.5
      vertex -49.435 -37.1734 0
      vertex -49 -37.4641 0
    endloop
  endfacet
  facet normal -0.94691 -0.321498 0
    outer loop
      vertex -50.6955 -35.5307 0
      vertex -50.8637 -35.0353 0.5
      vertex -50.8637 -35.0353 0
    endloop
  endfacet
  facet normal -0.94691 -0.321498 0
    outer loop
      vertex -50.8637 -35.0353 0.5
      vertex -50.6955 -35.5307 0
      vertex -50.6955 -35.5307 0.5
    endloop
  endfacet
  facet normal 0.321498 0.94691 -0
    outer loop
      vertex -45.4693 -30.3045 0
      vertex -45.9647 -30.1363 0.5
      vertex -45.4693 -30.3045 0.5
    endloop
  endfacet
  facet normal 0.321498 0.94691 0
    outer loop
      vertex -45.9647 -30.1363 0.5
      vertex -45.4693 -30.3045 0
      vertex -45.9647 -30.1363 0
    endloop
  endfacet
  facet normal 0.94691 -0.321498 0
    outer loop
      vertex -43.3045 -35.5307 0.5
      vertex -43.1363 -35.0353 0
      vertex -43.1363 -35.0353 0.5
    endloop
  endfacet
  facet normal 0.94691 -0.321498 0
    outer loop
      vertex -43.1363 -35.0353 0
      vertex -43.3045 -35.5307 0.5
      vertex -43.3045 -35.5307 0
    endloop
  endfacet
  facet normal -0.442238 -0.896898 0
    outer loop
      vertex -49 -37.4641 0
      vertex -48.5307 -37.6955 0.5
      vertex -49 -37.4641 0.5
    endloop
  endfacet
  facet normal -0.442238 -0.896898 -0
    outer loop
      vertex -48.5307 -37.6955 0.5
      vertex -49 -37.4641 0
      vertex -48.5307 -37.6955 0
    endloop
  endfacet
  facet normal 0.831432 0.555626 0
    outer loop
      vertex -43.5359 -32 0.5
      vertex -43.8266 -31.565 0
      vertex -43.8266 -31.565 0.5
    endloop
  endfacet
  facet normal 0.831432 0.555626 0
    outer loop
      vertex -43.8266 -31.565 0
      vertex -43.5359 -32 0.5
      vertex -43.5359 -32 0
    endloop
  endfacet
  facet normal 0.896898 0.442238 0
    outer loop
      vertex -43.3045 -32.4693 0.5
      vertex -43.5359 -32 0
      vertex -43.5359 -32 0.5
    endloop
  endfacet
  facet normal 0.896898 0.442238 0
    outer loop
      vertex -43.5359 -32 0
      vertex -43.3045 -32.4693 0.5
      vertex -43.3045 -32.4693 0
    endloop
  endfacet
  facet normal -0.0653646 -0.997861 0
    outer loop
      vertex -47.5221 -37.9658 0
      vertex -47 -38 0.5
      vertex -47.5221 -37.9658 0.5
    endloop
  endfacet
  facet normal -0.0653646 -0.997861 -0
    outer loop
      vertex -47 -38 0.5
      vertex -47.5221 -37.9658 0
      vertex -47 -38 0
    endloop
  endfacet
  facet normal 0.751842 0.659343 0
    outer loop
      vertex -43.8266 -31.565 0.5
      vertex -44.1716 -31.1716 0
      vertex -44.1716 -31.1716 0.5
    endloop
  endfacet
  facet normal 0.751842 0.659343 0
    outer loop
      vertex -44.1716 -31.1716 0
      vertex -43.8266 -31.565 0.5
      vertex -43.8266 -31.565 0
    endloop
  endfacet
  facet normal -0.195124 0.980779 0
    outer loop
      vertex -47.5221 -30.0342 0
      vertex -48.0353 -30.1363 0.5
      vertex -47.5221 -30.0342 0.5
    endloop
  endfacet
  facet normal -0.195124 0.980779 0
    outer loop
      vertex -48.0353 -30.1363 0.5
      vertex -47.5221 -30.0342 0
      vertex -48.0353 -30.1363 0
    endloop
  endfacet
  facet normal -0.751842 -0.659343 0
    outer loop
      vertex -49.8284 -36.8284 0
      vertex -50.1734 -36.435 0.5
      vertex -50.1734 -36.435 0
    endloop
  endfacet
  facet normal -0.751842 -0.659343 0
    outer loop
      vertex -50.1734 -36.435 0.5
      vertex -49.8284 -36.8284 0
      vertex -49.8284 -36.8284 0.5
    endloop
  endfacet
  facet normal -0.321498 0.94691 0
    outer loop
      vertex -48.0353 -30.1363 0
      vertex -48.5307 -30.3045 0.5
      vertex -48.0353 -30.1363 0.5
    endloop
  endfacet
  facet normal -0.321498 0.94691 0
    outer loop
      vertex -48.5307 -30.3045 0.5
      vertex -48.0353 -30.1363 0
      vertex -48.5307 -30.3045 0
    endloop
  endfacet
  facet normal -0.555626 0.831432 0
    outer loop
      vertex -49 -30.5359 0
      vertex -49.435 -30.8266 0.5
      vertex -49 -30.5359 0.5
    endloop
  endfacet
  facet normal -0.555626 0.831432 0
    outer loop
      vertex -49.435 -30.8266 0.5
      vertex -49 -30.5359 0
      vertex -49.435 -30.8266 0
    endloop
  endfacet
  facet normal 0.442238 0.896898 -0
    outer loop
      vertex -45 -30.5359 0
      vertex -45.4693 -30.3045 0.5
      vertex -45 -30.5359 0.5
    endloop
  endfacet
  facet normal 0.442238 0.896898 0
    outer loop
      vertex -45.4693 -30.3045 0.5
      vertex -45 -30.5359 0
      vertex -45.4693 -30.3045 0
    endloop
  endfacet
  facet normal 0.659343 0.751842 -0
    outer loop
      vertex -44.1716 -31.1716 0
      vertex -44.565 -30.8266 0.5
      vertex -44.1716 -31.1716 0.5
    endloop
  endfacet
  facet normal 0.659343 0.751842 0
    outer loop
      vertex -44.565 -30.8266 0.5
      vertex -44.1716 -31.1716 0
      vertex -44.565 -30.8266 0
    endloop
  endfacet
  facet normal -0.0653646 0.997861 0
    outer loop
      vertex -47 -30 0
      vertex -47.5221 -30.0342 0.5
      vertex -47 -30 0.5
    endloop
  endfacet
  facet normal -0.0653646 0.997861 0
    outer loop
      vertex -47.5221 -30.0342 0.5
      vertex -47 -30 0
      vertex -47.5221 -30.0342 0
    endloop
  endfacet
  facet normal -0.659343 0.751842 0
    outer loop
      vertex -49.435 -30.8266 0
      vertex -49.8284 -31.1716 0.5
      vertex -49.435 -30.8266 0.5
    endloop
  endfacet
  facet normal -0.659343 0.751842 0
    outer loop
      vertex -49.8284 -31.1716 0.5
      vertex -49.435 -30.8266 0
      vertex -49.8284 -31.1716 0
    endloop
  endfacet
  facet normal 0.751842 -0.659343 0
    outer loop
      vertex -44.1716 -36.8284 0.5
      vertex -43.8266 -36.435 0
      vertex -43.8266 -36.435 0.5
    endloop
  endfacet
  facet normal 0.751842 -0.659343 0
    outer loop
      vertex -43.8266 -36.435 0
      vertex -44.1716 -36.8284 0.5
      vertex -44.1716 -36.8284 0
    endloop
  endfacet
  facet normal 0.195124 -0.980779 0
    outer loop
      vertex -46.4779 -37.9658 0
      vertex -45.9647 -37.8637 0.5
      vertex -46.4779 -37.9658 0.5
    endloop
  endfacet
  facet normal 0.195124 -0.980779 0
    outer loop
      vertex -45.9647 -37.8637 0.5
      vertex -46.4779 -37.9658 0
      vertex -45.9647 -37.8637 0
    endloop
  endfacet
  facet normal -0.980779 0.195124 0
    outer loop
      vertex -50.9658 -33.4779 0
      vertex -50.8637 -32.9647 0.5
      vertex -50.8637 -32.9647 0
    endloop
  endfacet
  facet normal -0.980779 0.195124 0
    outer loop
      vertex -50.8637 -32.9647 0.5
      vertex -50.9658 -33.4779 0
      vertex -50.9658 -33.4779 0.5
    endloop
  endfacet
  facet normal 0.896898 -0.442238 0
    outer loop
      vertex -43.5359 -36 0.5
      vertex -43.3045 -35.5307 0
      vertex -43.3045 -35.5307 0.5
    endloop
  endfacet
  facet normal 0.896898 -0.442238 0
    outer loop
      vertex -43.3045 -35.5307 0
      vertex -43.5359 -36 0.5
      vertex -43.5359 -36 0
    endloop
  endfacet
  facet normal 0.997861 -0.0653646 0
    outer loop
      vertex -43.0342 -34.5221 0.5
      vertex -43 -34 0
      vertex -43 -34 0.5
    endloop
  endfacet
  facet normal 0.997861 -0.0653646 0
    outer loop
      vertex -43 -34 0
      vertex -43.0342 -34.5221 0.5
      vertex -43.0342 -34.5221 0
    endloop
  endfacet
  facet normal -0.195124 -0.980779 0
    outer loop
      vertex -48.0353 -37.8637 0
      vertex -47.5221 -37.9658 0.5
      vertex -48.0353 -37.8637 0.5
    endloop
  endfacet
  facet normal -0.195124 -0.980779 -0
    outer loop
      vertex -47.5221 -37.9658 0.5
      vertex -48.0353 -37.8637 0
      vertex -47.5221 -37.9658 0
    endloop
  endfacet
  facet normal -0.442238 0.896898 0
    outer loop
      vertex -48.5307 -30.3045 0
      vertex -49 -30.5359 0.5
      vertex -48.5307 -30.3045 0.5
    endloop
  endfacet
  facet normal -0.442238 0.896898 0
    outer loop
      vertex -49 -30.5359 0.5
      vertex -48.5307 -30.3045 0
      vertex -49 -30.5359 0
    endloop
  endfacet
  facet normal 0.442238 -0.896898 0
    outer loop
      vertex -45.4693 -37.6955 0
      vertex -45 -37.4641 0.5
      vertex -45.4693 -37.6955 0.5
    endloop
  endfacet
  facet normal 0.442238 -0.896898 0
    outer loop
      vertex -45 -37.4641 0.5
      vertex -45.4693 -37.6955 0
      vertex -45 -37.4641 0
    endloop
  endfacet
  facet normal -0.896898 -0.442238 0
    outer loop
      vertex -50.4641 -36 0
      vertex -50.6955 -35.5307 0.5
      vertex -50.6955 -35.5307 0
    endloop
  endfacet
  facet normal -0.896898 -0.442238 0
    outer loop
      vertex -50.6955 -35.5307 0.5
      vertex -50.4641 -36 0
      vertex -50.4641 -36 0.5
    endloop
  endfacet
  facet normal 0.195124 0.980779 -0
    outer loop
      vertex -45.9647 -30.1363 0
      vertex -46.4779 -30.0342 0.5
      vertex -45.9647 -30.1363 0.5
    endloop
  endfacet
  facet normal 0.195124 0.980779 0
    outer loop
      vertex -46.4779 -30.0342 0.5
      vertex -45.9647 -30.1363 0
      vertex -46.4779 -30.0342 0
    endloop
  endfacet
  facet normal -0.659343 -0.751842 0
    outer loop
      vertex -49.8284 -36.8284 0
      vertex -49.435 -37.1734 0.5
      vertex -49.8284 -36.8284 0.5
    endloop
  endfacet
  facet normal -0.659343 -0.751842 -0
    outer loop
      vertex -49.435 -37.1734 0.5
      vertex -49.8284 -36.8284 0
      vertex -49.435 -37.1734 0
    endloop
  endfacet
  facet normal 0.831432 -0.555626 0
    outer loop
      vertex -43.8266 -36.435 0.5
      vertex -43.5359 -36 0
      vertex -43.5359 -36 0.5
    endloop
  endfacet
  facet normal 0.831432 -0.555626 0
    outer loop
      vertex -43.5359 -36 0
      vertex -43.8266 -36.435 0.5
      vertex -43.8266 -36.435 0
    endloop
  endfacet
  facet normal 0.321498 -0.94691 0
    outer loop
      vertex -45.9647 -37.8637 0
      vertex -45.4693 -37.6955 0.5
      vertex -45.9647 -37.8637 0.5
    endloop
  endfacet
  facet normal 0.321498 -0.94691 0
    outer loop
      vertex -45.4693 -37.6955 0.5
      vertex -45.9647 -37.8637 0
      vertex -45.4693 -37.6955 0
    endloop
  endfacet
  facet normal 0 0 -1
    outer loop
      vertex -43.0342 -34.5221 0
      vertex -43.0342 -33.4779 0
      vertex -43 -34 0
    endloop
  endfacet
  facet normal 0 0 -1
    outer loop
      vertex -43.1363 -35.0353 0
      vertex -43.0342 -33.4779 0
      vertex -43.0342 -34.5221 0
    endloop
  endfacet
  facet normal 0 0 -1
    outer loop
      vertex -43.1363 -35.0353 0
      vertex -43.1363 -32.9647 0
      vertex -43.0342 -33.4779 0
    endloop
  endfacet
  facet normal 0 0 -1
    outer loop
      vertex -43.3045 -35.5307 0
      vertex -43.1363 -32.9647 0
      vertex -43.1363 -35.0353 0
    endloop
  endfacet
  facet normal 0 0 -1
    outer loop
      vertex -43.3045 -35.5307 0
      vertex -43.3045 -32.4693 0
      vertex -43.1363 -32.9647 0
    endloop
  endfacet
  facet normal 0 0 -1
    outer loop
      vertex -43.5359 -36 0
      vertex -43.3045 -32.4693 0
      vertex -43.3045 -35.5307 0
    endloop
  endfacet
  facet normal 0 0 -1
    outer loop
      vertex -43.5359 -36 0
      vertex -43.5359 -32 0
      vertex -43.3045 -32.4693 0
    endloop
  endfacet
  facet normal 0 0 -1
    outer loop
      vertex -43.8266 -36.435 0
      vertex -43.5359 -32 0
      vertex -43.5359 -36 0
    endloop
  endfacet
  facet normal 0 0 -1
    outer loop
      vertex -43.8266 -36.435 0
      vertex -43.8266 -31.565 0
      vertex -43.5359 -32 0
    endloop
  endfacet
  facet normal 0 0 -1
    outer loop
      vertex -44.1716 -36.8284 0
      vertex -43.8266 -31.565 0
      vertex -43.8266 -36.435 0
    endloop
  endfacet
  facet normal 0 0 -1
    outer loop
      vertex -44.1716 -36.8284 0
      vertex -44.1716 -31.1716 0
      vertex -43.8266 -31.565 0
    endloop
  endfacet
  facet normal 0 0 -1
    outer loop
      vertex -44.565 -37.1734 0
      vertex -44.1716 -31.1716 0
      vertex -44.1716 -36.8284 0
    endloop
  endfacet
  facet normal 0 0 -1
    outer loop
      vertex -44.565 -37.1734 0
      vertex -44.565 -30.8266 0
      vertex -44.1716 -31.1716 0
    endloop
  endfacet
  facet normal 0 0 -1
    outer loop
      vertex -45 -37.4641 0
      vertex -44.565 -30.8266 0
      vertex -44.565 -37.1734 0
    endloop
  endfacet
  facet normal 0 0 -1
    outer loop
      vertex -45 -37.4641 0
      vertex -45 -30.5359 0
      vertex -44.565 -30.8266 0
    endloop
  endfacet
  facet normal 0 0 -1
    outer loop
      vertex -45.4693 -37.6955 0
      vertex -45 -30.5359 0
      vertex -45 -37.4641 0
    endloop
  endfacet
  facet normal 0 0 -1
    outer loop
      vertex -45.4693 -37.6955 0
      vertex -45.4693 -30.3045 0
      vertex -45 -30.5359 0
    endloop
  endfacet
  facet normal 0 0 -1
    outer loop
      vertex -45.9647 -37.8637 0
      vertex -45.4693 -30.3045 0
      vertex -45.4693 -37.6955 0
    endloop
  endfacet
  facet normal 0 0 -1
    outer loop
      vertex -45.9647 -37.8637 0
      vertex -45.9647 -30.1363 0
      vertex -45.4693 -30.3045 0
    endloop
  endfacet
  facet normal 0 0 -1
    outer loop
      vertex -46.4779 -37.9658 0
      vertex -45.9647 -30.1363 0
      vertex -45.9647 -37.8637 0
    endloop
  endfacet
  facet normal 0 0 -1
    outer loop
      vertex -46.4779 -37.9658 0
      vertex -46.4779 -30.0342 0
      vertex -45.9647 -30.1363 0
    endloop
  endfacet
  facet normal 0 0 -1
    outer loop
      vertex -47 -38 0
      vertex -46.4779 -30.0342 0
      vertex -46.4779 -37.9658 0
    endloop
  endfacet
  facet normal 0 0 -1
    outer loop
      vertex -47 -38 0
      vertex -47 -30 0
      vertex -46.4779 -30.0342 0
    endloop
  endfacet
  facet normal 0 0 -1
    outer loop
      vertex -47.5221 -37.9658 0
      vertex -47 -30 0
      vertex -47 -38 0
    endloop
  endfacet
  facet normal 0 0 -1
    outer loop
      vertex -47.5221 -37.9658 0
      vertex -47.5221 -30.0342 0
      vertex -47 -30 0
    endloop
  endfacet
  facet normal 0 0 -1
    outer loop
      vertex -48.0353 -37.8637 0
      vertex -47.5221 -30.0342 0
      vertex -47.5221 -37.9658 0
    endloop
  endfacet
  facet normal 0 0 -1
    outer loop
      vertex -48.0353 -37.8637 0
      vertex -48.0353 -30.1363 0
      vertex -47.5221 -30.0342 0
    endloop
  endfacet
  facet normal 0 0 -1
    outer loop
      vertex -48.5307 -37.6955 0
      vertex -48.0353 -30.1363 0
      vertex -48.0353 -37.8637 0
    endloop
  endfacet
  facet normal 0 0 -1
    outer loop
      vertex -48.5307 -37.6955 0
      vertex -48.5307 -30.3045 0
      vertex -48.0353 -30.1363 0
    endloop
  endfacet
  facet normal 0 0 -1
    outer loop
      vertex -49 -37.4641 0
      vertex -48.5307 -30.3045 0
      vertex -48.5307 -37.6955 0
    endloop
  endfacet
  facet normal 0 0 -1
    outer loop
      vertex -49 -37.4641 0
      vertex -49 -30.5359 0
      vertex -48.5307 -30.3045 0
    endloop
  endfacet
  facet normal 0 0 -1
    outer loop
      vertex -49.435 -37.1734 0
      vertex -49 -30.5359 0
      vertex -49 -37.4641 0
    endloop
  endfacet
  facet normal 0 0 -1
    outer loop
      vertex -49.435 -37.1734 0
      vertex -49.435 -30.8266 0
      vertex -49 -30.5359 0
    endloop
  endfacet
  facet normal 0 0 -1
    outer loop
      vertex -49.8284 -36.8284 0
      vertex -49.435 -30.8266 0
      vertex -49.435 -37.1734 0
    endloop
  endfacet
  facet normal 0 0 -1
    outer loop
      vertex -49.8284 -36.8284 0
      vertex -49.8284 -31.1716 0
      vertex -49.435 -30.8266 0
    endloop
  endfacet
  facet normal 0 0 -1
    outer loop
      vertex -50.1734 -36.435 0
      vertex -49.8284 -31.1716 0
      vertex -49.8284 -36.8284 0
    endloop
  endfacet
  facet normal 0 0 -1
    outer loop
      vertex -50.1734 -36.435 0
      vertex -50.1734 -31.565 0
      vertex -49.8284 -31.1716 0
    endloop
  endfacet
  facet normal 0 0 -1
    outer loop
      vertex -50.4641 -36 0
      vertex -50.1734 -31.565 0
      vertex -50.1734 -36.435 0
    endloop
  endfacet
  facet normal 0 0 -1
    outer loop
      vertex -50.4641 -36 0
      vertex -50.4641 -32 0
      vertex -50.1734 -31.565 0
    endloop
  endfacet
  facet normal 0 0 -1
    outer loop
      vertex -50.6955 -35.5307 0
      vertex -50.4641 -32 0
      vertex -50.4641 -36 0
    endloop
  endfacet
  facet normal 0 0 -1
    outer loop
      vertex -50.6955 -35.5307 0
      vertex -50.6955 -32.4693 0
      vertex -50.4641 -32 0
    endloop
  endfacet
  facet normal 0 0 -1
    outer loop
      vertex -50.8637 -35.0353 0
      vertex -50.6955 -32.4693 0
      vertex -50.6955 -35.5307 0
    endloop
  endfacet
  facet normal 0 0 -1
    outer loop
      vertex -50.8637 -35.0353 0
      vertex -50.8637 -32.9647 0
      vertex -50.6955 -32.4693 0
    endloop
  endfacet
  facet normal 0 0 -1
    outer loop
      vertex -50.9658 -34.5221 0
      vertex -50.8637 -32.9647 0
      vertex -50.8637 -35.0353 0
    endloop
  endfacet
  facet normal 0 0 -1
    outer loop
      vertex -50.9658 -34.5221 0
      vertex -50.9658 -33.4779 0
      vertex -50.8637 -32.9647 0
    endloop
  endfacet
  facet normal 0 -0 -1
    outer loop
      vertex -50.9658 -33.4779 0
      vertex -50.9658 -34.5221 0
      vertex -51 -34 0
    endloop
  endfacet
  facet normal 0.555626 0.831432 -0
    outer loop
      vertex -44.565 -30.8266 0
      vertex -45 -30.5359 0.5
      vertex -44.565 -30.8266 0.5
    endloop
  endfacet
  facet normal 0.555626 0.831432 0
    outer loop
      vertex -45 -30.5359 0.5
      vertex -44.565 -30.8266 0
      vertex -45 -30.5359 0
    endloop
  endfacet
  facet normal -0.751842 0.659343 0
    outer loop
      vertex -50.1734 -31.565 0
      vertex -49.8284 -31.1716 0.5
      vertex -49.8284 -31.1716 0
    endloop
  endfacet
  facet normal -0.751842 0.659343 0
    outer loop
      vertex -49.8284 -31.1716 0.5
      vertex -50.1734 -31.565 0
      vertex -50.1734 -31.565 0.5
    endloop
  endfacet
  facet normal 0.0653646 0.997861 -0
    outer loop
      vertex -46.4779 -30.0342 0
      vertex -47 -30 0.5
      vertex -46.4779 -30.0342 0.5
    endloop
  endfacet
  facet normal 0.0653646 0.997861 0
    outer loop
      vertex -47 -30 0.5
      vertex -46.4779 -30.0342 0
      vertex -47 -30 0
    endloop
  endfacet
  facet normal -0.997861 0.0653646 0
    outer loop
      vertex -51 -34 0
      vertex -50.9658 -33.4779 0.5
      vertex -50.9658 -33.4779 0
    endloop
  endfacet
  facet normal -0.997861 0.0653646 0
    outer loop
      vertex -50.9658 -33.4779 0.5
      vertex -51 -34 0
      vertex -51 -34 0.5
    endloop
  endfacet
  facet normal -0.321498 -0.94691 0
    outer loop
      vertex -48.5307 -37.6955 0
      vertex -48.0353 -37.8637 0.5
      vertex -48.5307 -37.6955 0.5
    endloop
  endfacet
  facet normal -0.321498 -0.94691 -0
    outer loop
      vertex -48.0353 -37.8637 0.5
      vertex -48.5307 -37.6955 0
      vertex -48.0353 -37.8637 0
    endloop
  endfacet
  facet normal 0.659343 -0.751842 0
    outer loop
      vertex -44.565 -37.1734 0
      vertex -44.1716 -36.8284 0.5
      vertex -44.565 -37.1734 0.5
    endloop
  endfacet
  facet normal 0.659343 -0.751842 0
    outer loop
      vertex -44.1716 -36.8284 0.5
      vertex -44.565 -37.1734 0
      vertex -44.1716 -36.8284 0
    endloop
  endfacet
  facet normal 0.555626 -0.831432 0
    outer loop
      vertex -45 -37.4641 0
      vertex -44.565 -37.1734 0.5
      vertex -45 -37.4641 0.5
    endloop
  endfacet
  facet normal 0.555626 -0.831432 0
    outer loop
      vertex -44.565 -37.1734 0.5
      vertex -45 -37.4641 0
      vertex -44.565 -37.1734 0
    endloop
  endfacet
  facet normal -0.831432 -0.555626 0
    outer loop
      vertex -50.1734 -36.435 0
      vertex -50.4641 -36 0.5
      vertex -50.4641 -36 0
    endloop
  endfacet
  facet normal -0.831432 -0.555626 0
    outer loop
      vertex -50.4641 -36 0.5
      vertex -50.1734 -36.435 0
      vertex -50.1734 -36.435 0.5
    endloop
  endfacet
  facet normal -0.831432 0.555626 0
    outer loop
      vertex -50.4641 -32 0
      vertex -50.1734 -31.565 0.5
      vertex -50.1734 -31.565 0
    endloop
  endfacet
  facet normal -0.831432 0.555626 0
    outer loop
      vertex -50.1734 -31.565 0.5
      vertex -50.4641 -32 0
      vertex -50.4641 -32 0.5
    endloop
  endfacet
  facet normal 0.321498 -0.94691 0
    outer loop
      vertex 48.0353 -37.8637 0
      vertex 48.5307 -37.6955 0.5
      vertex 48.0353 -37.8637 0.5
    endloop
  endfacet
  facet normal 0.321498 -0.94691 0
    outer loop
      vertex 48.5307 -37.6955 0.5
      vertex 48.0353 -37.8637 0
      vertex 48.5307 -37.6955 0
    endloop
  endfacet
  facet normal 0.980779 0.195124 0
    outer loop
      vertex 50.9658 -33.4779 0.5
      vertex 50.8637 -32.9647 0
      vertex 50.8637 -32.9647 0.5
    endloop
  endfacet
  facet normal 0.980779 0.195124 0
    outer loop
      vertex 50.8637 -32.9647 0
      vertex 50.9658 -33.4779 0.5
      vertex 50.9658 -33.4779 0
    endloop
  endfacet
  facet normal 0.997861 0.0653646 0
    outer loop
      vertex 51 -34 0.5
      vertex 50.9658 -33.4779 0
      vertex 50.9658 -33.4779 0.5
    endloop
  endfacet
  facet normal 0.997861 0.0653646 0
    outer loop
      vertex 50.9658 -33.4779 0
      vertex 51 -34 0.5
      vertex 51 -34 0
    endloop
  endfacet
  facet normal 0.94691 0.321498 0
    outer loop
      vertex 50.8637 -32.9647 0.5
      vertex 50.6955 -32.4693 0
      vertex 50.6955 -32.4693 0.5
    endloop
  endfacet
  facet normal 0.94691 0.321498 0
    outer loop
      vertex 50.6955 -32.4693 0
      vertex 50.8637 -32.9647 0.5
      vertex 50.8637 -32.9647 0
    endloop
  endfacet
  facet normal 0.442238 -0.896898 0
    outer loop
      vertex 48.5307 -37.6955 0
      vertex 49 -37.4641 0.5
      vertex 48.5307 -37.6955 0.5
    endloop
  endfacet
  facet normal 0.442238 -0.896898 0
    outer loop
      vertex 49 -37.4641 0.5
      vertex 48.5307 -37.6955 0
      vertex 49 -37.4641 0
    endloop
  endfacet
  facet normal -0.997861 0.0653646 0
    outer loop
      vertex 43 -34 0
      vertex 43.0342 -33.4779 0.5
      vertex 43.0342 -33.4779 0
    endloop
  endfacet
  facet normal -0.997861 0.0653646 0
    outer loop
      vertex 43.0342 -33.4779 0.5
      vertex 43 -34 0
      vertex 43 -34 0.5
    endloop
  endfacet
  facet normal 0.321498 0.94691 -0
    outer loop
      vertex 48.5307 -30.3045 0
      vertex 48.0353 -30.1363 0.5
      vertex 48.5307 -30.3045 0.5
    endloop
  endfacet
  facet normal 0.321498 0.94691 0
    outer loop
      vertex 48.0353 -30.1363 0.5
      vertex 48.5307 -30.3045 0
      vertex 48.0353 -30.1363 0
    endloop
  endfacet
  facet normal -0.980779 -0.195124 0
    outer loop
      vertex 43.1363 -35.0353 0
      vertex 43.0342 -34.5221 0.5
      vertex 43.0342 -34.5221 0
    endloop
  endfacet
  facet normal -0.980779 -0.195124 0
    outer loop
      vertex 43.0342 -34.5221 0.5
      vertex 43.1363 -35.0353 0
      vertex 43.1363 -35.0353 0.5
    endloop
  endfacet
  facet normal 0.831432 0.555626 0
    outer loop
      vertex 50.4641 -32 0.5
      vertex 50.1734 -31.565 0
      vertex 50.1734 -31.565 0.5
    endloop
  endfacet
  facet normal 0.831432 0.555626 0
    outer loop
      vertex 50.1734 -31.565 0
      vertex 50.4641 -32 0.5
      vertex 50.4641 -32 0
    endloop
  endfacet
  facet normal 0.896898 0.442238 0
    outer loop
      vertex 50.6955 -32.4693 0.5
      vertex 50.4641 -32 0
      vertex 50.4641 -32 0.5
    endloop
  endfacet
  facet normal 0.896898 0.442238 0
    outer loop
      vertex 50.4641 -32 0
      vertex 50.6955 -32.4693 0.5
      vertex 50.6955 -32.4693 0
    endloop
  endfacet
  facet normal -0.94691 -0.321498 0
    outer loop
      vertex 43.3045 -35.5307 0
      vertex 43.1363 -35.0353 0.5
      vertex 43.1363 -35.0353 0
    endloop
  endfacet
  facet normal -0.94691 -0.321498 0
    outer loop
      vertex 43.1363 -35.0353 0.5
      vertex 43.3045 -35.5307 0
      vertex 43.3045 -35.5307 0.5
    endloop
  endfacet
  facet normal -0.442238 -0.896898 0
    outer loop
      vertex 45 -37.4641 0
      vertex 45.4693 -37.6955 0.5
      vertex 45 -37.4641 0.5
    endloop
  endfacet
  facet normal -0.442238 -0.896898 -0
    outer loop
      vertex 45.4693 -37.6955 0.5
      vertex 45 -37.4641 0
      vertex 45.4693 -37.6955 0
    endloop
  endfacet
  facet normal -0.751842 0.659343 0
    outer loop
      vertex 43.8266 -31.565 0
      vertex 44.1716 -31.1716 0.5
      vertex 44.1716 -31.1716 0
    endloop
  endfacet
  facet normal -0.751842 0.659343 0
    outer loop
      vertex 44.1716 -31.1716 0.5
      vertex 43.8266 -31.565 0
      vertex 43.8266 -31.565 0.5
    endloop
  endfacet
  facet normal 0.0653646 0.997861 -0
    outer loop
      vertex 47.5221 -30.0342 0
      vertex 47 -30 0.5
      vertex 47.5221 -30.0342 0.5
    endloop
  endfacet
  facet normal 0.0653646 0.997861 0
    outer loop
      vertex 47 -30 0.5
      vertex 47.5221 -30.0342 0
      vertex 47 -30 0
    endloop
  endfacet
  facet normal -0.195124 -0.980779 0
    outer loop
      vertex 45.9647 -37.8637 0
      vertex 46.4779 -37.9658 0.5
      vertex 45.9647 -37.8637 0.5
    endloop
  endfacet
  facet normal -0.195124 -0.980779 -0
    outer loop
      vertex 46.4779 -37.9658 0.5
      vertex 45.9647 -37.8637 0
      vertex 46.4779 -37.9658 0
    endloop
  endfacet
  facet normal 0.659343 0.751842 -0
    outer loop
      vertex 49.8284 -31.1716 0
      vertex 49.435 -30.8266 0.5
      vertex 49.8284 -31.1716 0.5
    endloop
  endfacet
  facet normal 0.659343 0.751842 0
    outer loop
      vertex 49.435 -30.8266 0.5
      vertex 49.8284 -31.1716 0
      vertex 49.435 -30.8266 0
    endloop
  endfacet
  facet normal -0.751842 -0.659343 0
    outer loop
      vertex 44.1716 -36.8284 0
      vertex 43.8266 -36.435 0.5
      vertex 43.8266 -36.435 0
    endloop
  endfacet
  facet normal -0.751842 -0.659343 0
    outer loop
      vertex 43.8266 -36.435 0.5
      vertex 44.1716 -36.8284 0
      vertex 44.1716 -36.8284 0.5
    endloop
  endfacet
  facet normal 0.0653646 -0.997861 0
    outer loop
      vertex 47 -38 0
      vertex 47.5221 -37.9658 0.5
      vertex 47 -38 0.5
    endloop
  endfacet
  facet normal 0.0653646 -0.997861 0
    outer loop
      vertex 47.5221 -37.9658 0.5
      vertex 47 -38 0
      vertex 47.5221 -37.9658 0
    endloop
  endfacet
  facet normal -0.442238 0.896898 0
    outer loop
      vertex 45.4693 -30.3045 0
      vertex 45 -30.5359 0.5
      vertex 45.4693 -30.3045 0.5
    endloop
  endfacet
  facet normal -0.442238 0.896898 0
    outer loop
      vertex 45 -30.5359 0.5
      vertex 45.4693 -30.3045 0
      vertex 45 -30.5359 0
    endloop
  endfacet
  facet normal 0 0 -1
    outer loop
      vertex 50.9658 -34.5221 0
      vertex 50.9658 -33.4779 0
      vertex 51 -34 0
    endloop
  endfacet
  facet normal 0 0 -1
    outer loop
      vertex 50.8637 -35.0353 0
      vertex 50.9658 -33.4779 0
      vertex 50.9658 -34.5221 0
    endloop
  endfacet
  facet normal 0 0 -1
    outer loop
      vertex 50.8637 -35.0353 0
      vertex 50.8637 -32.9647 0
      vertex 50.9658 -33.4779 0
    endloop
  endfacet
  facet normal 0 0 -1
    outer loop
      vertex 50.6955 -35.5307 0
      vertex 50.8637 -32.9647 0
      vertex 50.8637 -35.0353 0
    endloop
  endfacet
  facet normal 0 0 -1
    outer loop
      vertex 50.6955 -35.5307 0
      vertex 50.6955 -32.4693 0
      vertex 50.8637 -32.9647 0
    endloop
  endfacet
  facet normal 0 0 -1
    outer loop
      vertex 50.4641 -36 0
      vertex 50.6955 -32.4693 0
      vertex 50.6955 -35.5307 0
    endloop
  endfacet
  facet normal 0 0 -1
    outer loop
      vertex 50.4641 -36 0
      vertex 50.4641 -32 0
      vertex 50.6955 -32.4693 0
    endloop
  endfacet
  facet normal 0 0 -1
    outer loop
      vertex 50.1734 -36.435 0
      vertex 50.4641 -32 0
      vertex 50.4641 -36 0
    endloop
  endfacet
  facet normal 0 0 -1
    outer loop
      vertex 50.1734 -36.435 0
      vertex 50.1734 -31.565 0
      vertex 50.4641 -32 0
    endloop
  endfacet
  facet normal 0 0 -1
    outer loop
      vertex 49.8284 -36.8284 0
      vertex 50.1734 -31.565 0
      vertex 50.1734 -36.435 0
    endloop
  endfacet
  facet normal 0 0 -1
    outer loop
      vertex 49.8284 -36.8284 0
      vertex 49.8284 -31.1716 0
      vertex 50.1734 -31.565 0
    endloop
  endfacet
  facet normal 0 0 -1
    outer loop
      vertex 49.435 -37.1734 0
      vertex 49.8284 -31.1716 0
      vertex 49.8284 -36.8284 0
    endloop
  endfacet
  facet normal 0 0 -1
    outer loop
      vertex 49.435 -37.1734 0
      vertex 49.435 -30.8266 0
      vertex 49.8284 -31.1716 0
    endloop
  endfacet
  facet normal 0 0 -1
    outer loop
      vertex 49 -37.4641 0
      vertex 49.435 -30.8266 0
      vertex 49.435 -37.1734 0
    endloop
  endfacet
  facet normal 0 0 -1
    outer loop
      vertex 49 -37.4641 0
      vertex 49 -30.5359 0
      vertex 49.435 -30.8266 0
    endloop
  endfacet
  facet normal 0 0 -1
    outer loop
      vertex 48.5307 -37.6955 0
      vertex 49 -30.5359 0
      vertex 49 -37.4641 0
    endloop
  endfacet
  facet normal 0 0 -1
    outer loop
      vertex 48.5307 -37.6955 0
      vertex 48.5307 -30.3045 0
      vertex 49 -30.5359 0
    endloop
  endfacet
  facet normal 0 0 -1
    outer loop
      vertex 48.0353 -37.8637 0
      vertex 48.5307 -30.3045 0
      vertex 48.5307 -37.6955 0
    endloop
  endfacet
  facet normal 0 0 -1
    outer loop
      vertex 48.0353 -37.8637 0
      vertex 48.0353 -30.1363 0
      vertex 48.5307 -30.3045 0
    endloop
  endfacet
  facet normal 0 0 -1
    outer loop
      vertex 47.5221 -37.9658 0
      vertex 48.0353 -30.1363 0
      vertex 48.0353 -37.8637 0
    endloop
  endfacet
  facet normal 0 0 -1
    outer loop
      vertex 47.5221 -37.9658 0
      vertex 47.5221 -30.0342 0
      vertex 48.0353 -30.1363 0
    endloop
  endfacet
  facet normal 0 0 -1
    outer loop
      vertex 47 -38 0
      vertex 47.5221 -30.0342 0
      vertex 47.5221 -37.9658 0
    endloop
  endfacet
  facet normal 0 0 -1
    outer loop
      vertex 47 -38 0
      vertex 47 -30 0
      vertex 47.5221 -30.0342 0
    endloop
  endfacet
  facet normal 0 0 -1
    outer loop
      vertex 46.4779 -37.9658 0
      vertex 47 -30 0
      vertex 47 -38 0
    endloop
  endfacet
  facet normal 0 0 -1
    outer loop
      vertex 46.4779 -37.9658 0
      vertex 46.4779 -30.0342 0
      vertex 47 -30 0
    endloop
  endfacet
  facet normal 0 0 -1
    outer loop
      vertex 45.9647 -37.8637 0
      vertex 46.4779 -30.0342 0
      vertex 46.4779 -37.9658 0
    endloop
  endfacet
  facet normal 0 0 -1
    outer loop
      vertex 45.9647 -37.8637 0
      vertex 45.9647 -30.1363 0
      vertex 46.4779 -30.0342 0
    endloop
  endfacet
  facet normal 0 0 -1
    outer loop
      vertex 45.4693 -37.6955 0
      vertex 45.9647 -30.1363 0
      vertex 45.9647 -37.8637 0
    endloop
  endfacet
  facet normal 0 0 -1
    outer loop
      vertex 45.4693 -37.6955 0
      vertex 45.4693 -30.3045 0
      vertex 45.9647 -30.1363 0
    endloop
  endfacet
  facet normal 0 0 -1
    outer loop
      vertex 45 -37.4641 0
      vertex 45.4693 -30.3045 0
      vertex 45.4693 -37.6955 0
    endloop
  endfacet
  facet normal 0 0 -1
    outer loop
      vertex 45 -37.4641 0
      vertex 45 -30.5359 0
      vertex 45.4693 -30.3045 0
    endloop
  endfacet
  facet normal 0 0 -1
    outer loop
      vertex 44.565 -37.1734 0
      vertex 45 -30.5359 0
      vertex 45 -37.4641 0
    endloop
  endfacet
  facet normal 0 0 -1
    outer loop
      vertex 44.565 -37.1734 0
      vertex 44.565 -30.8266 0
      vertex 45 -30.5359 0
    endloop
  endfacet
  facet normal 0 0 -1
    outer loop
      vertex 44.1716 -36.8284 0
      vertex 44.565 -30.8266 0
      vertex 44.565 -37.1734 0
    endloop
  endfacet
  facet normal 0 0 -1
    outer loop
      vertex 44.1716 -36.8284 0
      vertex 44.1716 -31.1716 0
      vertex 44.565 -30.8266 0
    endloop
  endfacet
  facet normal 0 0 -1
    outer loop
      vertex 43.8266 -36.435 0
      vertex 44.1716 -31.1716 0
      vertex 44.1716 -36.8284 0
    endloop
  endfacet
  facet normal 0 0 -1
    outer loop
      vertex 43.8266 -36.435 0
      vertex 43.8266 -31.565 0
      vertex 44.1716 -31.1716 0
    endloop
  endfacet
  facet normal 0 0 -1
    outer loop
      vertex 43.5359 -36 0
      vertex 43.8266 -31.565 0
      vertex 43.8266 -36.435 0
    endloop
  endfacet
  facet normal 0 0 -1
    outer loop
      vertex 43.5359 -36 0
      vertex 43.5359 -32 0
      vertex 43.8266 -31.565 0
    endloop
  endfacet
  facet normal 0 0 -1
    outer loop
      vertex 43.3045 -35.5307 0
      vertex 43.5359 -32 0
      vertex 43.5359 -36 0
    endloop
  endfacet
  facet normal 0 0 -1
    outer loop
      vertex 43.3045 -35.5307 0
      vertex 43.3045 -32.4693 0
      vertex 43.5359 -32 0
    endloop
  endfacet
  facet normal 0 0 -1
    outer loop
      vertex 43.1363 -35.0353 0
      vertex 43.3045 -32.4693 0
      vertex 43.3045 -35.5307 0
    endloop
  endfacet
  facet normal 0 0 -1
    outer loop
      vertex 43.1363 -35.0353 0
      vertex 43.1363 -32.9647 0
      vertex 43.3045 -32.4693 0
    endloop
  endfacet
  facet normal 0 0 -1
    outer loop
      vertex 43.0342 -34.5221 0
      vertex 43.1363 -32.9647 0
      vertex 43.1363 -35.0353 0
    endloop
  endfacet
  facet normal 0 0 -1
    outer loop
      vertex 43.0342 -34.5221 0
      vertex 43.0342 -33.4779 0
      vertex 43.1363 -32.9647 0
    endloop
  endfacet
  facet normal 0 -0 -1
    outer loop
      vertex 43.0342 -33.4779 0
      vertex 43.0342 -34.5221 0
      vertex 43 -34 0
    endloop
  endfacet
  facet normal -0.0653646 0.997861 0
    outer loop
      vertex 47 -30 0
      vertex 46.4779 -30.0342 0.5
      vertex 47 -30 0.5
    endloop
  endfacet
  facet normal -0.0653646 0.997861 0
    outer loop
      vertex 46.4779 -30.0342 0.5
      vertex 47 -30 0
      vertex 46.4779 -30.0342 0
    endloop
  endfacet
  facet normal 0.831432 -0.555626 0
    outer loop
      vertex 50.1734 -36.435 0.5
      vertex 50.4641 -36 0
      vertex 50.4641 -36 0.5
    endloop
  endfacet
  facet normal 0.831432 -0.555626 0
    outer loop
      vertex 50.4641 -36 0
      vertex 50.1734 -36.435 0.5
      vertex 50.1734 -36.435 0
    endloop
  endfacet
  facet normal 0.195124 -0.980779 0
    outer loop
      vertex 47.5221 -37.9658 0
      vertex 48.0353 -37.8637 0.5
      vertex 47.5221 -37.9658 0.5
    endloop
  endfacet
  facet normal 0.195124 -0.980779 0
    outer loop
      vertex 48.0353 -37.8637 0.5
      vertex 47.5221 -37.9658 0
      vertex 48.0353 -37.8637 0
    endloop
  endfacet
  facet normal -0.555626 -0.831432 0
    outer loop
      vertex 44.565 -37.1734 0
      vertex 45 -37.4641 0.5
      vertex 44.565 -37.1734 0.5
    endloop
  endfacet
  facet normal -0.555626 -0.831432 -0
    outer loop
      vertex 45 -37.4641 0.5
      vertex 44.565 -37.1734 0
      vertex 45 -37.4641 0
    endloop
  endfacet
  facet normal 0.980779 -0.195124 0
    outer loop
      vertex 50.8637 -35.0353 0.5
      vertex 50.9658 -34.5221 0
      vertex 50.9658 -34.5221 0.5
    endloop
  endfacet
  facet normal 0.980779 -0.195124 0
    outer loop
      vertex 50.9658 -34.5221 0
      vertex 50.8637 -35.0353 0.5
      vertex 50.8637 -35.0353 0
    endloop
  endfacet
  facet normal 0.555626 -0.831432 0
    outer loop
      vertex 49 -37.4641 0
      vertex 49.435 -37.1734 0.5
      vertex 49 -37.4641 0.5
    endloop
  endfacet
  facet normal 0.555626 -0.831432 0
    outer loop
      vertex 49.435 -37.1734 0.5
      vertex 49 -37.4641 0
      vertex 49.435 -37.1734 0
    endloop
  endfacet
  facet normal 0.751842 -0.659343 0
    outer loop
      vertex 49.8284 -36.8284 0.5
      vertex 50.1734 -36.435 0
      vertex 50.1734 -36.435 0.5
    endloop
  endfacet
  facet normal 0.751842 -0.659343 0
    outer loop
      vertex 50.1734 -36.435 0
      vertex 49.8284 -36.8284 0.5
      vertex 49.8284 -36.8284 0
    endloop
  endfacet
  facet normal 0.896898 -0.442238 0
    outer loop
      vertex 50.4641 -36 0.5
      vertex 50.6955 -35.5307 0
      vertex 50.6955 -35.5307 0.5
    endloop
  endfacet
  facet normal 0.896898 -0.442238 0
    outer loop
      vertex 50.6955 -35.5307 0
      vertex 50.4641 -36 0.5
      vertex 50.4641 -36 0
    endloop
  endfacet
  facet normal -0.555626 0.831432 0
    outer loop
      vertex 45 -30.5359 0
      vertex 44.565 -30.8266 0.5
      vertex 45 -30.5359 0.5
    endloop
  endfacet
  facet normal -0.555626 0.831432 0
    outer loop
      vertex 44.565 -30.8266 0.5
      vertex 45 -30.5359 0
      vertex 44.565 -30.8266 0
    endloop
  endfacet
  facet normal -0.980779 0.195124 0
    outer loop
      vertex 43.0342 -33.4779 0
      vertex 43.1363 -32.9647 0.5
      vertex 43.1363 -32.9647 0
    endloop
  endfacet
  facet normal -0.980779 0.195124 0
    outer loop
      vertex 43.1363 -32.9647 0.5
      vertex 43.0342 -33.4779 0
      vertex 43.0342 -33.4779 0.5
    endloop
  endfacet
  facet normal -0.321498 -0.94691 0
    outer loop
      vertex 45.4693 -37.6955 0
      vertex 45.9647 -37.8637 0.5
      vertex 45.4693 -37.6955 0.5
    endloop
  endfacet
  facet normal -0.321498 -0.94691 -0
    outer loop
      vertex 45.9647 -37.8637 0.5
      vertex 45.4693 -37.6955 0
      vertex 45.9647 -37.8637 0
    endloop
  endfacet
  facet normal -0.195124 0.980779 0
    outer loop
      vertex 46.4779 -30.0342 0
      vertex 45.9647 -30.1363 0.5
      vertex 46.4779 -30.0342 0.5
    endloop
  endfacet
  facet normal -0.195124 0.980779 0
    outer loop
      vertex 45.9647 -30.1363 0.5
      vertex 46.4779 -30.0342 0
      vertex 45.9647 -30.1363 0
    endloop
  endfacet
  facet normal 0.997861 -0.0653646 0
    outer loop
      vertex 50.9658 -34.5221 0.5
      vertex 51 -34 0
      vertex 51 -34 0.5
    endloop
  endfacet
  facet normal 0.997861 -0.0653646 0
    outer loop
      vertex 51 -34 0
      vertex 50.9658 -34.5221 0.5
      vertex 50.9658 -34.5221 0
    endloop
  endfacet
  facet normal -0.896898 -0.442238 0
    outer loop
      vertex 43.5359 -36 0
      vertex 43.3045 -35.5307 0.5
      vertex 43.3045 -35.5307 0
    endloop
  endfacet
  facet normal -0.896898 -0.442238 0
    outer loop
      vertex 43.3045 -35.5307 0.5
      vertex 43.5359 -36 0
      vertex 43.5359 -36 0.5
    endloop
  endfacet
  facet normal 0.195124 0.980779 -0
    outer loop
      vertex 48.0353 -30.1363 0
      vertex 47.5221 -30.0342 0.5
      vertex 48.0353 -30.1363 0.5
    endloop
  endfacet
  facet normal 0.195124 0.980779 0
    outer loop
      vertex 47.5221 -30.0342 0.5
      vertex 48.0353 -30.1363 0
      vertex 47.5221 -30.0342 0
    endloop
  endfacet
  facet normal -0.0653646 -0.997861 0
    outer loop
      vertex 46.4779 -37.9658 0
      vertex 47 -38 0.5
      vertex 46.4779 -37.9658 0.5
    endloop
  endfacet
  facet normal -0.0653646 -0.997861 -0
    outer loop
      vertex 47 -38 0.5
      vertex 46.4779 -37.9658 0
      vertex 47 -38 0
    endloop
  endfacet
  facet normal 0.442238 0.896898 -0
    outer loop
      vertex 49 -30.5359 0
      vertex 48.5307 -30.3045 0.5
      vertex 49 -30.5359 0.5
    endloop
  endfacet
  facet normal 0.442238 0.896898 0
    outer loop
      vertex 48.5307 -30.3045 0.5
      vertex 49 -30.5359 0
      vertex 48.5307 -30.3045 0
    endloop
  endfacet
  facet normal -0.321498 0.94691 0
    outer loop
      vertex 45.9647 -30.1363 0
      vertex 45.4693 -30.3045 0.5
      vertex 45.9647 -30.1363 0.5
    endloop
  endfacet
  facet normal -0.321498 0.94691 0
    outer loop
      vertex 45.4693 -30.3045 0.5
      vertex 45.9647 -30.1363 0
      vertex 45.4693 -30.3045 0
    endloop
  endfacet
  facet normal -0.831432 -0.555626 0
    outer loop
      vertex 43.8266 -36.435 0
      vertex 43.5359 -36 0.5
      vertex 43.5359 -36 0
    endloop
  endfacet
  facet normal -0.831432 -0.555626 0
    outer loop
      vertex 43.5359 -36 0.5
      vertex 43.8266 -36.435 0
      vertex 43.8266 -36.435 0.5
    endloop
  endfacet
  facet normal 0.94691 -0.321498 0
    outer loop
      vertex 50.6955 -35.5307 0.5
      vertex 50.8637 -35.0353 0
      vertex 50.8637 -35.0353 0.5
    endloop
  endfacet
  facet normal 0.94691 -0.321498 0
    outer loop
      vertex 50.8637 -35.0353 0
      vertex 50.6955 -35.5307 0.5
      vertex 50.6955 -35.5307 0
    endloop
  endfacet
  facet normal -0.659343 0.751842 0
    outer loop
      vertex 44.565 -30.8266 0
      vertex 44.1716 -31.1716 0.5
      vertex 44.565 -30.8266 0.5
    endloop
  endfacet
  facet normal -0.659343 0.751842 0
    outer loop
      vertex 44.1716 -31.1716 0.5
      vertex 44.565 -30.8266 0
      vertex 44.1716 -31.1716 0
    endloop
  endfacet
  facet normal 0.555626 0.831432 -0
    outer loop
      vertex 49.435 -30.8266 0
      vertex 49 -30.5359 0.5
      vertex 49.435 -30.8266 0.5
    endloop
  endfacet
  facet normal 0.555626 0.831432 0
    outer loop
      vertex 49 -30.5359 0.5
      vertex 49.435 -30.8266 0
      vertex 49 -30.5359 0
    endloop
  endfacet
  facet normal -0.659343 -0.751842 0
    outer loop
      vertex 44.1716 -36.8284 0
      vertex 44.565 -37.1734 0.5
      vertex 44.1716 -36.8284 0.5
    endloop
  endfacet
  facet normal -0.659343 -0.751842 -0
    outer loop
      vertex 44.565 -37.1734 0.5
      vertex 44.1716 -36.8284 0
      vertex 44.565 -37.1734 0
    endloop
  endfacet
  facet normal 0.751842 0.659343 0
    outer loop
      vertex 50.1734 -31.565 0.5
      vertex 49.8284 -31.1716 0
      vertex 49.8284 -31.1716 0.5
    endloop
  endfacet
  facet normal 0.751842 0.659343 0
    outer loop
      vertex 49.8284 -31.1716 0
      vertex 50.1734 -31.565 0.5
      vertex 50.1734 -31.565 0
    endloop
  endfacet
  facet normal -0.896898 0.442238 0
    outer loop
      vertex 43.3045 -32.4693 0
      vertex 43.5359 -32 0.5
      vertex 43.5359 -32 0
    endloop
  endfacet
  facet normal -0.896898 0.442238 0
    outer loop
      vertex 43.5359 -32 0.5
      vertex 43.3045 -32.4693 0
      vertex 43.3045 -32.4693 0.5
    endloop
  endfacet
  facet normal -0.997861 -0.0653646 0
    outer loop
      vertex 43.0342 -34.5221 0
      vertex 43 -34 0.5
      vertex 43 -34 0
    endloop
  endfacet
  facet normal -0.997861 -0.0653646 0
    outer loop
      vertex 43 -34 0.5
      vertex 43.0342 -34.5221 0
      vertex 43.0342 -34.5221 0.5
    endloop
  endfacet
  facet normal -0.94691 0.321498 0
    outer loop
      vertex 43.1363 -32.9647 0
      vertex 43.3045 -32.4693 0.5
      vertex 43.3045 -32.4693 0
    endloop
  endfacet
  facet normal -0.94691 0.321498 0
    outer loop
      vertex 43.3045 -32.4693 0.5
      vertex 43.1363 -32.9647 0
      vertex 43.1363 -32.9647 0.5
    endloop
  endfacet
  facet normal 0.659343 -0.751842 0
    outer loop
      vertex 49.435 -37.1734 0
      vertex 49.8284 -36.8284 0.5
      vertex 49.435 -37.1734 0.5
    endloop
  endfacet
  facet normal 0.659343 -0.751842 0
    outer loop
      vertex 49.8284 -36.8284 0.5
      vertex 49.435 -37.1734 0
      vertex 49.8284 -36.8284 0
    endloop
  endfacet
  facet normal -0.831432 0.555626 0
    outer loop
      vertex 43.5359 -32 0
      vertex 43.8266 -31.565 0.5
      vertex 43.8266 -31.565 0
    endloop
  endfacet
  facet normal -0.831432 0.555626 0
    outer loop
      vertex 43.8266 -31.565 0.5
      vertex 43.5359 -32 0
      vertex 43.5359 -32 0.5
    endloop
  endfacet
  facet normal 0.195124 0.980779 -0
    outer loop
      vertex -45.9647 37.8637 0
      vertex -46.4779 37.9658 0.5
      vertex -45.9647 37.8637 0.5
    endloop
  endfacet
  facet normal 0.195124 0.980779 0
    outer loop
      vertex -46.4779 37.9658 0.5
      vertex -45.9647 37.8637 0
      vertex -46.4779 37.9658 0
    endloop
  endfacet
  facet normal 0.980779 0.195124 0
    outer loop
      vertex -43.0342 34.5221 0.5
      vertex -43.1363 35.0353 0
      vertex -43.1363 35.0353 0.5
    endloop
  endfacet
  facet normal 0.980779 0.195124 0
    outer loop
      vertex -43.1363 35.0353 0
      vertex -43.0342 34.5221 0.5
      vertex -43.0342 34.5221 0
    endloop
  endfacet
  facet normal 0.997861 0.0653646 0
    outer loop
      vertex -43 34 0.5
      vertex -43.0342 34.5221 0
      vertex -43.0342 34.5221 0.5
    endloop
  endfacet
  facet normal 0.997861 0.0653646 0
    outer loop
      vertex -43.0342 34.5221 0
      vertex -43 34 0.5
      vertex -43 34 0
    endloop
  endfacet
  facet normal 0.94691 0.321498 0
    outer loop
      vertex -43.1363 35.0353 0.5
      vertex -43.3045 35.5307 0
      vertex -43.3045 35.5307 0.5
    endloop
  endfacet
  facet normal 0.94691 0.321498 0
    outer loop
      vertex -43.3045 35.5307 0
      vertex -43.1363 35.0353 0.5
      vertex -43.1363 35.0353 0
    endloop
  endfacet
  facet normal 0.831432 0.555626 0
    outer loop
      vertex -43.5359 36 0.5
      vertex -43.8266 36.435 0
      vertex -43.8266 36.435 0.5
    endloop
  endfacet
  facet normal 0.831432 0.555626 0
    outer loop
      vertex -43.8266 36.435 0
      vertex -43.5359 36 0.5
      vertex -43.5359 36 0
    endloop
  endfacet
  facet normal 0.321498 0.94691 -0
    outer loop
      vertex -45.4693 37.6955 0
      vertex -45.9647 37.8637 0.5
      vertex -45.4693 37.6955 0.5
    endloop
  endfacet
  facet normal 0.321498 0.94691 0
    outer loop
      vertex -45.9647 37.8637 0.5
      vertex -45.4693 37.6955 0
      vertex -45.9647 37.8637 0
    endloop
  endfacet
  facet normal 0.831432 -0.555626 0
    outer loop
      vertex -43.8266 31.565 0.5
      vertex -43.5359 32 0
      vertex -43.5359 32 0.5
    endloop
  endfacet
  facet normal 0.831432 -0.555626 0
    outer loop
      vertex -43.5359 32 0
      vertex -43.8266 31.565 0.5
      vertex -43.8266 31.565 0
    endloop
  endfacet
  facet normal -0.659343 -0.751842 0
    outer loop
      vertex -49.8284 31.1716 0
      vertex -49.435 30.8266 0.5
      vertex -49.8284 31.1716 0.5
    endloop
  endfacet
  facet normal -0.659343 -0.751842 -0
    outer loop
      vertex -49.435 30.8266 0.5
      vertex -49.8284 31.1716 0
      vertex -49.435 30.8266 0
    endloop
  endfacet
  facet normal 0.896898 0.442238 0
    outer loop
      vertex -43.3045 35.5307 0.5
      vertex -43.5359 36 0
      vertex -43.5359 36 0.5
    endloop
  endfacet
  facet normal 0.896898 0.442238 0
    outer loop
      vertex -43.5359 36 0
      vertex -43.3045 35.5307 0.5
      vertex -43.3045 35.5307 0
    endloop
  endfacet
  facet normal -0.0653646 0.997861 0
    outer loop
      vertex -47 38 0
      vertex -47.5221 37.9658 0.5
      vertex -47 38 0.5
    endloop
  endfacet
  facet normal -0.0653646 0.997861 0
    outer loop
      vertex -47.5221 37.9658 0.5
      vertex -47 38 0
      vertex -47.5221 37.9658 0
    endloop
  endfacet
  facet normal 0.442238 0.896898 -0
    outer loop
      vertex -45 37.4641 0
      vertex -45.4693 37.6955 0.5
      vertex -45 37.4641 0.5
    endloop
  endfacet
  facet normal 0.442238 0.896898 0
    outer loop
      vertex -45.4693 37.6955 0.5
      vertex -45 37.4641 0
      vertex -45.4693 37.6955 0
    endloop
  endfacet
  facet normal -0.321498 -0.94691 0
    outer loop
      vertex -48.5307 30.3045 0
      vertex -48.0353 30.1363 0.5
      vertex -48.5307 30.3045 0.5
    endloop
  endfacet
  facet normal -0.321498 -0.94691 -0
    outer loop
      vertex -48.0353 30.1363 0.5
      vertex -48.5307 30.3045 0
      vertex -48.0353 30.1363 0
    endloop
  endfacet
  facet normal 0.94691 -0.321498 0
    outer loop
      vertex -43.3045 32.4693 0.5
      vertex -43.1363 32.9647 0
      vertex -43.1363 32.9647 0.5
    endloop
  endfacet
  facet normal 0.94691 -0.321498 0
    outer loop
      vertex -43.1363 32.9647 0
      vertex -43.3045 32.4693 0.5
      vertex -43.3045 32.4693 0
    endloop
  endfacet
  facet normal -0.751842 -0.659343 0
    outer loop
      vertex -49.8284 31.1716 0
      vertex -50.1734 31.565 0.5
      vertex -50.1734 31.565 0
    endloop
  endfacet
  facet normal -0.751842 -0.659343 0
    outer loop
      vertex -50.1734 31.565 0.5
      vertex -49.8284 31.1716 0
      vertex -49.8284 31.1716 0.5
    endloop
  endfacet
  facet normal 0.896898 -0.442238 0
    outer loop
      vertex -43.5359 32 0.5
      vertex -43.3045 32.4693 0
      vertex -43.3045 32.4693 0.5
    endloop
  endfacet
  facet normal 0.896898 -0.442238 0
    outer loop
      vertex -43.3045 32.4693 0
      vertex -43.5359 32 0.5
      vertex -43.5359 32 0
    endloop
  endfacet
  facet normal -0.659343 0.751842 0
    outer loop
      vertex -49.435 37.1734 0
      vertex -49.8284 36.8284 0.5
      vertex -49.435 37.1734 0.5
    endloop
  endfacet
  facet normal -0.659343 0.751842 0
    outer loop
      vertex -49.8284 36.8284 0.5
      vertex -49.435 37.1734 0
      vertex -49.8284 36.8284 0
    endloop
  endfacet
  facet normal -0.94691 0.321498 0
    outer loop
      vertex -50.8637 35.0353 0
      vertex -50.6955 35.5307 0.5
      vertex -50.6955 35.5307 0
    endloop
  endfacet
  facet normal -0.94691 0.321498 0
    outer loop
      vertex -50.6955 35.5307 0.5
      vertex -50.8637 35.0353 0
      vertex -50.8637 35.0353 0.5
    endloop
  endfacet
  facet normal 0.997861 -0.0653646 0
    outer loop
      vertex -43.0342 33.4779 0.5
      vertex -43 34 0
      vertex -43 34 0.5
    endloop
  endfacet
  facet normal 0.997861 -0.0653646 0
    outer loop
      vertex -43 34 0
      vertex -43.0342 33.4779 0.5
      vertex -43.0342 33.4779 0
    endloop
  endfacet
  facet normal 0.0653646 -0.997861 0
    outer loop
      vertex -47 30 0
      vertex -46.4779 30.0342 0.5
      vertex -47 30 0.5
    endloop
  endfacet
  facet normal 0.0653646 -0.997861 0
    outer loop
      vertex -46.4779 30.0342 0.5
      vertex -47 30 0
      vertex -46.4779 30.0342 0
    endloop
  endfacet
  facet normal -0.997861 -0.0653646 0
    outer loop
      vertex -50.9658 33.4779 0
      vertex -51 34 0.5
      vertex -51 34 0
    endloop
  endfacet
  facet normal -0.997861 -0.0653646 0
    outer loop
      vertex -51 34 0.5
      vertex -50.9658 33.4779 0
      vertex -50.9658 33.4779 0.5
    endloop
  endfacet
  facet normal 0.321498 -0.94691 0
    outer loop
      vertex -45.9647 30.1363 0
      vertex -45.4693 30.3045 0.5
      vertex -45.9647 30.1363 0.5
    endloop
  endfacet
  facet normal 0.321498 -0.94691 0
    outer loop
      vertex -45.4693 30.3045 0.5
      vertex -45.9647 30.1363 0
      vertex -45.4693 30.3045 0
    endloop
  endfacet
  facet normal -0.831432 0.555626 0
    outer loop
      vertex -50.4641 36 0
      vertex -50.1734 36.435 0.5
      vertex -50.1734 36.435 0
    endloop
  endfacet
  facet normal -0.831432 0.555626 0
    outer loop
      vertex -50.1734 36.435 0.5
      vertex -50.4641 36 0
      vertex -50.4641 36 0.5
    endloop
  endfacet
  facet normal -0.442238 0.896898 0
    outer loop
      vertex -48.5307 37.6955 0
      vertex -49 37.4641 0.5
      vertex -48.5307 37.6955 0.5
    endloop
  endfacet
  facet normal -0.442238 0.896898 0
    outer loop
      vertex -49 37.4641 0.5
      vertex -48.5307 37.6955 0
      vertex -49 37.4641 0
    endloop
  endfacet
  facet normal -0.980779 -0.195124 0
    outer loop
      vertex -50.8637 32.9647 0
      vertex -50.9658 33.4779 0.5
      vertex -50.9658 33.4779 0
    endloop
  endfacet
  facet normal -0.980779 -0.195124 0
    outer loop
      vertex -50.9658 33.4779 0.5
      vertex -50.8637 32.9647 0
      vertex -50.8637 32.9647 0.5
    endloop
  endfacet
  facet normal 0.555626 0.831432 -0
    outer loop
      vertex -44.565 37.1734 0
      vertex -45 37.4641 0.5
      vertex -44.565 37.1734 0.5
    endloop
  endfacet
  facet normal 0.555626 0.831432 0
    outer loop
      vertex -45 37.4641 0.5
      vertex -44.565 37.1734 0
      vertex -45 37.4641 0
    endloop
  endfacet
  facet normal 0.195124 -0.980779 0
    outer loop
      vertex -46.4779 30.0342 0
      vertex -45.9647 30.1363 0.5
      vertex -46.4779 30.0342 0.5
    endloop
  endfacet
  facet normal 0.195124 -0.980779 0
    outer loop
      vertex -45.9647 30.1363 0.5
      vertex -46.4779 30.0342 0
      vertex -45.9647 30.1363 0
    endloop
  endfacet
  facet normal 0.751842 0.659343 0
    outer loop
      vertex -43.8266 36.435 0.5
      vertex -44.1716 36.8284 0
      vertex -44.1716 36.8284 0.5
    endloop
  endfacet
  facet normal 0.751842 0.659343 0
    outer loop
      vertex -44.1716 36.8284 0
      vertex -43.8266 36.435 0.5
      vertex -43.8266 36.435 0
    endloop
  endfacet
  facet normal 0.555626 -0.831432 0
    outer loop
      vertex -45 30.5359 0
      vertex -44.565 30.8266 0.5
      vertex -45 30.5359 0.5
    endloop
  endfacet
  facet normal 0.555626 -0.831432 0
    outer loop
      vertex -44.565 30.8266 0.5
      vertex -45 30.5359 0
      vertex -44.565 30.8266 0
    endloop
  endfacet
  facet normal -0.555626 0.831432 0
    outer loop
      vertex -49 37.4641 0
      vertex -49.435 37.1734 0.5
      vertex -49 37.4641 0.5
    endloop
  endfacet
  facet normal -0.555626 0.831432 0
    outer loop
      vertex -49.435 37.1734 0.5
      vertex -49 37.4641 0
      vertex -49.435 37.1734 0
    endloop
  endfacet
  facet normal 0.659343 -0.751842 0
    outer loop
      vertex -44.565 30.8266 0
      vertex -44.1716 31.1716 0.5
      vertex -44.565 30.8266 0.5
    endloop
  endfacet
  facet normal 0.659343 -0.751842 0
    outer loop
      vertex -44.1716 31.1716 0.5
      vertex -44.565 30.8266 0
      vertex -44.1716 31.1716 0
    endloop
  endfacet
  facet normal 0.980779 -0.195124 0
    outer loop
      vertex -43.1363 32.9647 0.5
      vertex -43.0342 33.4779 0
      vertex -43.0342 33.4779 0.5
    endloop
  endfacet
  facet normal 0.980779 -0.195124 0
    outer loop
      vertex -43.0342 33.4779 0
      vertex -43.1363 32.9647 0.5
      vertex -43.1363 32.9647 0
    endloop
  endfacet
  facet normal 0.442238 -0.896898 0
    outer loop
      vertex -45.4693 30.3045 0
      vertex -45 30.5359 0.5
      vertex -45.4693 30.3045 0.5
    endloop
  endfacet
  facet normal 0.442238 -0.896898 0
    outer loop
      vertex -45 30.5359 0.5
      vertex -45.4693 30.3045 0
      vertex -45 30.5359 0
    endloop
  endfacet
  facet normal -0.321498 0.94691 0
    outer loop
      vertex -48.0353 37.8637 0
      vertex -48.5307 37.6955 0.5
      vertex -48.0353 37.8637 0.5
    endloop
  endfacet
  facet normal -0.321498 0.94691 0
    outer loop
      vertex -48.5307 37.6955 0.5
      vertex -48.0353 37.8637 0
      vertex -48.5307 37.6955 0
    endloop
  endfacet
  facet normal 0.659343 0.751842 -0
    outer loop
      vertex -44.1716 36.8284 0
      vertex -44.565 37.1734 0.5
      vertex -44.1716 36.8284 0.5
    endloop
  endfacet
  facet normal 0.659343 0.751842 0
    outer loop
      vertex -44.565 37.1734 0.5
      vertex -44.1716 36.8284 0
      vertex -44.565 37.1734 0
    endloop
  endfacet
  facet normal 0 0 -1
    outer loop
      vertex -43.0342 33.4779 0
      vertex -43.0342 34.5221 0
      vertex -43 34 0
    endloop
  endfacet
  facet normal 0 0 -1
    outer loop
      vertex -43.1363 32.9647 0
      vertex -43.0342 34.5221 0
      vertex -43.0342 33.4779 0
    endloop
  endfacet
  facet normal 0 0 -1
    outer loop
      vertex -43.1363 32.9647 0
      vertex -43.1363 35.0353 0
      vertex -43.0342 34.5221 0
    endloop
  endfacet
  facet normal 0 0 -1
    outer loop
      vertex -43.3045 32.4693 0
      vertex -43.1363 35.0353 0
      vertex -43.1363 32.9647 0
    endloop
  endfacet
  facet normal 0 0 -1
    outer loop
      vertex -43.3045 32.4693 0
      vertex -43.3045 35.5307 0
      vertex -43.1363 35.0353 0
    endloop
  endfacet
  facet normal 0 0 -1
    outer loop
      vertex -43.5359 32 0
      vertex -43.3045 35.5307 0
      vertex -43.3045 32.4693 0
    endloop
  endfacet
  facet normal 0 0 -1
    outer loop
      vertex -43.5359 32 0
      vertex -43.5359 36 0
      vertex -43.3045 35.5307 0
    endloop
  endfacet
  facet normal 0 0 -1
    outer loop
      vertex -43.8266 31.565 0
      vertex -43.5359 36 0
      vertex -43.5359 32 0
    endloop
  endfacet
  facet normal 0 0 -1
    outer loop
      vertex -43.8266 31.565 0
      vertex -43.8266 36.435 0
      vertex -43.5359 36 0
    endloop
  endfacet
  facet normal 0 0 -1
    outer loop
      vertex -44.1716 31.1716 0
      vertex -43.8266 36.435 0
      vertex -43.8266 31.565 0
    endloop
  endfacet
  facet normal 0 0 -1
    outer loop
      vertex -44.1716 31.1716 0
      vertex -44.1716 36.8284 0
      vertex -43.8266 36.435 0
    endloop
  endfacet
  facet normal 0 0 -1
    outer loop
      vertex -44.565 30.8266 0
      vertex -44.1716 36.8284 0
      vertex -44.1716 31.1716 0
    endloop
  endfacet
  facet normal 0 0 -1
    outer loop
      vertex -44.565 30.8266 0
      vertex -44.565 37.1734 0
      vertex -44.1716 36.8284 0
    endloop
  endfacet
  facet normal 0 0 -1
    outer loop
      vertex -45 30.5359 0
      vertex -44.565 37.1734 0
      vertex -44.565 30.8266 0
    endloop
  endfacet
  facet normal 0 0 -1
    outer loop
      vertex -45 30.5359 0
      vertex -45 37.4641 0
      vertex -44.565 37.1734 0
    endloop
  endfacet
  facet normal 0 0 -1
    outer loop
      vertex -45.4693 30.3045 0
      vertex -45 37.4641 0
      vertex -45 30.5359 0
    endloop
  endfacet
  facet normal 0 0 -1
    outer loop
      vertex -45.4693 30.3045 0
      vertex -45.4693 37.6955 0
      vertex -45 37.4641 0
    endloop
  endfacet
  facet normal 0 0 -1
    outer loop
      vertex -45.9647 30.1363 0
      vertex -45.4693 37.6955 0
      vertex -45.4693 30.3045 0
    endloop
  endfacet
  facet normal 0 0 -1
    outer loop
      vertex -45.9647 30.1363 0
      vertex -45.9647 37.8637 0
      vertex -45.4693 37.6955 0
    endloop
  endfacet
  facet normal 0 0 -1
    outer loop
      vertex -46.4779 30.0342 0
      vertex -45.9647 37.8637 0
      vertex -45.9647 30.1363 0
    endloop
  endfacet
  facet normal 0 0 -1
    outer loop
      vertex -46.4779 30.0342 0
      vertex -46.4779 37.9658 0
      vertex -45.9647 37.8637 0
    endloop
  endfacet
  facet normal 0 0 -1
    outer loop
      vertex -47 30 0
      vertex -46.4779 37.9658 0
      vertex -46.4779 30.0342 0
    endloop
  endfacet
  facet normal 0 0 -1
    outer loop
      vertex -47 30 0
      vertex -47 38 0
      vertex -46.4779 37.9658 0
    endloop
  endfacet
  facet normal 0 0 -1
    outer loop
      vertex -47.5221 30.0342 0
      vertex -47 38 0
      vertex -47 30 0
    endloop
  endfacet
  facet normal 0 0 -1
    outer loop
      vertex -47.5221 30.0342 0
      vertex -47.5221 37.9658 0
      vertex -47 38 0
    endloop
  endfacet
  facet normal 0 0 -1
    outer loop
      vertex -48.0353 30.1363 0
      vertex -47.5221 37.9658 0
      vertex -47.5221 30.0342 0
    endloop
  endfacet
  facet normal 0 0 -1
    outer loop
      vertex -48.0353 30.1363 0
      vertex -48.0353 37.8637 0
      vertex -47.5221 37.9658 0
    endloop
  endfacet
  facet normal 0 0 -1
    outer loop
      vertex -48.5307 30.3045 0
      vertex -48.0353 37.8637 0
      vertex -48.0353 30.1363 0
    endloop
  endfacet
  facet normal 0 0 -1
    outer loop
      vertex -48.5307 30.3045 0
      vertex -48.5307 37.6955 0
      vertex -48.0353 37.8637 0
    endloop
  endfacet
  facet normal 0 0 -1
    outer loop
      vertex -49 30.5359 0
      vertex -48.5307 37.6955 0
      vertex -48.5307 30.3045 0
    endloop
  endfacet
  facet normal 0 0 -1
    outer loop
      vertex -49 30.5359 0
      vertex -49 37.4641 0
      vertex -48.5307 37.6955 0
    endloop
  endfacet
  facet normal 0 0 -1
    outer loop
      vertex -49.435 30.8266 0
      vertex -49 37.4641 0
      vertex -49 30.5359 0
    endloop
  endfacet
  facet normal 0 0 -1
    outer loop
      vertex -49.435 30.8266 0
      vertex -49.435 37.1734 0
      vertex -49 37.4641 0
    endloop
  endfacet
  facet normal 0 0 -1
    outer loop
      vertex -49.8284 31.1716 0
      vertex -49.435 37.1734 0
      vertex -49.435 30.8266 0
    endloop
  endfacet
  facet normal 0 0 -1
    outer loop
      vertex -49.8284 31.1716 0
      vertex -49.8284 36.8284 0
      vertex -49.435 37.1734 0
    endloop
  endfacet
  facet normal 0 0 -1
    outer loop
      vertex -50.1734 31.565 0
      vertex -49.8284 36.8284 0
      vertex -49.8284 31.1716 0
    endloop
  endfacet
  facet normal 0 0 -1
    outer loop
      vertex -50.1734 31.565 0
      vertex -50.1734 36.435 0
      vertex -49.8284 36.8284 0
    endloop
  endfacet
  facet normal 0 0 -1
    outer loop
      vertex -50.4641 32 0
      vertex -50.1734 36.435 0
      vertex -50.1734 31.565 0
    endloop
  endfacet
  facet normal 0 0 -1
    outer loop
      vertex -50.4641 32 0
      vertex -50.4641 36 0
      vertex -50.1734 36.435 0
    endloop
  endfacet
  facet normal 0 0 -1
    outer loop
      vertex -50.6955 32.4693 0
      vertex -50.4641 36 0
      vertex -50.4641 32 0
    endloop
  endfacet
  facet normal 0 0 -1
    outer loop
      vertex -50.6955 32.4693 0
      vertex -50.6955 35.5307 0
      vertex -50.4641 36 0
    endloop
  endfacet
  facet normal 0 0 -1
    outer loop
      vertex -50.8637 32.9647 0
      vertex -50.6955 35.5307 0
      vertex -50.6955 32.4693 0
    endloop
  endfacet
  facet normal 0 0 -1
    outer loop
      vertex -50.8637 32.9647 0
      vertex -50.8637 35.0353 0
      vertex -50.6955 35.5307 0
    endloop
  endfacet
  facet normal 0 0 -1
    outer loop
      vertex -50.9658 33.4779 0
      vertex -50.8637 35.0353 0
      vertex -50.8637 32.9647 0
    endloop
  endfacet
  facet normal 0 0 -1
    outer loop
      vertex -50.9658 33.4779 0
      vertex -50.9658 34.5221 0
      vertex -50.8637 35.0353 0
    endloop
  endfacet
  facet normal 0 -0 -1
    outer loop
      vertex -50.9658 34.5221 0
      vertex -50.9658 33.4779 0
      vertex -51 34 0
    endloop
  endfacet
  facet normal -0.0653646 -0.997861 0
    outer loop
      vertex -47.5221 30.0342 0
      vertex -47 30 0.5
      vertex -47.5221 30.0342 0.5
    endloop
  endfacet
  facet normal -0.0653646 -0.997861 -0
    outer loop
      vertex -47 30 0.5
      vertex -47.5221 30.0342 0
      vertex -47 30 0
    endloop
  endfacet
  facet normal 0.0653646 0.997861 -0
    outer loop
      vertex -46.4779 37.9658 0
      vertex -47 38 0.5
      vertex -46.4779 37.9658 0.5
    endloop
  endfacet
  facet normal 0.0653646 0.997861 0
    outer loop
      vertex -47 38 0.5
      vertex -46.4779 37.9658 0
      vertex -47 38 0
    endloop
  endfacet
  facet normal -0.442238 -0.896898 0
    outer loop
      vertex -49 30.5359 0
      vertex -48.5307 30.3045 0.5
      vertex -49 30.5359 0.5
    endloop
  endfacet
  facet normal -0.442238 -0.896898 -0
    outer loop
      vertex -48.5307 30.3045 0.5
      vertex -49 30.5359 0
      vertex -48.5307 30.3045 0
    endloop
  endfacet
  facet normal -0.195124 -0.980779 0
    outer loop
      vertex -48.0353 30.1363 0
      vertex -47.5221 30.0342 0.5
      vertex -48.0353 30.1363 0.5
    endloop
  endfacet
  facet normal -0.195124 -0.980779 -0
    outer loop
      vertex -47.5221 30.0342 0.5
      vertex -48.0353 30.1363 0
      vertex -47.5221 30.0342 0
    endloop
  endfacet
  facet normal -0.94691 -0.321498 0
    outer loop
      vertex -50.6955 32.4693 0
      vertex -50.8637 32.9647 0.5
      vertex -50.8637 32.9647 0
    endloop
  endfacet
  facet normal -0.94691 -0.321498 0
    outer loop
      vertex -50.8637 32.9647 0.5
      vertex -50.6955 32.4693 0
      vertex -50.6955 32.4693 0.5
    endloop
  endfacet
  facet normal -0.195124 0.980779 0
    outer loop
      vertex -47.5221 37.9658 0
      vertex -48.0353 37.8637 0.5
      vertex -47.5221 37.9658 0.5
    endloop
  endfacet
  facet normal -0.195124 0.980779 0
    outer loop
      vertex -48.0353 37.8637 0.5
      vertex -47.5221 37.9658 0
      vertex -48.0353 37.8637 0
    endloop
  endfacet
  facet normal -0.997861 0.0653646 0
    outer loop
      vertex -51 34 0
      vertex -50.9658 34.5221 0.5
      vertex -50.9658 34.5221 0
    endloop
  endfacet
  facet normal -0.997861 0.0653646 0
    outer loop
      vertex -50.9658 34.5221 0.5
      vertex -51 34 0
      vertex -51 34 0.5
    endloop
  endfacet
  facet normal -0.555626 -0.831432 0
    outer loop
      vertex -49.435 30.8266 0
      vertex -49 30.5359 0.5
      vertex -49.435 30.8266 0.5
    endloop
  endfacet
  facet normal -0.555626 -0.831432 -0
    outer loop
      vertex -49 30.5359 0.5
      vertex -49.435 30.8266 0
      vertex -49 30.5359 0
    endloop
  endfacet
  facet normal -0.980779 0.195124 0
    outer loop
      vertex -50.9658 34.5221 0
      vertex -50.8637 35.0353 0.5
      vertex -50.8637 35.0353 0
    endloop
  endfacet
  facet normal -0.980779 0.195124 0
    outer loop
      vertex -50.8637 35.0353 0.5
      vertex -50.9658 34.5221 0
      vertex -50.9658 34.5221 0.5
    endloop
  endfacet
  facet normal -0.896898 0.442238 0
    outer loop
      vertex -50.6955 35.5307 0
      vertex -50.4641 36 0.5
      vertex -50.4641 36 0
    endloop
  endfacet
  facet normal -0.896898 0.442238 0
    outer loop
      vertex -50.4641 36 0.5
      vertex -50.6955 35.5307 0
      vertex -50.6955 35.5307 0.5
    endloop
  endfacet
  facet normal -0.751842 0.659343 0
    outer loop
      vertex -50.1734 36.435 0
      vertex -49.8284 36.8284 0.5
      vertex -49.8284 36.8284 0
    endloop
  endfacet
  facet normal -0.751842 0.659343 0
    outer loop
      vertex -49.8284 36.8284 0.5
      vertex -50.1734 36.435 0
      vertex -50.1734 36.435 0.5
    endloop
  endfacet
  facet normal 0.751842 -0.659343 0
    outer loop
      vertex -44.1716 31.1716 0.5
      vertex -43.8266 31.565 0
      vertex -43.8266 31.565 0.5
    endloop
  endfacet
  facet normal 0.751842 -0.659343 0
    outer loop
      vertex -43.8266 31.565 0
      vertex -44.1716 31.1716 0.5
      vertex -44.1716 31.1716 0
    endloop
  endfacet
  facet normal -0.831432 -0.555626 0
    outer loop
      vertex -50.1734 31.565 0
      vertex -50.4641 32 0.5
      vertex -50.4641 32 0
    endloop
  endfacet
  facet normal -0.831432 -0.555626 0
    outer loop
      vertex -50.4641 32 0.5
      vertex -50.1734 31.565 0
      vertex -50.1734 31.565 0.5
    endloop
  endfacet
  facet normal -0.896898 -0.442238 0
    outer loop
      vertex -50.4641 32 0
      vertex -50.6955 32.4693 0.5
      vertex -50.6955 32.4693 0
    endloop
  endfacet
  facet normal -0.896898 -0.442238 0
    outer loop
      vertex -50.6955 32.4693 0.5
      vertex -50.4641 32 0
      vertex -50.4641 32 0.5
    endloop
  endfacet
  facet normal 0.980779 0.195124 0
    outer loop
      vertex 50.9658 34.5221 0.5
      vertex 50.8637 35.0353 0
      vertex 50.8637 35.0353 0.5
    endloop
  endfacet
  facet normal 0.980779 0.195124 0
    outer loop
      vertex 50.8637 35.0353 0
      vertex 50.9658 34.5221 0.5
      vertex 50.9658 34.5221 0
    endloop
  endfacet
  facet normal 0.997861 0.0653646 0
    outer loop
      vertex 51 34 0.5
      vertex 50.9658 34.5221 0
      vertex 50.9658 34.5221 0.5
    endloop
  endfacet
  facet normal 0.997861 0.0653646 0
    outer loop
      vertex 50.9658 34.5221 0
      vertex 51 34 0.5
      vertex 51 34 0
    endloop
  endfacet
  facet normal 0.94691 0.321498 0
    outer loop
      vertex 50.8637 35.0353 0.5
      vertex 50.6955 35.5307 0
      vertex 50.6955 35.5307 0.5
    endloop
  endfacet
  facet normal 0.94691 0.321498 0
    outer loop
      vertex 50.6955 35.5307 0
      vertex 50.8637 35.0353 0.5
      vertex 50.8637 35.0353 0
    endloop
  endfacet
  facet normal -0.555626 -0.831432 0
    outer loop
      vertex 44.565 30.8266 0
      vertex 45 30.5359 0.5
      vertex 44.565 30.8266 0.5
    endloop
  endfacet
  facet normal -0.555626 -0.831432 -0
    outer loop
      vertex 45 30.5359 0.5
      vertex 44.565 30.8266 0
      vertex 45 30.5359 0
    endloop
  endfacet
  facet normal -0.896898 0.442238 0
    outer loop
      vertex 43.3045 35.5307 0
      vertex 43.5359 36 0.5
      vertex 43.5359 36 0
    endloop
  endfacet
  facet normal -0.896898 0.442238 0
    outer loop
      vertex 43.5359 36 0.5
      vertex 43.3045 35.5307 0
      vertex 43.3045 35.5307 0.5
    endloop
  endfacet
  facet normal 0.980779 -0.195124 0
    outer loop
      vertex 50.8637 32.9647 0.5
      vertex 50.9658 33.4779 0
      vertex 50.9658 33.4779 0.5
    endloop
  endfacet
  facet normal 0.980779 -0.195124 0
    outer loop
      vertex 50.9658 33.4779 0
      vertex 50.8637 32.9647 0.5
      vertex 50.8637 32.9647 0
    endloop
  endfacet
  facet normal -0.555626 0.831432 0
    outer loop
      vertex 45 37.4641 0
      vertex 44.565 37.1734 0.5
      vertex 45 37.4641 0.5
    endloop
  endfacet
  facet normal -0.555626 0.831432 0
    outer loop
      vertex 44.565 37.1734 0.5
      vertex 45 37.4641 0
      vertex 44.565 37.1734 0
    endloop
  endfacet
  facet normal -0.997861 0.0653646 0
    outer loop
      vertex 43 34 0
      vertex 43.0342 34.5221 0.5
      vertex 43.0342 34.5221 0
    endloop
  endfacet
  facet normal -0.997861 0.0653646 0
    outer loop
      vertex 43.0342 34.5221 0.5
      vertex 43 34 0
      vertex 43 34 0.5
    endloop
  endfacet
  facet normal 0.321498 0.94691 -0
    outer loop
      vertex 48.5307 37.6955 0
      vertex 48.0353 37.8637 0.5
      vertex 48.5307 37.6955 0.5
    endloop
  endfacet
  facet normal 0.321498 0.94691 0
    outer loop
      vertex 48.0353 37.8637 0.5
      vertex 48.5307 37.6955 0
      vertex 48.0353 37.8637 0
    endloop
  endfacet
  facet normal 0.94691 -0.321498 0
    outer loop
      vertex 50.6955 32.4693 0.5
      vertex 50.8637 32.9647 0
      vertex 50.8637 32.9647 0.5
    endloop
  endfacet
  facet normal 0.94691 -0.321498 0
    outer loop
      vertex 50.8637 32.9647 0
      vertex 50.6955 32.4693 0.5
      vertex 50.6955 32.4693 0
    endloop
  endfacet
  facet normal 0.442238 -0.896898 0
    outer loop
      vertex 48.5307 30.3045 0
      vertex 49 30.5359 0.5
      vertex 48.5307 30.3045 0.5
    endloop
  endfacet
  facet normal 0.442238 -0.896898 0
    outer loop
      vertex 49 30.5359 0.5
      vertex 48.5307 30.3045 0
      vertex 49 30.5359 0
    endloop
  endfacet
  facet normal -0.94691 -0.321498 0
    outer loop
      vertex 43.3045 32.4693 0
      vertex 43.1363 32.9647 0.5
      vertex 43.1363 32.9647 0
    endloop
  endfacet
  facet normal -0.94691 -0.321498 0
    outer loop
      vertex 43.1363 32.9647 0.5
      vertex 43.3045 32.4693 0
      vertex 43.3045 32.4693 0.5
    endloop
  endfacet
  facet normal 0.896898 0.442238 0
    outer loop
      vertex 50.6955 35.5307 0.5
      vertex 50.4641 36 0
      vertex 50.4641 36 0.5
    endloop
  endfacet
  facet normal 0.896898 0.442238 0
    outer loop
      vertex 50.4641 36 0
      vertex 50.6955 35.5307 0.5
      vertex 50.6955 35.5307 0
    endloop
  endfacet
  facet normal 0.195124 0.980779 -0
    outer loop
      vertex 48.0353 37.8637 0
      vertex 47.5221 37.9658 0.5
      vertex 48.0353 37.8637 0.5
    endloop
  endfacet
  facet normal 0.195124 0.980779 0
    outer loop
      vertex 47.5221 37.9658 0.5
      vertex 48.0353 37.8637 0
      vertex 47.5221 37.9658 0
    endloop
  endfacet
  facet normal 0.555626 0.831432 -0
    outer loop
      vertex 49.435 37.1734 0
      vertex 49 37.4641 0.5
      vertex 49.435 37.1734 0.5
    endloop
  endfacet
  facet normal 0.555626 0.831432 0
    outer loop
      vertex 49 37.4641 0.5
      vertex 49.435 37.1734 0
      vertex 49 37.4641 0
    endloop
  endfacet
  facet normal 0.659343 0.751842 -0
    outer loop
      vertex 49.8284 36.8284 0
      vertex 49.435 37.1734 0.5
      vertex 49.8284 36.8284 0.5
    endloop
  endfacet
  facet normal 0.659343 0.751842 0
    outer loop
      vertex 49.435 37.1734 0.5
      vertex 49.8284 36.8284 0
      vertex 49.435 37.1734 0
    endloop
  endfacet
  facet normal 0.831432 -0.555626 0
    outer loop
      vertex 50.1734 31.565 0.5
      vertex 50.4641 32 0
      vertex 50.4641 32 0.5
    endloop
  endfacet
  facet normal 0.831432 -0.555626 0
    outer loop
      vertex 50.4641 32 0
      vertex 50.1734 31.565 0.5
      vertex 50.1734 31.565 0
    endloop
  endfacet
  facet normal 0 0 -1
    outer loop
      vertex 50.9658 33.4779 0
      vertex 50.9658 34.5221 0
      vertex 51 34 0
    endloop
  endfacet
  facet normal 0 0 -1
    outer loop
      vertex 50.8637 32.9647 0
      vertex 50.9658 34.5221 0
      vertex 50.9658 33.4779 0
    endloop
  endfacet
  facet normal 0 0 -1
    outer loop
      vertex 50.8637 32.9647 0
      vertex 50.8637 35.0353 0
      vertex 50.9658 34.5221 0
    endloop
  endfacet
  facet normal 0 0 -1
    outer loop
      vertex 50.6955 32.4693 0
      vertex 50.8637 35.0353 0
      vertex 50.8637 32.9647 0
    endloop
  endfacet
  facet normal 0 0 -1
    outer loop
      vertex 50.6955 32.4693 0
      vertex 50.6955 35.5307 0
      vertex 50.8637 35.0353 0
    endloop
  endfacet
  facet normal 0 0 -1
    outer loop
      vertex 50.4641 32 0
      vertex 50.6955 35.5307 0
      vertex 50.6955 32.4693 0
    endloop
  endfacet
  facet normal 0 0 -1
    outer loop
      vertex 50.4641 32 0
      vertex 50.4641 36 0
      vertex 50.6955 35.5307 0
    endloop
  endfacet
  facet normal 0 0 -1
    outer loop
      vertex 50.1734 31.565 0
      vertex 50.4641 36 0
      vertex 50.4641 32 0
    endloop
  endfacet
  facet normal 0 0 -1
    outer loop
      vertex 50.1734 31.565 0
      vertex 50.1734 36.435 0
      vertex 50.4641 36 0
    endloop
  endfacet
  facet normal 0 0 -1
    outer loop
      vertex 49.8284 31.1716 0
      vertex 50.1734 36.435 0
      vertex 50.1734 31.565 0
    endloop
  endfacet
  facet normal 0 0 -1
    outer loop
      vertex 49.8284 31.1716 0
      vertex 49.8284 36.8284 0
      vertex 50.1734 36.435 0
    endloop
  endfacet
  facet normal 0 0 -1
    outer loop
      vertex 49.435 30.8266 0
      vertex 49.8284 36.8284 0
      vertex 49.8284 31.1716 0
    endloop
  endfacet
  facet normal 0 0 -1
    outer loop
      vertex 49.435 30.8266 0
      vertex 49.435 37.1734 0
      vertex 49.8284 36.8284 0
    endloop
  endfacet
  facet normal 0 0 -1
    outer loop
      vertex 49 30.5359 0
      vertex 49.435 37.1734 0
      vertex 49.435 30.8266 0
    endloop
  endfacet
  facet normal 0 0 -1
    outer loop
      vertex 49 30.5359 0
      vertex 49 37.4641 0
      vertex 49.435 37.1734 0
    endloop
  endfacet
  facet normal 0 0 -1
    outer loop
      vertex 48.5307 30.3045 0
      vertex 49 37.4641 0
      vertex 49 30.5359 0
    endloop
  endfacet
  facet normal 0 0 -1
    outer loop
      vertex 48.5307 30.3045 0
      vertex 48.5307 37.6955 0
      vertex 49 37.4641 0
    endloop
  endfacet
  facet normal 0 0 -1
    outer loop
      vertex 48.0353 30.1363 0
      vertex 48.5307 37.6955 0
      vertex 48.5307 30.3045 0
    endloop
  endfacet
  facet normal 0 0 -1
    outer loop
      vertex 48.0353 30.1363 0
      vertex 48.0353 37.8637 0
      vertex 48.5307 37.6955 0
    endloop
  endfacet
  facet normal 0 0 -1
    outer loop
      vertex 47.5221 30.0342 0
      vertex 48.0353 37.8637 0
      vertex 48.0353 30.1363 0
    endloop
  endfacet
  facet normal 0 0 -1
    outer loop
      vertex 47.5221 30.0342 0
      vertex 47.5221 37.9658 0
      vertex 48.0353 37.8637 0
    endloop
  endfacet
  facet normal 0 0 -1
    outer loop
      vertex 47 30 0
      vertex 47.5221 37.9658 0
      vertex 47.5221 30.0342 0
    endloop
  endfacet
  facet normal 0 0 -1
    outer loop
      vertex 47 30 0
      vertex 47 38 0
      vertex 47.5221 37.9658 0
    endloop
  endfacet
  facet normal 0 0 -1
    outer loop
      vertex 46.4779 30.0342 0
      vertex 47 38 0
      vertex 47 30 0
    endloop
  endfacet
  facet normal 0 0 -1
    outer loop
      vertex 46.4779 30.0342 0
      vertex 46.4779 37.9658 0
      vertex 47 38 0
    endloop
  endfacet
  facet normal 0 0 -1
    outer loop
      vertex 45.9647 30.1363 0
      vertex 46.4779 37.9658 0
      vertex 46.4779 30.0342 0
    endloop
  endfacet
  facet normal 0 0 -1
    outer loop
      vertex 45.9647 30.1363 0
      vertex 45.9647 37.8637 0
      vertex 46.4779 37.9658 0
    endloop
  endfacet
  facet normal 0 0 -1
    outer loop
      vertex 45.4693 30.3045 0
      vertex 45.9647 37.8637 0
      vertex 45.9647 30.1363 0
    endloop
  endfacet
  facet normal 0 0 -1
    outer loop
      vertex 45.4693 30.3045 0
      vertex 45.4693 37.6955 0
      vertex 45.9647 37.8637 0
    endloop
  endfacet
  facet normal 0 0 -1
    outer loop
      vertex 45 30.5359 0
      vertex 45.4693 37.6955 0
      vertex 45.4693 30.3045 0
    endloop
  endfacet
  facet normal 0 0 -1
    outer loop
      vertex 45 30.5359 0
      vertex 45 37.4641 0
      vertex 45.4693 37.6955 0
    endloop
  endfacet
  facet normal 0 0 -1
    outer loop
      vertex 44.565 30.8266 0
      vertex 45 37.4641 0
      vertex 45 30.5359 0
    endloop
  endfacet
  facet normal 0 0 -1
    outer loop
      vertex 44.565 30.8266 0
      vertex 44.565 37.1734 0
      vertex 45 37.4641 0
    endloop
  endfacet
  facet normal 0 0 -1
    outer loop
      vertex 44.1716 31.1716 0
      vertex 44.565 37.1734 0
      vertex 44.565 30.8266 0
    endloop
  endfacet
  facet normal 0 0 -1
    outer loop
      vertex 44.1716 31.1716 0
      vertex 44.1716 36.8284 0
      vertex 44.565 37.1734 0
    endloop
  endfacet
  facet normal 0 0 -1
    outer loop
      vertex 43.8266 31.565 0
      vertex 44.1716 36.8284 0
      vertex 44.1716 31.1716 0
    endloop
  endfacet
  facet normal 0 0 -1
    outer loop
      vertex 43.8266 31.565 0
      vertex 43.8266 36.435 0
      vertex 44.1716 36.8284 0
    endloop
  endfacet
  facet normal 0 0 -1
    outer loop
      vertex 43.5359 32 0
      vertex 43.8266 36.435 0
      vertex 43.8266 31.565 0
    endloop
  endfacet
  facet normal 0 0 -1
    outer loop
      vertex 43.5359 32 0
      vertex 43.5359 36 0
      vertex 43.8266 36.435 0
    endloop
  endfacet
  facet normal 0 0 -1
    outer loop
      vertex 43.3045 32.4693 0
      vertex 43.5359 36 0
      vertex 43.5359 32 0
    endloop
  endfacet
  facet normal 0 0 -1
    outer loop
      vertex 43.3045 32.4693 0
      vertex 43.3045 35.5307 0
      vertex 43.5359 36 0
    endloop
  endfacet
  facet normal 0 0 -1
    outer loop
      vertex 43.1363 32.9647 0
      vertex 43.3045 35.5307 0
      vertex 43.3045 32.4693 0
    endloop
  endfacet
  facet normal 0 0 -1
    outer loop
      vertex 43.1363 32.9647 0
      vertex 43.1363 35.0353 0
      vertex 43.3045 35.5307 0
    endloop
  endfacet
  facet normal 0 0 -1
    outer loop
      vertex 43.0342 33.4779 0
      vertex 43.1363 35.0353 0
      vertex 43.1363 32.9647 0
    endloop
  endfacet
  facet normal 0 0 -1
    outer loop
      vertex 43.0342 33.4779 0
      vertex 43.0342 34.5221 0
      vertex 43.1363 35.0353 0
    endloop
  endfacet
  facet normal 0 -0 -1
    outer loop
      vertex 43.0342 34.5221 0
      vertex 43.0342 33.4779 0
      vertex 43 34 0
    endloop
  endfacet
  facet normal -0.896898 -0.442238 0
    outer loop
      vertex 43.5359 32 0
      vertex 43.3045 32.4693 0.5
      vertex 43.3045 32.4693 0
    endloop
  endfacet
  facet normal -0.896898 -0.442238 0
    outer loop
      vertex 43.3045 32.4693 0.5
      vertex 43.5359 32 0
      vertex 43.5359 32 0.5
    endloop
  endfacet
  facet normal -0.0653646 0.997861 0
    outer loop
      vertex 47 38 0
      vertex 46.4779 37.9658 0.5
      vertex 47 38 0.5
    endloop
  endfacet
  facet normal -0.0653646 0.997861 0
    outer loop
      vertex 46.4779 37.9658 0.5
      vertex 47 38 0
      vertex 46.4779 37.9658 0
    endloop
  endfacet
  facet normal -0.751842 0.659343 0
    outer loop
      vertex 43.8266 36.435 0
      vertex 44.1716 36.8284 0.5
      vertex 44.1716 36.8284 0
    endloop
  endfacet
  facet normal -0.751842 0.659343 0
    outer loop
      vertex 44.1716 36.8284 0.5
      vertex 43.8266 36.435 0
      vertex 43.8266 36.435 0.5
    endloop
  endfacet
  facet normal -0.321498 -0.94691 0
    outer loop
      vertex 45.4693 30.3045 0
      vertex 45.9647 30.1363 0.5
      vertex 45.4693 30.3045 0.5
    endloop
  endfacet
  facet normal -0.321498 -0.94691 -0
    outer loop
      vertex 45.9647 30.1363 0.5
      vertex 45.4693 30.3045 0
      vertex 45.9647 30.1363 0
    endloop
  endfacet
  facet normal 0.751842 0.659343 0
    outer loop
      vertex 50.1734 36.435 0.5
      vertex 49.8284 36.8284 0
      vertex 49.8284 36.8284 0.5
    endloop
  endfacet
  facet normal 0.751842 0.659343 0
    outer loop
      vertex 49.8284 36.8284 0
      vertex 50.1734 36.435 0.5
      vertex 50.1734 36.435 0
    endloop
  endfacet
  facet normal -0.659343 0.751842 0
    outer loop
      vertex 44.565 37.1734 0
      vertex 44.1716 36.8284 0.5
      vertex 44.565 37.1734 0.5
    endloop
  endfacet
  facet normal -0.659343 0.751842 0
    outer loop
      vertex 44.1716 36.8284 0.5
      vertex 44.565 37.1734 0
      vertex 44.1716 36.8284 0
    endloop
  endfacet
  facet normal -0.442238 0.896898 0
    outer loop
      vertex 45.4693 37.6955 0
      vertex 45 37.4641 0.5
      vertex 45.4693 37.6955 0.5
    endloop
  endfacet
  facet normal -0.442238 0.896898 0
    outer loop
      vertex 45 37.4641 0.5
      vertex 45.4693 37.6955 0
      vertex 45 37.4641 0
    endloop
  endfacet
  facet normal 0.195124 -0.980779 0
    outer loop
      vertex 47.5221 30.0342 0
      vertex 48.0353 30.1363 0.5
      vertex 47.5221 30.0342 0.5
    endloop
  endfacet
  facet normal 0.195124 -0.980779 0
    outer loop
      vertex 48.0353 30.1363 0.5
      vertex 47.5221 30.0342 0
      vertex 48.0353 30.1363 0
    endloop
  endfacet
  facet normal -0.831432 0.555626 0
    outer loop
      vertex 43.5359 36 0
      vertex 43.8266 36.435 0.5
      vertex 43.8266 36.435 0
    endloop
  endfacet
  facet normal -0.831432 0.555626 0
    outer loop
      vertex 43.8266 36.435 0.5
      vertex 43.5359 36 0
      vertex 43.5359 36 0.5
    endloop
  endfacet
  facet normal 0.442238 0.896898 -0
    outer loop
      vertex 49 37.4641 0
      vertex 48.5307 37.6955 0.5
      vertex 49 37.4641 0.5
    endloop
  endfacet
  facet normal 0.442238 0.896898 0
    outer loop
      vertex 48.5307 37.6955 0.5
      vertex 49 37.4641 0
      vertex 48.5307 37.6955 0
    endloop
  endfacet
  facet normal 0.997861 -0.0653646 0
    outer loop
      vertex 50.9658 33.4779 0.5
      vertex 51 34 0
      vertex 51 34 0.5
    endloop
  endfacet
  facet normal 0.997861 -0.0653646 0
    outer loop
      vertex 51 34 0
      vertex 50.9658 33.4779 0.5
      vertex 50.9658 33.4779 0
    endloop
  endfacet
  facet normal 0.831432 0.555626 0
    outer loop
      vertex 50.4641 36 0.5
      vertex 50.1734 36.435 0
      vertex 50.1734 36.435 0.5
    endloop
  endfacet
  facet normal 0.831432 0.555626 0
    outer loop
      vertex 50.1734 36.435 0
      vertex 50.4641 36 0.5
      vertex 50.4641 36 0
    endloop
  endfacet
  facet normal -0.321498 0.94691 0
    outer loop
      vertex 45.9647 37.8637 0
      vertex 45.4693 37.6955 0.5
      vertex 45.9647 37.8637 0.5
    endloop
  endfacet
  facet normal -0.321498 0.94691 0
    outer loop
      vertex 45.4693 37.6955 0.5
      vertex 45.9647 37.8637 0
      vertex 45.4693 37.6955 0
    endloop
  endfacet
  facet normal -0.751842 -0.659343 0
    outer loop
      vertex 44.1716 31.1716 0
      vertex 43.8266 31.565 0.5
      vertex 43.8266 31.565 0
    endloop
  endfacet
  facet normal -0.751842 -0.659343 0
    outer loop
      vertex 43.8266 31.565 0.5
      vertex 44.1716 31.1716 0
      vertex 44.1716 31.1716 0.5
    endloop
  endfacet
  facet normal 0.659343 -0.751842 0
    outer loop
      vertex 49.435 30.8266 0
      vertex 49.8284 31.1716 0.5
      vertex 49.435 30.8266 0.5
    endloop
  endfacet
  facet normal 0.659343 -0.751842 0
    outer loop
      vertex 49.8284 31.1716 0.5
      vertex 49.435 30.8266 0
      vertex 49.8284 31.1716 0
    endloop
  endfacet
  facet normal -0.0653646 -0.997861 0
    outer loop
      vertex 46.4779 30.0342 0
      vertex 47 30 0.5
      vertex 46.4779 30.0342 0.5
    endloop
  endfacet
  facet normal -0.0653646 -0.997861 -0
    outer loop
      vertex 47 30 0.5
      vertex 46.4779 30.0342 0
      vertex 47 30 0
    endloop
  endfacet
  facet normal 0.321498 -0.94691 0
    outer loop
      vertex 48.0353 30.1363 0
      vertex 48.5307 30.3045 0.5
      vertex 48.0353 30.1363 0.5
    endloop
  endfacet
  facet normal 0.321498 -0.94691 0
    outer loop
      vertex 48.5307 30.3045 0.5
      vertex 48.0353 30.1363 0
      vertex 48.5307 30.3045 0
    endloop
  endfacet
  facet normal 0.555626 -0.831432 0
    outer loop
      vertex 49 30.5359 0
      vertex 49.435 30.8266 0.5
      vertex 49 30.5359 0.5
    endloop
  endfacet
  facet normal 0.555626 -0.831432 0
    outer loop
      vertex 49.435 30.8266 0.5
      vertex 49 30.5359 0
      vertex 49.435 30.8266 0
    endloop
  endfacet
  facet normal 0.0653646 0.997861 -0
    outer loop
      vertex 47.5221 37.9658 0
      vertex 47 38 0.5
      vertex 47.5221 37.9658 0.5
    endloop
  endfacet
  facet normal 0.0653646 0.997861 0
    outer loop
      vertex 47 38 0.5
      vertex 47.5221 37.9658 0
      vertex 47 38 0
    endloop
  endfacet
  facet normal 0.751842 -0.659343 0
    outer loop
      vertex 49.8284 31.1716 0.5
      vertex 50.1734 31.565 0
      vertex 50.1734 31.565 0.5
    endloop
  endfacet
  facet normal 0.751842 -0.659343 0
    outer loop
      vertex 50.1734 31.565 0
      vertex 49.8284 31.1716 0.5
      vertex 49.8284 31.1716 0
    endloop
  endfacet
  facet normal -0.831432 -0.555626 0
    outer loop
      vertex 43.8266 31.565 0
      vertex 43.5359 32 0.5
      vertex 43.5359 32 0
    endloop
  endfacet
  facet normal -0.831432 -0.555626 0
    outer loop
      vertex 43.5359 32 0.5
      vertex 43.8266 31.565 0
      vertex 43.8266 31.565 0.5
    endloop
  endfacet
  facet normal -0.442238 -0.896898 0
    outer loop
      vertex 45 30.5359 0
      vertex 45.4693 30.3045 0.5
      vertex 45 30.5359 0.5
    endloop
  endfacet
  facet normal -0.442238 -0.896898 -0
    outer loop
      vertex 45.4693 30.3045 0.5
      vertex 45 30.5359 0
      vertex 45.4693 30.3045 0
    endloop
  endfacet
  facet normal 0.896898 -0.442238 0
    outer loop
      vertex 50.4641 32 0.5
      vertex 50.6955 32.4693 0
      vertex 50.6955 32.4693 0.5
    endloop
  endfacet
  facet normal 0.896898 -0.442238 0
    outer loop
      vertex 50.6955 32.4693 0
      vertex 50.4641 32 0.5
      vertex 50.4641 32 0
    endloop
  endfacet
  facet normal -0.980779 0.195124 0
    outer loop
      vertex 43.0342 34.5221 0
      vertex 43.1363 35.0353 0.5
      vertex 43.1363 35.0353 0
    endloop
  endfacet
  facet normal -0.980779 0.195124 0
    outer loop
      vertex 43.1363 35.0353 0.5
      vertex 43.0342 34.5221 0
      vertex 43.0342 34.5221 0.5
    endloop
  endfacet
  facet normal -0.195124 -0.980779 0
    outer loop
      vertex 45.9647 30.1363 0
      vertex 46.4779 30.0342 0.5
      vertex 45.9647 30.1363 0.5
    endloop
  endfacet
  facet normal -0.195124 -0.980779 -0
    outer loop
      vertex 46.4779 30.0342 0.5
      vertex 45.9647 30.1363 0
      vertex 46.4779 30.0342 0
    endloop
  endfacet
  facet normal 0.0653646 -0.997861 0
    outer loop
      vertex 47 30 0
      vertex 47.5221 30.0342 0.5
      vertex 47 30 0.5
    endloop
  endfacet
  facet normal 0.0653646 -0.997861 0
    outer loop
      vertex 47.5221 30.0342 0.5
      vertex 47 30 0
      vertex 47.5221 30.0342 0
    endloop
  endfacet
  facet normal -0.997861 -0.0653646 0
    outer loop
      vertex 43.0342 33.4779 0
      vertex 43 34 0.5
      vertex 43 34 0
    endloop
  endfacet
  facet normal -0.997861 -0.0653646 0
    outer loop
      vertex 43 34 0.5
      vertex 43.0342 33.4779 0
      vertex 43.0342 33.4779 0.5
    endloop
  endfacet
  facet normal -0.195124 0.980779 0
    outer loop
      vertex 46.4779 37.9658 0
      vertex 45.9647 37.8637 0.5
      vertex 46.4779 37.9658 0.5
    endloop
  endfacet
  facet normal -0.195124 0.980779 0
    outer loop
      vertex 45.9647 37.8637 0.5
      vertex 46.4779 37.9658 0
      vertex 45.9647 37.8637 0
    endloop
  endfacet
  facet normal -0.980779 -0.195124 0
    outer loop
      vertex 43.1363 32.9647 0
      vertex 43.0342 33.4779 0.5
      vertex 43.0342 33.4779 0
    endloop
  endfacet
  facet normal -0.980779 -0.195124 0
    outer loop
      vertex 43.0342 33.4779 0.5
      vertex 43.1363 32.9647 0
      vertex 43.1363 32.9647 0.5
    endloop
  endfacet
  facet normal -0.659343 -0.751842 0
    outer loop
      vertex 44.1716 31.1716 0
      vertex 44.565 30.8266 0.5
      vertex 44.1716 31.1716 0.5
    endloop
  endfacet
  facet normal -0.659343 -0.751842 -0
    outer loop
      vertex 44.565 30.8266 0.5
      vertex 44.1716 31.1716 0
      vertex 44.565 30.8266 0
    endloop
  endfacet
  facet normal -0.94691 0.321498 0
    outer loop
      vertex 43.1363 35.0353 0
      vertex 43.3045 35.5307 0.5
      vertex 43.3045 35.5307 0
    endloop
  endfacet
  facet normal -0.94691 0.321498 0
    outer loop
      vertex 43.3045 35.5307 0.5
      vertex 43.1363 35.0353 0
      vertex 43.1363 35.0353 0.5
    endloop
  endfacet
  facet normal 0.997861 0.0653646 0
    outer loop
      vertex 40.75 -7.65001 6.35
      vertex 40.7329 -7.38896 2.9
      vertex 40.7329 -7.38896 6.35
    endloop
  endfacet
  facet normal 0.997861 0.0653646 0
    outer loop
      vertex 40.7329 -7.38896 2.9
      vertex 40.75 -7.65001 6.35
      vertex 40.75 -7.65001 2.9
    endloop
  endfacet
  facet normal 0.0653771 -0.997861 0
    outer loop
      vertex 38.75 -30.35 2.9
      vertex 39.011 -30.3329 6.35
      vertex 38.75 -30.35 6.35
    endloop
  endfacet
  facet normal 0.0653771 -0.997861 0
    outer loop
      vertex 39.011 -30.3329 6.35
      vertex 38.75 -30.35 2.9
      vertex 39.011 -30.3329 2.9
    endloop
  endfacet
  facet normal 0.997861 -0.0653771 0
    outer loop
      vertex 40.7329 -28.611 6.35
      vertex 40.75 -28.35 2.9
      vertex 40.75 -28.35 6.35
    endloop
  endfacet
  facet normal 0.997861 -0.0653771 0
    outer loop
      vertex 40.75 -28.35 2.9
      vertex 40.7329 -28.611 6.35
      vertex 40.7329 -28.611 2.9
    endloop
  endfacet
  facet normal -0.946922 0.321463 0
    outer loop
      vertex -40.6819 -7.13237 2.9
      vertex -40.5978 -6.88464 6.35
      vertex -40.5978 -6.88464 2.9
    endloop
  endfacet
  facet normal -0.946922 0.321463 0
    outer loop
      vertex -40.5978 -6.88464 6.35
      vertex -40.6819 -7.13237 2.9
      vertex -40.6819 -7.13237 6.35
    endloop
  endfacet
  facet normal -0.896883 0.442268 0
    outer loop
      vertex -40.5978 -6.88464 2.9
      vertex -40.4821 -6.65001 6.35
      vertex -40.4821 -6.65001 2.9
    endloop
  endfacet
  facet normal -0.896883 0.442268 0
    outer loop
      vertex -40.4821 -6.65001 6.35
      vertex -40.5978 -6.88464 2.9
      vertex -40.5978 -6.88464 6.35
    endloop
  endfacet
  facet normal -0.0653771 -0.997861 0
    outer loop
      vertex -39.011 -30.3329 2.9
      vertex -38.75 -30.35 6.35
      vertex -39.011 -30.3329 6.35
    endloop
  endfacet
  facet normal -0.0653771 -0.997861 -0
    outer loop
      vertex -38.75 -30.35 6.35
      vertex -39.011 -30.3329 2.9
      vertex -38.75 -30.35 2.9
    endloop
  endfacet
  facet normal -0.195308 -0.980742 0
    outer loop
      vertex -39.2676 -30.2818 2.9
      vertex -39.011 -30.3329 6.35
      vertex -39.2676 -30.2818 6.35
    endloop
  endfacet
  facet normal -0.195308 -0.980742 -0
    outer loop
      vertex -39.011 -30.3329 6.35
      vertex -39.2676 -30.2818 2.9
      vertex -39.011 -30.3329 2.9
    endloop
  endfacet
  facet normal 0.195087 0.980786 -0
    outer loop
      vertex 39.2676 -5.71815 2.9
      vertex 39.011 -5.66711 6.35
      vertex 39.2676 -5.71815 6.35
    endloop
  endfacet
  facet normal 0.195087 0.980786 0
    outer loop
      vertex 39.011 -5.66711 6.35
      vertex 39.2676 -5.71815 2.9
      vertex 39.011 -5.66711 2.9
    endloop
  endfacet
  facet normal -0.997861 0.0653646 0
    outer loop
      vertex -40.75 -7.65001 2.9
      vertex -40.7329 -7.38896 6.35
      vertex -40.7329 -7.38896 2.9
    endloop
  endfacet
  facet normal -0.997861 0.0653646 0
    outer loop
      vertex -40.7329 -7.38896 6.35
      vertex -40.75 -7.65001 2.9
      vertex -40.75 -7.65001 6.35
    endloop
  endfacet
  facet normal -0.980814 0.194947 0
    outer loop
      vertex -40.7329 -7.38896 2.9
      vertex -40.6819 -7.13237 6.35
      vertex -40.6819 -7.13237 2.9
    endloop
  endfacet
  facet normal -0.980814 0.194947 0
    outer loop
      vertex -40.6819 -7.13237 6.35
      vertex -40.7329 -7.38896 2.9
      vertex -40.7329 -7.38896 6.35
    endloop
  endfacet
  facet normal -0.555653 0.831415 0
    outer loop
      vertex -39.75 -5.91795 2.9
      vertex -39.9675 -6.06331 6.35
      vertex -39.75 -5.91795 6.35
    endloop
  endfacet
  facet normal -0.555653 0.831415 0
    outer loop
      vertex -39.9675 -6.06331 6.35
      vertex -39.75 -5.91795 2.9
      vertex -39.9675 -6.06331 2.9
    endloop
  endfacet
  facet normal -1 0 0
    outer loop
      vertex -40.75 -20 2.9
      vertex -40.75 -28.35 2.9
      vertex -40.75 -20 3.1
    endloop
  endfacet
  facet normal -1 0 0
    outer loop
      vertex -40.75 -15 3.1
      vertex -40.75 -7.65001 2.9
      vertex -40.75 -15 2.9
    endloop
  endfacet
  facet normal -1 0 0
    outer loop
      vertex -40.75 -7.65001 2.9
      vertex -40.75 -15 3.1
      vertex -40.75 -7.65001 6.35
    endloop
  endfacet
  facet normal -1 0 0
    outer loop
      vertex -40.75 -20 3.1
      vertex -40.75 -7.65001 6.35
      vertex -40.75 -15 3.1
    endloop
  endfacet
  facet normal -1 0 0
    outer loop
      vertex -40.75 -28.35 6.35
      vertex -40.75 -20 3.1
      vertex -40.75 -28.35 2.9
    endloop
  endfacet
  facet normal -1 0 0
    outer loop
      vertex -40.75 -20 3.1
      vertex -40.75 -28.35 6.35
      vertex -40.75 -7.65001 6.35
    endloop
  endfacet
  facet normal 0 -1 0
    outer loop
      vertex -38.75 -30.35 2.9
      vertex 38.75 -30.35 6.35
      vertex -38.75 -30.35 6.35
    endloop
  endfacet
  facet normal 0 -1 -0
    outer loop
      vertex 38.75 -30.35 6.35
      vertex -38.75 -30.35 2.9
      vertex 38.75 -30.35 2.9
    endloop
  endfacet
  facet normal 0 1 -0
    outer loop
      vertex 38.75 -5.65001 2.9
      vertex -38.75 -5.65001 6.35
      vertex 38.75 -5.65001 6.35
    endloop
  endfacet
  facet normal 0 1 0
    outer loop
      vertex -38.75 -5.65001 6.35
      vertex 38.75 -5.65001 2.9
      vertex -38.75 -5.65001 2.9
    endloop
  endfacet
  facet normal -0.89686 -0.442314 0
    outer loop
      vertex -40.4821 -29.35 2.9
      vertex -40.5978 -29.1154 6.35
      vertex -40.5978 -29.1154 2.9
    endloop
  endfacet
  facet normal -0.89686 -0.442314 0
    outer loop
      vertex -40.5978 -29.1154 6.35
      vertex -40.4821 -29.35 2.9
      vertex -40.4821 -29.35 6.35
    endloop
  endfacet
  facet normal 1 0 0
    outer loop
      vertex 40.75 -7.65001 6.35
      vertex 40.75 -15 3.1
      vertex 40.75 -7.65001 2.9
    endloop
  endfacet
  facet normal 1 0 0
    outer loop
      vertex 40.75 -7.65001 6.35
      vertex 40.75 -20 3.1
      vertex 40.75 -15 3.1
    endloop
  endfacet
  facet normal 1 -0 0
    outer loop
      vertex 40.75 -28.35 6.35
      vertex 40.75 -20 3.1
      vertex 40.75 -7.65001 6.35
    endloop
  endfacet
  facet normal 1 0 0
    outer loop
      vertex 40.75 -28.35 2.9
      vertex 40.75 -20 3.1
      vertex 40.75 -28.35 6.35
    endloop
  endfacet
  facet normal 1 0 0
    outer loop
      vertex 40.75 -20 3.1
      vertex 40.75 -28.35 2.9
      vertex 40.75 -20 2.9
    endloop
  endfacet
  facet normal 1 0 0
    outer loop
      vertex 40.75 -7.65001 2.9
      vertex 40.75 -15 3.1
      vertex 40.75 -15 2.9
    endloop
  endfacet
  facet normal 0.831344 -0.555758 0
    outer loop
      vertex 40.3367 -29.5675 6.35
      vertex 40.4821 -29.35 2.9
      vertex 40.4821 -29.35 6.35
    endloop
  endfacet
  facet normal 0.831344 -0.555758 0
    outer loop
      vertex 40.4821 -29.35 2.9
      vertex 40.3367 -29.5675 6.35
      vertex 40.3367 -29.5675 2.9
    endloop
  endfacet
  facet normal 0.0653771 0.997861 -0
    outer loop
      vertex 39.011 -5.66711 2.9
      vertex 38.75 -5.65001 6.35
      vertex 39.011 -5.66711 6.35
    endloop
  endfacet
  facet normal 0.0653771 0.997861 0
    outer loop
      vertex 38.75 -5.65001 6.35
      vertex 39.011 -5.66711 2.9
      vertex 38.75 -5.65001 2.9
    endloop
  endfacet
  facet normal -0.0653771 0.997861 0
    outer loop
      vertex -38.75 -5.65001 2.9
      vertex -39.011 -5.66711 6.35
      vertex -38.75 -5.65001 6.35
    endloop
  endfacet
  facet normal -0.0653771 0.997861 0
    outer loop
      vertex -39.011 -5.66711 6.35
      vertex -38.75 -5.65001 2.9
      vertex -39.011 -5.66711 2.9
    endloop
  endfacet
  facet normal 0.94695 -0.321382 0
    outer loop
      vertex 40.5978 -29.1154 6.35
      vertex 40.6819 -28.8676 2.9
      vertex 40.6819 -28.8676 6.35
    endloop
  endfacet
  facet normal 0.94695 -0.321382 0
    outer loop
      vertex 40.6819 -28.8676 2.9
      vertex 40.5978 -29.1154 6.35
      vertex 40.5978 -29.1154 2.9
    endloop
  endfacet
  facet normal -0.195087 0.980786 0
    outer loop
      vertex -39.011 -5.66711 2.9
      vertex -39.2676 -5.71815 6.35
      vertex -39.011 -5.66711 6.35
    endloop
  endfacet
  facet normal -0.195087 0.980786 0
    outer loop
      vertex -39.2676 -5.71815 6.35
      vertex -39.011 -5.66711 2.9
      vertex -39.2676 -5.71815 2.9
    endloop
  endfacet
  facet normal 0.980815 -0.19494 0
    outer loop
      vertex 40.6819 -28.8676 6.35
      vertex 40.7329 -28.611 2.9
      vertex 40.7329 -28.611 6.35
    endloop
  endfacet
  facet normal 0.980815 -0.19494 0
    outer loop
      vertex 40.7329 -28.611 2.9
      vertex 40.6819 -28.8676 6.35
      vertex 40.6819 -28.8676 2.9
    endloop
  endfacet
  facet normal 0.751842 -0.659343 0
    outer loop
      vertex 40.1642 -29.7642 6.35
      vertex 40.3367 -29.5675 2.9
      vertex 40.3367 -29.5675 6.35
    endloop
  endfacet
  facet normal 0.751842 -0.659343 0
    outer loop
      vertex 40.3367 -29.5675 2.9
      vertex 40.1642 -29.7642 6.35
      vertex 40.1642 -29.7642 2.9
    endloop
  endfacet
  facet normal 0.89686 -0.442314 0
    outer loop
      vertex 40.4821 -29.35 6.35
      vertex 40.5978 -29.1154 2.9
      vertex 40.5978 -29.1154 6.35
    endloop
  endfacet
  facet normal 0.89686 -0.442314 0
    outer loop
      vertex 40.5978 -29.1154 2.9
      vertex 40.4821 -29.35 6.35
      vertex 40.4821 -29.35 2.9
    endloop
  endfacet
  facet normal -0.442314 0.89686 0
    outer loop
      vertex -39.5154 -5.80225 2.9
      vertex -39.75 -5.91795 6.35
      vertex -39.5154 -5.80225 6.35
    endloop
  endfacet
  facet normal -0.442314 0.89686 0
    outer loop
      vertex -39.75 -5.91795 6.35
      vertex -39.5154 -5.80225 2.9
      vertex -39.75 -5.91795 2.9
    endloop
  endfacet
  facet normal -0.831379 0.555705 0
    outer loop
      vertex -40.4821 -6.65001 2.9
      vertex -40.3367 -6.43248 6.35
      vertex -40.3367 -6.43248 2.9
    endloop
  endfacet
  facet normal -0.831379 0.555705 0
    outer loop
      vertex -40.3367 -6.43248 6.35
      vertex -40.4821 -6.65001 2.9
      vertex -40.4821 -6.65001 6.35
    endloop
  endfacet
  facet normal -0.751826 0.659362 0
    outer loop
      vertex -40.3367 -6.43248 2.9
      vertex -40.1642 -6.23579 6.35
      vertex -40.1642 -6.23579 2.9
    endloop
  endfacet
  facet normal -0.751826 0.659362 0
    outer loop
      vertex -40.1642 -6.23579 6.35
      vertex -40.3367 -6.43248 2.9
      vertex -40.3367 -6.43248 6.35
    endloop
  endfacet
  facet normal 0 0 1
    outer loop
      vertex 39.0739 -7.86731 6.35
      vertex 40.75 -7.65001 6.35
      vertex 40.7329 -7.38896 6.35
    endloop
  endfacet
  facet normal 0 0 1
    outer loop
      vertex 40.75 -7.65001 6.35
      vertex 39.15 -8.25 6.35
      vertex 40.75 -28.35 6.35
    endloop
  endfacet
  facet normal 0 0 1
    outer loop
      vertex 39.0739 -7.86731 6.35
      vertex 40.7329 -7.38896 6.35
      vertex 40.6819 -7.13237 6.35
    endloop
  endfacet
  facet normal -0 0 1
    outer loop
      vertex 39.15 -27.75 6.35
      vertex 40.75 -28.35 6.35
      vertex 39.15 -8.25 6.35
    endloop
  endfacet
  facet normal 0 0 1
    outer loop
      vertex 39.016 -7.75 6.35
      vertex 40.6819 -7.13237 6.35
      vertex 40.5978 -6.88464 6.35
    endloop
  endfacet
  facet normal -0 0 1
    outer loop
      vertex 39.1414 -27.8805 6.35
      vertex 40.75 -28.35 6.35
      vertex 39.15 -27.75 6.35
    endloop
  endfacet
  facet normal 0 0 1
    outer loop
      vertex 38.9433 -7.64124 6.35
      vertex 40.5978 -6.88464 6.35
      vertex 40.4821 -6.65001 6.35
    endloop
  endfacet
  facet normal -0 0 1
    outer loop
      vertex 39.1159 -28.0088 6.35
      vertex 40.75 -28.35 6.35
      vertex 39.1414 -27.8805 6.35
    endloop
  endfacet
  facet normal 0 0 1
    outer loop
      vertex 38.9433 -7.64124 6.35
      vertex 40.4821 -6.65001 6.35
      vertex 40.3367 -6.43248 6.35
    endloop
  endfacet
  facet normal -0 0 1
    outer loop
      vertex 39.0739 -28.1327 6.35
      vertex 40.75 -28.35 6.35
      vertex 39.1159 -28.0088 6.35
    endloop
  endfacet
  facet normal 0 0 1
    outer loop
      vertex 38.8571 -7.54289 6.35
      vertex 40.3367 -6.43248 6.35
      vertex 40.1642 -6.23579 6.35
    endloop
  endfacet
  facet normal 0 0 1
    outer loop
      vertex 40.75 -28.35 6.35
      vertex 39.0739 -28.1327 6.35
      vertex 40.7329 -28.611 6.35
    endloop
  endfacet
  facet normal 0 0 1
    outer loop
      vertex 38.8571 -7.54289 6.35
      vertex 40.1642 -6.23579 6.35
      vertex 39.9675 -6.06331 6.35
    endloop
  endfacet
  facet normal 0 0 1
    outer loop
      vertex 40.7329 -28.611 6.35
      vertex 39.0739 -28.1327 6.35
      vertex 40.6819 -28.8676 6.35
    endloop
  endfacet
  facet normal 0 0 1
    outer loop
      vertex 38.7588 -7.45665 6.35
      vertex 39.9675 -6.06331 6.35
      vertex 39.75 -5.91795 6.35
    endloop
  endfacet
  facet normal -0 0 1
    outer loop
      vertex 39.016 -28.25 6.35
      vertex 40.6819 -28.8676 6.35
      vertex 39.0739 -28.1327 6.35
    endloop
  endfacet
  facet normal 0 0 1
    outer loop
      vertex 38.7588 -7.45665 6.35
      vertex 39.75 -5.91795 6.35
      vertex 39.5154 -5.80225 6.35
    endloop
  endfacet
  facet normal 0 0 1
    outer loop
      vertex 40.6819 -28.8676 6.35
      vertex 39.016 -28.25 6.35
      vertex 40.5978 -29.1154 6.35
    endloop
  endfacet
  facet normal 0 0 1
    outer loop
      vertex 38.65 -7.38397 6.35
      vertex 39.5154 -5.80225 6.35
      vertex 39.2676 -5.71815 6.35
    endloop
  endfacet
  facet normal -0 0 1
    outer loop
      vertex 38.9433 -28.3588 6.35
      vertex 40.5978 -29.1154 6.35
      vertex 39.016 -28.25 6.35
    endloop
  endfacet
  facet normal 0 0 1
    outer loop
      vertex 40.5978 -29.1154 6.35
      vertex 38.9433 -28.3588 6.35
      vertex 40.4821 -29.35 6.35
    endloop
  endfacet
  facet normal 0 0 1
    outer loop
      vertex 40.75 -7.65001 6.35
      vertex 39.1414 -8.11948 6.35
      vertex 39.15 -8.25 6.35
    endloop
  endfacet
  facet normal 0 0 1
    outer loop
      vertex 40.75 -7.65001 6.35
      vertex 39.1159 -7.99118 6.35
      vertex 39.1414 -8.11948 6.35
    endloop
  endfacet
  facet normal 0 0 1
    outer loop
      vertex 40.75 -7.65001 6.35
      vertex 39.0739 -7.86731 6.35
      vertex 39.1159 -7.99118 6.35
    endloop
  endfacet
  facet normal 0 0 1
    outer loop
      vertex 40.6819 -7.13237 6.35
      vertex 39.016 -7.75 6.35
      vertex 39.0739 -7.86731 6.35
    endloop
  endfacet
  facet normal 0 0 1
    outer loop
      vertex 38.5327 -7.32613 6.35
      vertex 39.2676 -5.71815 6.35
      vertex 39.011 -5.66711 6.35
    endloop
  endfacet
  facet normal 0 0 1
    outer loop
      vertex 40.5978 -6.88464 6.35
      vertex 38.9433 -7.64124 6.35
      vertex 39.016 -7.75 6.35
    endloop
  endfacet
  facet normal 0 0 1
    outer loop
      vertex 40.3367 -6.43248 6.35
      vertex 38.8571 -7.54289 6.35
      vertex 38.9433 -7.64124 6.35
    endloop
  endfacet
  facet normal 0 0 1
    outer loop
      vertex 39.9675 -6.06331 6.35
      vertex 38.7588 -7.45665 6.35
      vertex 38.8571 -7.54289 6.35
    endloop
  endfacet
  facet normal 0 0 1
    outer loop
      vertex 38.5327 -7.32613 6.35
      vertex 39.011 -5.66711 6.35
      vertex 38.75 -5.65001 6.35
    endloop
  endfacet
  facet normal 0 0 1
    outer loop
      vertex 39.5154 -5.80225 6.35
      vertex 38.65 -7.38397 6.35
      vertex 38.7588 -7.45665 6.35
    endloop
  endfacet
  facet normal 0 0 1
    outer loop
      vertex 39.2676 -5.71815 6.35
      vertex 38.5327 -7.32613 6.35
      vertex 38.65 -7.38397 6.35
    endloop
  endfacet
  facet normal 0 0 1
    outer loop
      vertex 38.75 -5.65001 6.35
      vertex 38.4088 -7.28407 6.35
      vertex 38.5327 -7.32613 6.35
    endloop
  endfacet
  facet normal 0 0 1
    outer loop
      vertex 38.75 -5.65001 6.35
      vertex 38.2805 -7.25856 6.35
      vertex 38.4088 -7.28407 6.35
    endloop
  endfacet
  facet normal 0 0 1
    outer loop
      vertex 38.75 -5.65001 6.35
      vertex 38.15 -7.25 6.35
      vertex 38.2805 -7.25856 6.35
    endloop
  endfacet
  facet normal 0 0 1
    outer loop
      vertex 38.75 -5.65001 6.35
      vertex -38.15 -7.25 6.35
      vertex 38.15 -7.25 6.35
    endloop
  endfacet
  facet normal -0 0 1
    outer loop
      vertex -38.75 -5.65001 6.35
      vertex -38.15 -7.25 6.35
      vertex 38.75 -5.65001 6.35
    endloop
  endfacet
  facet normal 0 0 1
    outer loop
      vertex -38.75 -5.65001 6.35
      vertex -38.2805 -7.25856 6.35
      vertex -38.15 -7.25 6.35
    endloop
  endfacet
  facet normal 0 0 1
    outer loop
      vertex -38.75 -5.65001 6.35
      vertex -38.4088 -7.28407 6.35
      vertex -38.2805 -7.25856 6.35
    endloop
  endfacet
  facet normal 0 0 1
    outer loop
      vertex -38.75 -5.65001 6.35
      vertex -38.5327 -7.32613 6.35
      vertex -38.4088 -7.28407 6.35
    endloop
  endfacet
  facet normal -0 0 1
    outer loop
      vertex -39.011 -5.66711 6.35
      vertex -38.5327 -7.32613 6.35
      vertex -38.75 -5.65001 6.35
    endloop
  endfacet
  facet normal -0 0 1
    outer loop
      vertex -39.2676 -5.71815 6.35
      vertex -38.5327 -7.32613 6.35
      vertex -39.011 -5.66711 6.35
    endloop
  endfacet
  facet normal 0 0 1
    outer loop
      vertex -38.5327 -7.32613 6.35
      vertex -39.2676 -5.71815 6.35
      vertex -38.65 -7.38397 6.35
    endloop
  endfacet
  facet normal -0 0 1
    outer loop
      vertex -39.5154 -5.80225 6.35
      vertex -38.65 -7.38397 6.35
      vertex -39.2676 -5.71815 6.35
    endloop
  endfacet
  facet normal 0 0 1
    outer loop
      vertex -38.65 -7.38397 6.35
      vertex -39.5154 -5.80225 6.35
      vertex -38.7588 -7.45665 6.35
    endloop
  endfacet
  facet normal -0 0 1
    outer loop
      vertex -39.75 -5.91795 6.35
      vertex -38.7588 -7.45665 6.35
      vertex -39.5154 -5.80225 6.35
    endloop
  endfacet
  facet normal -0 0 1
    outer loop
      vertex -39.9675 -6.06331 6.35
      vertex -38.7588 -7.45665 6.35
      vertex -39.75 -5.91795 6.35
    endloop
  endfacet
  facet normal 0 0 1
    outer loop
      vertex -38.7588 -7.45665 6.35
      vertex -39.9675 -6.06331 6.35
      vertex -38.8571 -7.54289 6.35
    endloop
  endfacet
  facet normal -0 0 1
    outer loop
      vertex -40.1642 -6.23579 6.35
      vertex -38.8571 -7.54289 6.35
      vertex -39.9675 -6.06331 6.35
    endloop
  endfacet
  facet normal -0 0 1
    outer loop
      vertex -40.3367 -6.43248 6.35
      vertex -38.8571 -7.54289 6.35
      vertex -40.1642 -6.23579 6.35
    endloop
  endfacet
  facet normal -0 0 1
    outer loop
      vertex -40.4821 -6.65001 6.35
      vertex -38.9433 -7.64124 6.35
      vertex -40.3367 -6.43248 6.35
    endloop
  endfacet
  facet normal 0 0 1
    outer loop
      vertex -38.8571 -7.54289 6.35
      vertex -40.3367 -6.43248 6.35
      vertex -38.9433 -7.64124 6.35
    endloop
  endfacet
  facet normal 0 0 1
    outer loop
      vertex 40.4821 -29.35 6.35
      vertex 38.9433 -28.3588 6.35
      vertex 40.3367 -29.5675 6.35
    endloop
  endfacet
  facet normal -0 0 1
    outer loop
      vertex 38.8571 -28.4571 6.35
      vertex 40.3367 -29.5675 6.35
      vertex 38.9433 -28.3588 6.35
    endloop
  endfacet
  facet normal 0 0 1
    outer loop
      vertex 40.3367 -29.5675 6.35
      vertex 38.8571 -28.4571 6.35
      vertex 40.1642 -29.7642 6.35
    endloop
  endfacet
  facet normal 0 0 1
    outer loop
      vertex 40.1642 -29.7642 6.35
      vertex 38.8571 -28.4571 6.35
      vertex 39.9675 -29.9367 6.35
    endloop
  endfacet
  facet normal -0 0 1
    outer loop
      vertex 38.7588 -28.5434 6.35
      vertex 39.9675 -29.9367 6.35
      vertex 38.8571 -28.4571 6.35
    endloop
  endfacet
  facet normal 0 0 1
    outer loop
      vertex 39.9675 -29.9367 6.35
      vertex 38.7588 -28.5434 6.35
      vertex 39.75 -30.082 6.35
    endloop
  endfacet
  facet normal 0 0 1
    outer loop
      vertex 39.75 -30.082 6.35
      vertex 38.7588 -28.5434 6.35
      vertex 39.5154 -30.1978 6.35
    endloop
  endfacet
  facet normal -0 0 1
    outer loop
      vertex 38.65 -28.616 6.35
      vertex 39.5154 -30.1978 6.35
      vertex 38.7588 -28.5434 6.35
    endloop
  endfacet
  facet normal 0 0 1
    outer loop
      vertex 39.5154 -30.1978 6.35
      vertex 38.65 -28.616 6.35
      vertex 39.2676 -30.2818 6.35
    endloop
  endfacet
  facet normal -0 0 1
    outer loop
      vertex 38.5327 -28.6739 6.35
      vertex 39.2676 -30.2818 6.35
      vertex 38.65 -28.616 6.35
    endloop
  endfacet
  facet normal 0 0 1
    outer loop
      vertex 39.2676 -30.2818 6.35
      vertex 38.5327 -28.6739 6.35
      vertex 39.011 -30.3329 6.35
    endloop
  endfacet
  facet normal 0 0 1
    outer loop
      vertex 39.011 -30.3329 6.35
      vertex 38.5327 -28.6739 6.35
      vertex 38.75 -30.35 6.35
    endloop
  endfacet
  facet normal -0 0 1
    outer loop
      vertex 38.4088 -28.7159 6.35
      vertex 38.75 -30.35 6.35
      vertex 38.5327 -28.6739 6.35
    endloop
  endfacet
  facet normal -0 0 1
    outer loop
      vertex 38.2805 -28.7414 6.35
      vertex 38.75 -30.35 6.35
      vertex 38.4088 -28.7159 6.35
    endloop
  endfacet
  facet normal -0 0 1
    outer loop
      vertex 38.15 -28.75 6.35
      vertex 38.75 -30.35 6.35
      vertex 38.2805 -28.7414 6.35
    endloop
  endfacet
  facet normal -0 0 1
    outer loop
      vertex -38.15 -28.75 6.35
      vertex 38.75 -30.35 6.35
      vertex 38.15 -28.75 6.35
    endloop
  endfacet
  facet normal 0 0 1
    outer loop
      vertex -38.15 -28.75 6.35
      vertex -38.75 -30.35 6.35
      vertex 38.75 -30.35 6.35
    endloop
  endfacet
  facet normal 0 0 1
    outer loop
      vertex -38.2805 -28.7414 6.35
      vertex -38.75 -30.35 6.35
      vertex -38.15 -28.75 6.35
    endloop
  endfacet
  facet normal 0 0 1
    outer loop
      vertex -38.4088 -28.7159 6.35
      vertex -38.75 -30.35 6.35
      vertex -38.2805 -28.7414 6.35
    endloop
  endfacet
  facet normal 0 0 1
    outer loop
      vertex -38.5327 -28.6739 6.35
      vertex -38.75 -30.35 6.35
      vertex -38.4088 -28.7159 6.35
    endloop
  endfacet
  facet normal 0 0 1
    outer loop
      vertex -39.2676 -30.2818 6.35
      vertex -38.5327 -28.6739 6.35
      vertex -38.65 -28.616 6.35
    endloop
  endfacet
  facet normal 0 0 1
    outer loop
      vertex -39.5154 -30.1978 6.35
      vertex -38.65 -28.616 6.35
      vertex -38.7588 -28.5434 6.35
    endloop
  endfacet
  facet normal 0 0 1
    outer loop
      vertex -39.9675 -29.9367 6.35
      vertex -38.7588 -28.5434 6.35
      vertex -38.8571 -28.4571 6.35
    endloop
  endfacet
  facet normal 0 0 1
    outer loop
      vertex -40.3367 -29.5675 6.35
      vertex -38.8571 -28.4571 6.35
      vertex -38.9433 -28.3588 6.35
    endloop
  endfacet
  facet normal 0 0 1
    outer loop
      vertex -38.5327 -28.6739 6.35
      vertex -39.011 -30.3329 6.35
      vertex -38.75 -30.35 6.35
    endloop
  endfacet
  facet normal 0 0 1
    outer loop
      vertex -40.5978 -29.1154 6.35
      vertex -38.9433 -28.3588 6.35
      vertex -39.016 -28.25 6.35
    endloop
  endfacet
  facet normal 0 0 1
    outer loop
      vertex -40.6819 -28.8676 6.35
      vertex -39.016 -28.25 6.35
      vertex -39.0739 -28.1327 6.35
    endloop
  endfacet
  facet normal 0 0 1
    outer loop
      vertex -40.75 -28.35 6.35
      vertex -39.0739 -28.1327 6.35
      vertex -39.1159 -28.0088 6.35
    endloop
  endfacet
  facet normal 0 0 1
    outer loop
      vertex -40.75 -28.35 6.35
      vertex -39.1159 -28.0088 6.35
      vertex -39.1414 -27.8805 6.35
    endloop
  endfacet
  facet normal 0 0 1
    outer loop
      vertex -40.75 -28.35 6.35
      vertex -39.1414 -27.8805 6.35
      vertex -39.15 -27.75 6.35
    endloop
  endfacet
  facet normal 0 0 1
    outer loop
      vertex -38.5327 -28.6739 6.35
      vertex -39.2676 -30.2818 6.35
      vertex -39.011 -30.3329 6.35
    endloop
  endfacet
  facet normal 0 0 1
    outer loop
      vertex -39.15 -8.25 6.35
      vertex -40.75 -7.65001 6.35
      vertex -39.15 -27.75 6.35
    endloop
  endfacet
  facet normal -0 0 1
    outer loop
      vertex -40.5978 -6.88464 6.35
      vertex -38.9433 -7.64124 6.35
      vertex -40.4821 -6.65001 6.35
    endloop
  endfacet
  facet normal 0 0 1
    outer loop
      vertex -40.75 -28.35 6.35
      vertex -39.15 -27.75 6.35
      vertex -40.75 -7.65001 6.35
    endloop
  endfacet
  facet normal 0 0 1
    outer loop
      vertex -38.9433 -7.64124 6.35
      vertex -40.5978 -6.88464 6.35
      vertex -39.016 -7.75 6.35
    endloop
  endfacet
  facet normal 0 0 1
    outer loop
      vertex -39.0739 -28.1327 6.35
      vertex -40.75 -28.35 6.35
      vertex -40.7329 -28.611 6.35
    endloop
  endfacet
  facet normal -0 0 1
    outer loop
      vertex -40.6819 -7.13237 6.35
      vertex -39.016 -7.75 6.35
      vertex -40.5978 -6.88464 6.35
    endloop
  endfacet
  facet normal 0 0 1
    outer loop
      vertex -38.65 -28.616 6.35
      vertex -39.5154 -30.1978 6.35
      vertex -39.2676 -30.2818 6.35
    endloop
  endfacet
  facet normal 0 0 1
    outer loop
      vertex -39.016 -7.75 6.35
      vertex -40.6819 -7.13237 6.35
      vertex -39.0739 -7.86731 6.35
    endloop
  endfacet
  facet normal 0 0 1
    outer loop
      vertex -38.7588 -28.5434 6.35
      vertex -39.75 -30.082 6.35
      vertex -39.5154 -30.1978 6.35
    endloop
  endfacet
  facet normal -0 0 1
    outer loop
      vertex -40.7329 -7.38896 6.35
      vertex -39.0739 -7.86731 6.35
      vertex -40.6819 -7.13237 6.35
    endloop
  endfacet
  facet normal 0 0 1
    outer loop
      vertex -38.7588 -28.5434 6.35
      vertex -39.9675 -29.9367 6.35
      vertex -39.75 -30.082 6.35
    endloop
  endfacet
  facet normal -0 0 1
    outer loop
      vertex -40.75 -7.65001 6.35
      vertex -39.0739 -7.86731 6.35
      vertex -40.7329 -7.38896 6.35
    endloop
  endfacet
  facet normal 0 0 1
    outer loop
      vertex -38.8571 -28.4571 6.35
      vertex -40.1642 -29.7642 6.35
      vertex -39.9675 -29.9367 6.35
    endloop
  endfacet
  facet normal 0 0 1
    outer loop
      vertex -39.0739 -7.86731 6.35
      vertex -40.75 -7.65001 6.35
      vertex -39.1159 -7.99118 6.35
    endloop
  endfacet
  facet normal 0 0 1
    outer loop
      vertex -38.8571 -28.4571 6.35
      vertex -40.3367 -29.5675 6.35
      vertex -40.1642 -29.7642 6.35
    endloop
  endfacet
  facet normal 0 0 1
    outer loop
      vertex -39.1159 -7.99118 6.35
      vertex -40.75 -7.65001 6.35
      vertex -39.1414 -8.11948 6.35
    endloop
  endfacet
  facet normal 0 0 1
    outer loop
      vertex -38.9433 -28.3588 6.35
      vertex -40.4821 -29.35 6.35
      vertex -40.3367 -29.5675 6.35
    endloop
  endfacet
  facet normal 0 0 1
    outer loop
      vertex -39.1414 -8.11948 6.35
      vertex -40.75 -7.65001 6.35
      vertex -39.15 -8.25 6.35
    endloop
  endfacet
  facet normal 0 0 1
    outer loop
      vertex -38.9433 -28.3588 6.35
      vertex -40.5978 -29.1154 6.35
      vertex -40.4821 -29.35 6.35
    endloop
  endfacet
  facet normal 0 0 1
    outer loop
      vertex -39.016 -28.25 6.35
      vertex -40.6819 -28.8676 6.35
      vertex -40.5978 -29.1154 6.35
    endloop
  endfacet
  facet normal 0 0 1
    outer loop
      vertex -39.0739 -28.1327 6.35
      vertex -40.7329 -28.611 6.35
      vertex -40.6819 -28.8676 6.35
    endloop
  endfacet
  facet normal -0.997861 -0.0653771 0
    outer loop
      vertex -40.7329 -28.611 2.9
      vertex -40.75 -28.35 6.35
      vertex -40.75 -28.35 2.9
    endloop
  endfacet
  facet normal -0.997861 -0.0653771 0
    outer loop
      vertex -40.75 -28.35 6.35
      vertex -40.7329 -28.611 2.9
      vertex -40.7329 -28.611 6.35
    endloop
  endfacet
  facet normal 0.6593 0.75188 -0
    outer loop
      vertex 40.1642 -6.23579 2.9
      vertex 39.9675 -6.06331 6.35
      vertex 40.1642 -6.23579 6.35
    endloop
  endfacet
  facet normal 0.6593 0.75188 0
    outer loop
      vertex 39.9675 -6.06331 6.35
      vertex 40.1642 -6.23579 2.9
      vertex 39.9675 -6.06331 2.9
    endloop
  endfacet
  facet normal 0.831379 0.555705 0
    outer loop
      vertex 40.4821 -6.65001 6.35
      vertex 40.3367 -6.43248 2.9
      vertex 40.3367 -6.43248 6.35
    endloop
  endfacet
  facet normal 0.831379 0.555705 0
    outer loop
      vertex 40.3367 -6.43248 2.9
      vertex 40.4821 -6.65001 6.35
      vertex 40.4821 -6.65001 2.9
    endloop
  endfacet
  facet normal -0.442621 -0.896709 0
    outer loop
      vertex -39.75 -30.082 2.9
      vertex -39.5154 -30.1978 6.35
      vertex -39.75 -30.082 6.35
    endloop
  endfacet
  facet normal -0.442621 -0.896709 -0
    outer loop
      vertex -39.5154 -30.1978 6.35
      vertex -39.75 -30.082 2.9
      vertex -39.5154 -30.1978 2.9
    endloop
  endfacet
  facet normal 0.896883 0.442268 0
    outer loop
      vertex 40.5978 -6.88464 6.35
      vertex 40.4821 -6.65001 2.9
      vertex 40.4821 -6.65001 6.35
    endloop
  endfacet
  facet normal 0.896883 0.442268 0
    outer loop
      vertex 40.4821 -6.65001 2.9
      vertex 40.5978 -6.88464 6.35
      vertex 40.5978 -6.88464 2.9
    endloop
  endfacet
  facet normal 0.555653 0.831415 -0
    outer loop
      vertex 39.9675 -6.06331 2.9
      vertex 39.75 -5.91795 6.35
      vertex 39.9675 -6.06331 6.35
    endloop
  endfacet
  facet normal 0.555653 0.831415 0
    outer loop
      vertex 39.75 -5.91795 6.35
      vertex 39.9675 -6.06331 2.9
      vertex 39.75 -5.91795 2.9
    endloop
  endfacet
  facet normal 0.321039 -0.947066 0
    outer loop
      vertex 39.2676 -30.2818 2.9
      vertex 39.5154 -30.1978 6.35
      vertex 39.2676 -30.2818 6.35
    endloop
  endfacet
  facet normal 0.321039 -0.947066 0
    outer loop
      vertex 39.5154 -30.1978 6.35
      vertex 39.2676 -30.2818 2.9
      vertex 39.5154 -30.1978 2.9
    endloop
  endfacet
  facet normal -0.321382 0.94695 0
    outer loop
      vertex -39.2676 -5.71815 2.9
      vertex -39.5154 -5.80225 6.35
      vertex -39.2676 -5.71815 6.35
    endloop
  endfacet
  facet normal -0.321382 0.94695 0
    outer loop
      vertex -39.5154 -5.80225 6.35
      vertex -39.2676 -5.71815 2.9
      vertex -39.5154 -5.80225 2.9
    endloop
  endfacet
  facet normal 0.659343 -0.751842 0
    outer loop
      vertex 39.9675 -29.9367 2.9
      vertex 40.1642 -29.7642 6.35
      vertex 39.9675 -29.9367 6.35
    endloop
  endfacet
  facet normal 0.659343 -0.751842 0
    outer loop
      vertex 40.1642 -29.7642 6.35
      vertex 39.9675 -29.9367 2.9
      vertex 40.1642 -29.7642 2.9
    endloop
  endfacet
  facet normal -0.751842 -0.659343 0
    outer loop
      vertex -40.1642 -29.7642 2.9
      vertex -40.3367 -29.5675 6.35
      vertex -40.3367 -29.5675 2.9
    endloop
  endfacet
  facet normal -0.751842 -0.659343 0
    outer loop
      vertex -40.3367 -29.5675 6.35
      vertex -40.1642 -29.7642 2.9
      vertex -40.1642 -29.7642 6.35
    endloop
  endfacet
  facet normal -0.6593 0.75188 0
    outer loop
      vertex -39.9675 -6.06331 2.9
      vertex -40.1642 -6.23579 6.35
      vertex -39.9675 -6.06331 6.35
    endloop
  endfacet
  facet normal -0.6593 0.75188 0
    outer loop
      vertex -40.1642 -6.23579 6.35
      vertex -39.9675 -6.06331 2.9
      vertex -40.1642 -6.23579 2.9
    endloop
  endfacet
  facet normal -0.321039 -0.947066 0
    outer loop
      vertex -39.5154 -30.1978 2.9
      vertex -39.2676 -30.2818 6.35
      vertex -39.5154 -30.1978 6.35
    endloop
  endfacet
  facet normal -0.321039 -0.947066 -0
    outer loop
      vertex -39.2676 -30.2818 6.35
      vertex -39.5154 -30.1978 2.9
      vertex -39.2676 -30.2818 2.9
    endloop
  endfacet
  facet normal 0.442621 -0.896709 0
    outer loop
      vertex 39.5154 -30.1978 2.9
      vertex 39.75 -30.082 6.35
      vertex 39.5154 -30.1978 6.35
    endloop
  endfacet
  facet normal 0.442621 -0.896709 0
    outer loop
      vertex 39.75 -30.082 6.35
      vertex 39.5154 -30.1978 2.9
      vertex 39.75 -30.082 2.9
    endloop
  endfacet
  facet normal 0.195308 -0.980742 0
    outer loop
      vertex 39.011 -30.3329 2.9
      vertex 39.2676 -30.2818 6.35
      vertex 39.011 -30.3329 6.35
    endloop
  endfacet
  facet normal 0.195308 -0.980742 0
    outer loop
      vertex 39.2676 -30.2818 6.35
      vertex 39.011 -30.3329 2.9
      vertex 39.2676 -30.2818 2.9
    endloop
  endfacet
  facet normal 0.321382 0.94695 -0
    outer loop
      vertex 39.5154 -5.80225 2.9
      vertex 39.2676 -5.71815 6.35
      vertex 39.5154 -5.80225 6.35
    endloop
  endfacet
  facet normal 0.321382 0.94695 0
    outer loop
      vertex 39.2676 -5.71815 6.35
      vertex 39.5154 -5.80225 2.9
      vertex 39.2676 -5.71815 2.9
    endloop
  endfacet
  facet normal 0.751826 0.659362 0
    outer loop
      vertex 40.3367 -6.43248 6.35
      vertex 40.1642 -6.23579 2.9
      vertex 40.1642 -6.23579 6.35
    endloop
  endfacet
  facet normal 0.751826 0.659362 0
    outer loop
      vertex 40.1642 -6.23579 2.9
      vertex 40.3367 -6.43248 6.35
      vertex 40.3367 -6.43248 2.9
    endloop
  endfacet
  facet normal 0.555494 -0.831521 0
    outer loop
      vertex 39.75 -30.082 2.9
      vertex 39.9675 -29.9367 6.35
      vertex 39.75 -30.082 6.35
    endloop
  endfacet
  facet normal 0.555494 -0.831521 0
    outer loop
      vertex 39.9675 -29.9367 6.35
      vertex 39.75 -30.082 2.9
      vertex 39.9675 -29.9367 2.9
    endloop
  endfacet
  facet normal -0.555494 -0.831521 0
    outer loop
      vertex -39.9675 -29.9367 2.9
      vertex -39.75 -30.082 6.35
      vertex -39.9675 -29.9367 6.35
    endloop
  endfacet
  facet normal -0.555494 -0.831521 -0
    outer loop
      vertex -39.75 -30.082 6.35
      vertex -39.9675 -29.9367 2.9
      vertex -39.75 -30.082 2.9
    endloop
  endfacet
  facet normal 0.980814 0.194947 0
    outer loop
      vertex 40.7329 -7.38896 6.35
      vertex 40.6819 -7.13237 2.9
      vertex 40.6819 -7.13237 6.35
    endloop
  endfacet
  facet normal 0.980814 0.194947 0
    outer loop
      vertex 40.6819 -7.13237 2.9
      vertex 40.7329 -7.38896 6.35
      vertex 40.7329 -7.38896 2.9
    endloop
  endfacet
  facet normal -0.659343 -0.751842 0
    outer loop
      vertex -40.1642 -29.7642 2.9
      vertex -39.9675 -29.9367 6.35
      vertex -40.1642 -29.7642 6.35
    endloop
  endfacet
  facet normal -0.659343 -0.751842 -0
    outer loop
      vertex -39.9675 -29.9367 6.35
      vertex -40.1642 -29.7642 2.9
      vertex -39.9675 -29.9367 2.9
    endloop
  endfacet
  facet normal -0.831344 -0.555758 0
    outer loop
      vertex -40.3367 -29.5675 2.9
      vertex -40.4821 -29.35 6.35
      vertex -40.4821 -29.35 2.9
    endloop
  endfacet
  facet normal -0.831344 -0.555758 0
    outer loop
      vertex -40.4821 -29.35 6.35
      vertex -40.3367 -29.5675 2.9
      vertex -40.3367 -29.5675 6.35
    endloop
  endfacet
  facet normal -0.980815 -0.19494 0
    outer loop
      vertex -40.6819 -28.8676 2.9
      vertex -40.7329 -28.611 6.35
      vertex -40.7329 -28.611 2.9
    endloop
  endfacet
  facet normal -0.980815 -0.19494 0
    outer loop
      vertex -40.7329 -28.611 6.35
      vertex -40.6819 -28.8676 2.9
      vertex -40.6819 -28.8676 6.35
    endloop
  endfacet
  facet normal 0.442314 0.89686 -0
    outer loop
      vertex 39.75 -5.91795 2.9
      vertex 39.5154 -5.80225 6.35
      vertex 39.75 -5.91795 6.35
    endloop
  endfacet
  facet normal 0.442314 0.89686 0
    outer loop
      vertex 39.5154 -5.80225 6.35
      vertex 39.75 -5.91795 2.9
      vertex 39.5154 -5.80225 2.9
    endloop
  endfacet
  facet normal -0.94695 -0.321382 0
    outer loop
      vertex -40.5978 -29.1154 2.9
      vertex -40.6819 -28.8676 6.35
      vertex -40.6819 -28.8676 2.9
    endloop
  endfacet
  facet normal -0.94695 -0.321382 0
    outer loop
      vertex -40.6819 -28.8676 6.35
      vertex -40.5978 -29.1154 2.9
      vertex -40.5978 -29.1154 6.35
    endloop
  endfacet
  facet normal 0.946922 0.321463 0
    outer loop
      vertex 40.6819 -7.13237 6.35
      vertex 40.5978 -6.88464 2.9
      vertex 40.5978 -6.88464 6.35
    endloop
  endfacet
  facet normal 0.946922 0.321463 0
    outer loop
      vertex 40.5978 -6.88464 2.9
      vertex 40.6819 -7.13237 6.35
      vertex 40.6819 -7.13237 2.9
    endloop
  endfacet
  facet normal -0.980815 -0.19494 0
    outer loop
      vertex 39.1414 -8.11948 2.9
      vertex 39.1159 -7.99118 6.35
      vertex 39.1159 -7.99118 2.9
    endloop
  endfacet
  facet normal -0.980815 -0.19494 0
    outer loop
      vertex 39.1159 -7.99118 6.35
      vertex 39.1414 -8.11948 2.9
      vertex 39.1414 -8.11948 6.35
    endloop
  endfacet
  facet normal -0.321039 0.947066 0
    outer loop
      vertex 38.5327 -28.6739 2.9
      vertex 38.4088 -28.7159 6.35
      vertex 38.5327 -28.6739 6.35
    endloop
  endfacet
  facet normal -0.321039 0.947066 0
    outer loop
      vertex 38.4088 -28.7159 6.35
      vertex 38.5327 -28.6739 2.9
      vertex 38.4088 -28.7159 2.9
    endloop
  endfacet
  facet normal 0 1 -0
    outer loop
      vertex 38.15 -28.75 2.9
      vertex -38.15 -28.75 6.35
      vertex 38.15 -28.75 6.35
    endloop
  endfacet
  facet normal 0 1 0
    outer loop
      vertex -38.15 -28.75 6.35
      vertex 38.15 -28.75 2.9
      vertex -38.15 -28.75 2.9
    endloop
  endfacet
  facet normal -0.19494 0.980815 0
    outer loop
      vertex 38.4088 -28.7159 2.9
      vertex 38.2805 -28.7414 6.35
      vertex 38.4088 -28.7159 6.35
    endloop
  endfacet
  facet normal -0.19494 0.980815 0
    outer loop
      vertex 38.2805 -28.7414 6.35
      vertex 38.4088 -28.7159 2.9
      vertex 38.2805 -28.7414 2.9
    endloop
  endfacet
  facet normal 0.0657577 0.997836 -0
    outer loop
      vertex -38.15 -28.75 2.9
      vertex -38.2805 -28.7414 6.35
      vertex -38.15 -28.75 6.35
    endloop
  endfacet
  facet normal 0.0657577 0.997836 0
    outer loop
      vertex -38.2805 -28.7414 6.35
      vertex -38.15 -28.75 2.9
      vertex -38.2805 -28.7414 2.9
    endloop
  endfacet
  facet normal -0.0657577 0.997836 0
    outer loop
      vertex 38.2805 -28.7414 2.9
      vertex 38.15 -28.75 6.35
      vertex 38.2805 -28.7414 6.35
    endloop
  endfacet
  facet normal -0.0657577 0.997836 0
    outer loop
      vertex 38.15 -28.75 6.35
      vertex 38.2805 -28.7414 2.9
      vertex 38.15 -28.75 2.9
    endloop
  endfacet
  facet normal -0.896709 0.442621 0
    outer loop
      vertex 39.016 -28.25 2.9
      vertex 39.0739 -28.1327 6.35
      vertex 39.0739 -28.1327 2.9
    endloop
  endfacet
  facet normal -0.896709 0.442621 0
    outer loop
      vertex 39.0739 -28.1327 6.35
      vertex 39.016 -28.25 2.9
      vertex 39.016 -28.25 6.35
    endloop
  endfacet
  facet normal -0.997836 -0.0657477 0
    outer loop
      vertex 39.15 -8.25 2.9
      vertex 39.1414 -8.11948 6.35
      vertex 39.1414 -8.11948 2.9
    endloop
  endfacet
  facet normal -0.997836 -0.0657477 0
    outer loop
      vertex 39.1414 -8.11948 6.35
      vertex 39.15 -8.25 2.9
      vertex 39.15 -8.25 6.35
    endloop
  endfacet
  facet normal -1 0 0
    outer loop
      vertex 39.15 -20 2.9
      vertex 39.15 -27.75 2.9
      vertex 39.15 -20 3.1
    endloop
  endfacet
  facet normal -1 0 0
    outer loop
      vertex 39.15 -15 3.1
      vertex 39.15 -8.25 2.9
      vertex 39.15 -15 2.9
    endloop
  endfacet
  facet normal -1 0 0
    outer loop
      vertex 39.15 -8.25 2.9
      vertex 39.15 -15 3.1
      vertex 39.15 -8.25 6.35
    endloop
  endfacet
  facet normal -1 0 0
    outer loop
      vertex 39.15 -20 3.1
      vertex 39.15 -8.25 6.35
      vertex 39.15 -15 3.1
    endloop
  endfacet
  facet normal -1 0 0
    outer loop
      vertex 39.15 -27.75 6.35
      vertex 39.15 -20 3.1
      vertex 39.15 -27.75 2.9
    endloop
  endfacet
  facet normal -1 0 0
    outer loop
      vertex 39.15 -20 3.1
      vertex 39.15 -27.75 6.35
      vertex 39.15 -8.25 6.35
    endloop
  endfacet
  facet normal 1 0 0
    outer loop
      vertex -39.15 -8.25 6.35
      vertex -39.15 -15 3.1
      vertex -39.15 -8.25 2.9
    endloop
  endfacet
  facet normal 1 0 0
    outer loop
      vertex -39.15 -8.25 6.35
      vertex -39.15 -20 3.1
      vertex -39.15 -15 3.1
    endloop
  endfacet
  facet normal 1 -0 0
    outer loop
      vertex -39.15 -27.75 6.35
      vertex -39.15 -20 3.1
      vertex -39.15 -8.25 6.35
    endloop
  endfacet
  facet normal 1 0 0
    outer loop
      vertex -39.15 -27.75 2.9
      vertex -39.15 -20 3.1
      vertex -39.15 -27.75 6.35
    endloop
  endfacet
  facet normal 1 0 0
    outer loop
      vertex -39.15 -20 3.1
      vertex -39.15 -27.75 2.9
      vertex -39.15 -20 2.9
    endloop
  endfacet
  facet normal 1 0 0
    outer loop
      vertex -39.15 -8.25 2.9
      vertex -39.15 -15 3.1
      vertex -39.15 -15 2.9
    endloop
  endfacet
  facet normal -0.442252 -0.896891 0
    outer loop
      vertex 38.5327 -7.32613 2.9
      vertex 38.65 -7.38397 6.35
      vertex 38.5327 -7.32613 6.35
    endloop
  endfacet
  facet normal -0.442252 -0.896891 -0
    outer loop
      vertex 38.65 -7.38397 6.35
      vertex 38.5327 -7.32613 2.9
      vertex 38.65 -7.38397 2.9
    endloop
  endfacet
  facet normal 0 -1 0
    outer loop
      vertex -38.15 -7.25 2.9
      vertex 38.15 -7.25 6.35
      vertex -38.15 -7.25 6.35
    endloop
  endfacet
  facet normal 0 -1 -0
    outer loop
      vertex 38.15 -7.25 6.35
      vertex -38.15 -7.25 2.9
      vertex 38.15 -7.25 2.9
    endloop
  endfacet
  facet normal -0.195013 -0.980801 0
    outer loop
      vertex 38.2805 -7.25856 2.9
      vertex 38.4088 -7.28407 6.35
      vertex 38.2805 -7.25856 6.35
    endloop
  endfacet
  facet normal -0.195013 -0.980801 -0
    outer loop
      vertex 38.4088 -7.28407 6.35
      vertex 38.2805 -7.25856 2.9
      vertex 38.4088 -7.28407 2.9
    endloop
  endfacet
  facet normal 0.442252 -0.896891 0
    outer loop
      vertex -38.65 -7.38397 2.9
      vertex -38.5327 -7.32613 6.35
      vertex -38.65 -7.38397 6.35
    endloop
  endfacet
  facet normal 0.442252 -0.896891 0
    outer loop
      vertex -38.5327 -7.32613 6.35
      vertex -38.65 -7.38397 2.9
      vertex -38.5327 -7.32613 2.9
    endloop
  endfacet
  facet normal 0.752032 -0.659127 0
    outer loop
      vertex -38.9433 -7.64124 6.35
      vertex -38.8571 -7.54289 2.9
      vertex -38.8571 -7.54289 6.35
    endloop
  endfacet
  facet normal 0.752032 -0.659127 0
    outer loop
      vertex -38.8571 -7.54289 2.9
      vertex -38.9433 -7.64124 6.35
      vertex -38.9433 -7.64124 2.9
    endloop
  endfacet
  facet normal -0.321451 -0.946926 0
    outer loop
      vertex 38.4088 -7.28407 2.9
      vertex 38.5327 -7.32613 6.35
      vertex 38.4088 -7.28407 6.35
    endloop
  endfacet
  facet normal -0.321451 -0.946926 -0
    outer loop
      vertex 38.5327 -7.32613 6.35
      vertex 38.4088 -7.28407 2.9
      vertex 38.5327 -7.32613 2.9
    endloop
  endfacet
  facet normal 0.751866 0.659316 0
    outer loop
      vertex -38.8571 -28.4571 6.35
      vertex -38.9433 -28.3588 2.9
      vertex -38.9433 -28.3588 6.35
    endloop
  endfacet
  facet normal 0.751866 0.659316 0
    outer loop
      vertex -38.9433 -28.3588 2.9
      vertex -38.8571 -28.4571 6.35
      vertex -38.8571 -28.4571 2.9
    endloop
  endfacet
  facet normal 0.19494 0.980815 -0
    outer loop
      vertex -38.2805 -28.7414 2.9
      vertex -38.4088 -28.7159 6.35
      vertex -38.2805 -28.7414 6.35
    endloop
  endfacet
  facet normal 0.19494 0.980815 0
    outer loop
      vertex -38.4088 -28.7159 6.35
      vertex -38.2805 -28.7414 2.9
      vertex -38.4088 -28.7159 2.9
    endloop
  endfacet
  facet normal -0.0654532 -0.997856 0
    outer loop
      vertex 38.15 -7.25 2.9
      vertex 38.2805 -7.25856 6.35
      vertex 38.15 -7.25 6.35
    endloop
  endfacet
  facet normal -0.0654532 -0.997856 -0
    outer loop
      vertex 38.2805 -7.25856 6.35
      vertex 38.15 -7.25 2.9
      vertex 38.2805 -7.25856 2.9
    endloop
  endfacet
  facet normal -0.442621 0.896709 0
    outer loop
      vertex 38.65 -28.616 2.9
      vertex 38.5327 -28.6739 6.35
      vertex 38.65 -28.616 6.35
    endloop
  endfacet
  facet normal -0.442621 0.896709 0
    outer loop
      vertex 38.5327 -28.6739 6.35
      vertex 38.65 -28.616 2.9
      vertex 38.5327 -28.6739 2.9
    endloop
  endfacet
  facet normal 0.980815 -0.19494 0
    outer loop
      vertex -39.1414 -8.11948 6.35
      vertex -39.1159 -7.99118 2.9
      vertex -39.1159 -7.99118 6.35
    endloop
  endfacet
  facet normal 0.980815 -0.19494 0
    outer loop
      vertex -39.1159 -7.99118 2.9
      vertex -39.1414 -8.11948 6.35
      vertex -39.1414 -8.11948 2.9
    endloop
  endfacet
  facet normal 0.947066 0.321039 0
    outer loop
      vertex -39.0739 -28.1327 6.35
      vertex -39.1159 -28.0088 2.9
      vertex -39.1159 -28.0088 6.35
    endloop
  endfacet
  facet normal 0.947066 0.321039 0
    outer loop
      vertex -39.1159 -28.0088 2.9
      vertex -39.0739 -28.1327 6.35
      vertex -39.0739 -28.1327 2.9
    endloop
  endfacet
  facet normal 0.321451 -0.946926 0
    outer loop
      vertex -38.5327 -7.32613 2.9
      vertex -38.4088 -7.28407 6.35
      vertex -38.5327 -7.32613 6.35
    endloop
  endfacet
  facet normal 0.321451 -0.946926 0
    outer loop
      vertex -38.4088 -7.28407 6.35
      vertex -38.5327 -7.32613 2.9
      vertex -38.4088 -7.28407 2.9
    endloop
  endfacet
  facet normal 0.659489 -0.751714 0
    outer loop
      vertex -38.8571 -7.54289 2.9
      vertex -38.7588 -7.45665 6.35
      vertex -38.8571 -7.54289 6.35
    endloop
  endfacet
  facet normal 0.659489 -0.751714 0
    outer loop
      vertex -38.7588 -7.45665 6.35
      vertex -38.8571 -7.54289 2.9
      vertex -38.7588 -7.45665 2.9
    endloop
  endfacet
  facet normal 0.0654532 -0.997856 0
    outer loop
      vertex -38.2805 -7.25856 2.9
      vertex -38.15 -7.25 6.35
      vertex -38.2805 -7.25856 6.35
    endloop
  endfacet
  facet normal 0.0654532 -0.997856 0
    outer loop
      vertex -38.15 -7.25 6.35
      vertex -38.2805 -7.25856 2.9
      vertex -38.15 -7.25 2.9
    endloop
  endfacet
  facet normal 0.195013 -0.980801 0
    outer loop
      vertex -38.4088 -7.28407 2.9
      vertex -38.2805 -7.25856 6.35
      vertex -38.4088 -7.28407 6.35
    endloop
  endfacet
  facet normal 0.195013 -0.980801 0
    outer loop
      vertex -38.2805 -7.25856 6.35
      vertex -38.4088 -7.28407 2.9
      vertex -38.2805 -7.25856 2.9
    endloop
  endfacet
  facet normal -0.831368 -0.555723 0
    outer loop
      vertex 39.016 -7.75 2.9
      vertex 38.9433 -7.64124 6.35
      vertex 38.9433 -7.64124 2.9
    endloop
  endfacet
  facet normal -0.831368 -0.555723 0
    outer loop
      vertex 38.9433 -7.64124 6.35
      vertex 39.016 -7.75 2.9
      vertex 39.016 -7.75 6.35
    endloop
  endfacet
  facet normal 0.896724 -0.442591 0
    outer loop
      vertex -39.0739 -7.86731 6.35
      vertex -39.016 -7.75 2.9
      vertex -39.016 -7.75 6.35
    endloop
  endfacet
  facet normal 0.896724 -0.442591 0
    outer loop
      vertex -39.016 -7.75 2.9
      vertex -39.0739 -7.86731 6.35
      vertex -39.0739 -7.86731 2.9
    endloop
  endfacet
  facet normal 0.831368 -0.555723 0
    outer loop
      vertex -39.016 -7.75 6.35
      vertex -38.9433 -7.64124 2.9
      vertex -38.9433 -7.64124 6.35
    endloop
  endfacet
  facet normal 0.831368 -0.555723 0
    outer loop
      vertex -38.9433 -7.64124 2.9
      vertex -39.016 -7.75 6.35
      vertex -39.016 -7.75 2.9
    endloop
  endfacet
  facet normal -0.947042 -0.321109 0
    outer loop
      vertex 39.1159 -7.99118 2.9
      vertex 39.0739 -7.86731 6.35
      vertex 39.0739 -7.86731 2.9
    endloop
  endfacet
  facet normal -0.947042 -0.321109 0
    outer loop
      vertex 39.0739 -7.86731 6.35
      vertex 39.1159 -7.99118 2.9
      vertex 39.1159 -7.99118 6.35
    endloop
  endfacet
  facet normal -0.555053 0.831815 0
    outer loop
      vertex 38.7588 -28.5434 2.9
      vertex 38.65 -28.616 6.35
      vertex 38.7588 -28.5434 6.35
    endloop
  endfacet
  facet normal -0.555053 0.831815 0
    outer loop
      vertex 38.65 -28.616 6.35
      vertex 38.7588 -28.5434 2.9
      vertex 38.65 -28.616 2.9
    endloop
  endfacet
  facet normal 0.947042 -0.321109 0
    outer loop
      vertex -39.1159 -7.99118 6.35
      vertex -39.0739 -7.86731 2.9
      vertex -39.0739 -7.86731 6.35
    endloop
  endfacet
  facet normal 0.947042 -0.321109 0
    outer loop
      vertex -39.0739 -7.86731 2.9
      vertex -39.1159 -7.99118 6.35
      vertex -39.1159 -7.99118 2.9
    endloop
  endfacet
  facet normal -0.752032 -0.659127 0
    outer loop
      vertex 38.9433 -7.64124 2.9
      vertex 38.8571 -7.54289 6.35
      vertex 38.8571 -7.54289 2.9
    endloop
  endfacet
  facet normal -0.752032 -0.659127 0
    outer loop
      vertex 38.8571 -7.54289 6.35
      vertex 38.9433 -7.64124 2.9
      vertex 38.9433 -7.64124 6.35
    endloop
  endfacet
  facet normal -0.555476 -0.831533 0
    outer loop
      vertex 38.65 -7.38397 2.9
      vertex 38.7588 -7.45665 6.35
      vertex 38.65 -7.38397 6.35
    endloop
  endfacet
  facet normal -0.555476 -0.831533 -0
    outer loop
      vertex 38.7588 -7.45665 6.35
      vertex 38.65 -7.38397 2.9
      vertex 38.7588 -7.45665 2.9
    endloop
  endfacet
  facet normal 0.659749 0.751486 -0
    outer loop
      vertex -38.7588 -28.5434 2.9
      vertex -38.8571 -28.4571 6.35
      vertex -38.7588 -28.5434 6.35
    endloop
  endfacet
  facet normal 0.659749 0.751486 0
    outer loop
      vertex -38.8571 -28.4571 6.35
      vertex -38.7588 -28.5434 2.9
      vertex -38.8571 -28.4571 2.9
    endloop
  endfacet
  facet normal -0.980815 0.19494 0
    outer loop
      vertex 39.1159 -28.0088 2.9
      vertex 39.1414 -27.8805 6.35
      vertex 39.1414 -27.8805 2.9
    endloop
  endfacet
  facet normal -0.980815 0.19494 0
    outer loop
      vertex 39.1414 -27.8805 6.35
      vertex 39.1159 -28.0088 2.9
      vertex 39.1159 -28.0088 6.35
    endloop
  endfacet
  facet normal 0.555476 -0.831533 0
    outer loop
      vertex -38.7588 -7.45665 2.9
      vertex -38.65 -7.38397 6.35
      vertex -38.7588 -7.45665 6.35
    endloop
  endfacet
  facet normal 0.555476 -0.831533 0
    outer loop
      vertex -38.65 -7.38397 6.35
      vertex -38.7588 -7.45665 2.9
      vertex -38.65 -7.38397 2.9
    endloop
  endfacet
  facet normal 0.980815 0.19494 0
    outer loop
      vertex -39.1159 -28.0088 6.35
      vertex -39.1414 -27.8805 2.9
      vertex -39.1414 -27.8805 6.35
    endloop
  endfacet
  facet normal 0.980815 0.19494 0
    outer loop
      vertex -39.1414 -27.8805 2.9
      vertex -39.1159 -28.0088 6.35
      vertex -39.1159 -28.0088 2.9
    endloop
  endfacet
  facet normal 0.321039 0.947066 -0
    outer loop
      vertex -38.4088 -28.7159 2.9
      vertex -38.5327 -28.6739 6.35
      vertex -38.4088 -28.7159 6.35
    endloop
  endfacet
  facet normal 0.321039 0.947066 0
    outer loop
      vertex -38.5327 -28.6739 6.35
      vertex -38.4088 -28.7159 2.9
      vertex -38.5327 -28.6739 2.9
    endloop
  endfacet
  facet normal 0.997836 -0.0657477 0
    outer loop
      vertex -39.15 -8.25 6.35
      vertex -39.1414 -8.11948 2.9
      vertex -39.1414 -8.11948 6.35
    endloop
  endfacet
  facet normal 0.997836 -0.0657477 0
    outer loop
      vertex -39.1414 -8.11948 2.9
      vertex -39.15 -8.25 6.35
      vertex -39.15 -8.25 2.9
    endloop
  endfacet
  facet normal 0.997836 0.0657577 0
    outer loop
      vertex -39.1414 -27.8805 6.35
      vertex -39.15 -27.75 2.9
      vertex -39.15 -27.75 6.35
    endloop
  endfacet
  facet normal 0.997836 0.0657577 0
    outer loop
      vertex -39.15 -27.75 2.9
      vertex -39.1414 -27.8805 6.35
      vertex -39.1414 -27.8805 2.9
    endloop
  endfacet
  facet normal 0.555053 0.831815 -0
    outer loop
      vertex -38.65 -28.616 2.9
      vertex -38.7588 -28.5434 6.35
      vertex -38.65 -28.616 6.35
    endloop
  endfacet
  facet normal 0.555053 0.831815 0
    outer loop
      vertex -38.7588 -28.5434 6.35
      vertex -38.65 -28.616 2.9
      vertex -38.7588 -28.5434 2.9
    endloop
  endfacet
  facet normal 0.831462 0.555582 0
    outer loop
      vertex -38.9433 -28.3588 6.35
      vertex -39.016 -28.25 2.9
      vertex -39.016 -28.25 6.35
    endloop
  endfacet
  facet normal 0.831462 0.555582 0
    outer loop
      vertex -39.016 -28.25 2.9
      vertex -38.9433 -28.3588 6.35
      vertex -38.9433 -28.3588 2.9
    endloop
  endfacet
  facet normal -0.947066 0.321039 0
    outer loop
      vertex 39.0739 -28.1327 2.9
      vertex 39.1159 -28.0088 6.35
      vertex 39.1159 -28.0088 2.9
    endloop
  endfacet
  facet normal -0.947066 0.321039 0
    outer loop
      vertex 39.1159 -28.0088 6.35
      vertex 39.0739 -28.1327 2.9
      vertex 39.0739 -28.1327 6.35
    endloop
  endfacet
  facet normal -0.659489 -0.751714 0
    outer loop
      vertex 38.7588 -7.45665 2.9
      vertex 38.8571 -7.54289 6.35
      vertex 38.7588 -7.45665 6.35
    endloop
  endfacet
  facet normal -0.659489 -0.751714 -0
    outer loop
      vertex 38.8571 -7.54289 6.35
      vertex 38.7588 -7.45665 2.9
      vertex 38.8571 -7.54289 2.9
    endloop
  endfacet
  facet normal 0.442621 0.896709 -0
    outer loop
      vertex -38.5327 -28.6739 2.9
      vertex -38.65 -28.616 6.35
      vertex -38.5327 -28.6739 6.35
    endloop
  endfacet
  facet normal 0.442621 0.896709 0
    outer loop
      vertex -38.65 -28.616 6.35
      vertex -38.5327 -28.6739 2.9
      vertex -38.65 -28.616 2.9
    endloop
  endfacet
  facet normal -0.831462 0.555582 0
    outer loop
      vertex 38.9433 -28.3588 2.9
      vertex 39.016 -28.25 6.35
      vertex 39.016 -28.25 2.9
    endloop
  endfacet
  facet normal -0.831462 0.555582 0
    outer loop
      vertex 39.016 -28.25 6.35
      vertex 38.9433 -28.3588 2.9
      vertex 38.9433 -28.3588 6.35
    endloop
  endfacet
  facet normal 0.896709 0.442621 0
    outer loop
      vertex -39.016 -28.25 6.35
      vertex -39.0739 -28.1327 2.9
      vertex -39.0739 -28.1327 6.35
    endloop
  endfacet
  facet normal 0.896709 0.442621 0
    outer loop
      vertex -39.0739 -28.1327 2.9
      vertex -39.016 -28.25 6.35
      vertex -39.016 -28.25 2.9
    endloop
  endfacet
  facet normal -0.896724 -0.442591 0
    outer loop
      vertex 39.0739 -7.86731 2.9
      vertex 39.016 -7.75 6.35
      vertex 39.016 -7.75 2.9
    endloop
  endfacet
  facet normal -0.896724 -0.442591 0
    outer loop
      vertex 39.016 -7.75 6.35
      vertex 39.0739 -7.86731 2.9
      vertex 39.0739 -7.86731 6.35
    endloop
  endfacet
  facet normal -0.659749 0.751486 0
    outer loop
      vertex 38.8571 -28.4571 2.9
      vertex 38.7588 -28.5434 6.35
      vertex 38.8571 -28.4571 6.35
    endloop
  endfacet
  facet normal -0.659749 0.751486 0
    outer loop
      vertex 38.7588 -28.5434 6.35
      vertex 38.8571 -28.4571 2.9
      vertex 38.7588 -28.5434 2.9
    endloop
  endfacet
  facet normal -0.751866 0.659316 0
    outer loop
      vertex 38.8571 -28.4571 2.9
      vertex 38.9433 -28.3588 6.35
      vertex 38.9433 -28.3588 2.9
    endloop
  endfacet
  facet normal -0.751866 0.659316 0
    outer loop
      vertex 38.9433 -28.3588 6.35
      vertex 38.8571 -28.4571 2.9
      vertex 38.8571 -28.4571 6.35
    endloop
  endfacet
  facet normal -0.997836 0.0657577 0
    outer loop
      vertex 39.1414 -27.8805 2.9
      vertex 39.15 -27.75 6.35
      vertex 39.15 -27.75 2.9
    endloop
  endfacet
  facet normal -0.997836 0.0657577 0
    outer loop
      vertex 39.15 -27.75 6.35
      vertex 39.1414 -27.8805 2.9
      vertex 39.1414 -27.8805 6.35
    endloop
  endfacet
  facet normal 1 -0 0
    outer loop
      vertex 59.8 19.2 5.8
      vertex 59.8 39 2.8
      vertex 59.8 39 5.8
    endloop
  endfacet
  facet normal 1 0 0
    outer loop
      vertex 59.8 39 2.8
      vertex 59.8 19.2 5.8
      vertex 59.8 19.2 2.8
    endloop
  endfacet
  facet normal 0 0 1
    outer loop
      vertex 59.8 39 5.8
      vertex 58.6 38.3 5.8
      vertex 59.8 19.2 5.8
    endloop
  endfacet
  facet normal 0 0 1
    outer loop
      vertex 59.8 39 5.8
      vertex 37 38.3 5.8
      vertex 58.6 38.3 5.8
    endloop
  endfacet
  facet normal 0 0 1
    outer loop
      vertex 37 38.3 5.8
      vertex 35.8 39 5.8
      vertex 37 19.9 5.8
    endloop
  endfacet
  facet normal -0 0 1
    outer loop
      vertex 35.8 39 5.8
      vertex 37 38.3 5.8
      vertex 59.8 39 5.8
    endloop
  endfacet
  facet normal -0 0 1
    outer loop
      vertex 58.6 19.9 5.8
      vertex 59.8 19.2 5.8
      vertex 58.6 38.3 5.8
    endloop
  endfacet
  facet normal -0 0 1
    outer loop
      vertex 37 19.9 5.8
      vertex 59.8 19.2 5.8
      vertex 58.6 19.9 5.8
    endloop
  endfacet
  facet normal 0 0 1
    outer loop
      vertex 37 19.9 5.8
      vertex 35.8 19.2 5.8
      vertex 59.8 19.2 5.8
    endloop
  endfacet
  facet normal 0 0 1
    outer loop
      vertex 35.8 19.2 5.8
      vertex 37 19.9 5.8
      vertex 35.8 39 5.8
    endloop
  endfacet
  facet normal 0 0 -1
    outer loop
      vertex 59.8 19.2 2.8
      vertex 58.6 19.9 2.8
      vertex 59.8 39 2.8
    endloop
  endfacet
  facet normal 0 0 -1
    outer loop
      vertex 58.5 19.2 2.8
      vertex 58.6 19.9 2.8
      vertex 59.8 19.2 2.8
    endloop
  endfacet
  facet normal -0 0 -1
    outer loop
      vertex 58.6 19.9 2.8
      vertex 58.5 19.2 2.8
      vertex 58.5 19.9 2.8
    endloop
  endfacet
  facet normal 0 0 -1
    outer loop
      vertex 58.6 38.3 2.8
      vertex 59.8 39 2.8
      vertex 58.6 19.9 2.8
    endloop
  endfacet
  facet normal 0 0 -1
    outer loop
      vertex 58.5 39 2.8
      vertex 58.6 38.3 2.8
      vertex 58.5 38.3 2.8
    endloop
  endfacet
  facet normal 0 0 -1
    outer loop
      vertex 58.6 38.3 2.8
      vertex 58.5 39 2.8
      vertex 59.8 39 2.8
    endloop
  endfacet
  facet normal -1 0 0
    outer loop
      vertex 35.8 19.2 2.9
      vertex 35.8 39 5.8
      vertex 35.8 39 2.9
    endloop
  endfacet
  facet normal -1 -0 0
    outer loop
      vertex 35.8 39 5.8
      vertex 35.8 19.2 2.9
      vertex 35.8 19.2 5.8
    endloop
  endfacet
  facet normal 0 1 0
    outer loop
      vertex 59.8 39 5.8
      vertex 58.5 39 2.9
      vertex 35.8 39 5.8
    endloop
  endfacet
  facet normal 0 1 -0
    outer loop
      vertex 59.8 39 2.8
      vertex 58.5 39 2.9
      vertex 59.8 39 5.8
    endloop
  endfacet
  facet normal 0 1 0
    outer loop
      vertex 58.5 39 2.9
      vertex 59.8 39 2.8
      vertex 58.5 39 2.8
    endloop
  endfacet
  facet normal 0 1 0
    outer loop
      vertex 35.8 39 5.8
      vertex 58.5 39 2.9
      vertex 35.8 39 2.9
    endloop
  endfacet
  facet normal 0 -1 0
    outer loop
      vertex 58.5 19.2 2.9
      vertex 35.8 19.2 5.8
      vertex 35.8 19.2 2.9
    endloop
  endfacet
  facet normal 0 -1 0
    outer loop
      vertex 35.8 19.2 5.8
      vertex 58.5 19.2 2.9
      vertex 59.8 19.2 5.8
    endloop
  endfacet
  facet normal 0 -1 0
    outer loop
      vertex 59.8 19.2 2.8
      vertex 58.5 19.2 2.9
      vertex 58.5 19.2 2.8
    endloop
  endfacet
  facet normal 0 -1 0
    outer loop
      vertex 58.5 19.2 2.9
      vertex 59.8 19.2 2.8
      vertex 59.8 19.2 5.8
    endloop
  endfacet
  facet normal -1 0 0
    outer loop
      vertex 58.6 38.1 5.3
      vertex 58.6 38.3 2.8
      vertex 58.6 38.1 3.1
    endloop
  endfacet
  facet normal -1 0 0
    outer loop
      vertex 58.6 38.3 2.8
      vertex 58.6 34.1 3.1
      vertex 58.6 38.1 3.1
    endloop
  endfacet
  facet normal -1 0 0
    outer loop
      vertex 58.6 34.1 3.1
      vertex 58.6 24.1 3.1
      vertex 58.6 34.1 5.3
    endloop
  endfacet
  facet normal -1 0 0
    outer loop
      vertex 58.6 38.3 2.8
      vertex 58.6 24.1 3.1
      vertex 58.6 34.1 3.1
    endloop
  endfacet
  facet normal -1 0 0
    outer loop
      vertex 58.6 19.9 2.8
      vertex 58.6 24.1 3.1
      vertex 58.6 38.3 2.8
    endloop
  endfacet
  facet normal -1 -0 0
    outer loop
      vertex 58.6 20.1 3.1
      vertex 58.6 19.9 2.8
      vertex 58.6 20.1 5.3
    endloop
  endfacet
  facet normal -1 -0 0
    outer loop
      vertex 58.6 24.1 3.1
      vertex 58.6 19.9 2.8
      vertex 58.6 20.1 3.1
    endloop
  endfacet
  facet normal -1 0 0
    outer loop
      vertex 58.6 38.3 2.8
      vertex 58.6 38.1 5.3
      vertex 58.6 38.3 5.8
    endloop
  endfacet
  facet normal -1 0 0
    outer loop
      vertex 58.6 34.1 5.3
      vertex 58.6 38.3 5.8
      vertex 58.6 38.1 5.3
    endloop
  endfacet
  facet normal -1 0 0
    outer loop
      vertex 58.6 24.1 5.3
      vertex 58.6 34.1 5.3
      vertex 58.6 24.1 3.1
    endloop
  endfacet
  facet normal -1 0 0
    outer loop
      vertex 58.6 24.1 5.3
      vertex 58.6 38.3 5.8
      vertex 58.6 34.1 5.3
    endloop
  endfacet
  facet normal -1 0 0
    outer loop
      vertex 58.6 19.9 5.8
      vertex 58.6 24.1 5.3
      vertex 58.6 20.1 5.3
    endloop
  endfacet
  facet normal -1 0 0
    outer loop
      vertex 58.6 24.1 5.3
      vertex 58.6 19.9 5.8
      vertex 58.6 38.3 5.8
    endloop
  endfacet
  facet normal -1 0 0
    outer loop
      vertex 58.6 19.9 5.8
      vertex 58.6 20.1 5.3
      vertex 58.6 19.9 2.8
    endloop
  endfacet
  facet normal 1 -0 0
    outer loop
      vertex 37 19.9 5.8
      vertex 37 38.3 2.9
      vertex 37 38.3 5.8
    endloop
  endfacet
  facet normal 1 0 0
    outer loop
      vertex 37 38.3 2.9
      vertex 37 19.9 5.8
      vertex 37 19.9 2.9
    endloop
  endfacet
  facet normal 0 -1 0
    outer loop
      vertex 58.5 38.3 2.9
      vertex 37 38.3 5.8
      vertex 37 38.3 2.9
    endloop
  endfacet
  facet normal 0 -1 0
    outer loop
      vertex 37 38.3 5.8
      vertex 58.5 38.3 2.9
      vertex 58.6 38.3 5.8
    endloop
  endfacet
  facet normal 0 -1 0
    outer loop
      vertex 58.6 38.3 2.8
      vertex 58.5 38.3 2.9
      vertex 58.5 38.3 2.8
    endloop
  endfacet
  facet normal 0 -1 0
    outer loop
      vertex 58.5 38.3 2.9
      vertex 58.6 38.3 2.8
      vertex 58.6 38.3 5.8
    endloop
  endfacet
  facet normal 0 1 0
    outer loop
      vertex 58.6 19.9 5.8
      vertex 58.5 19.9 2.9
      vertex 37 19.9 5.8
    endloop
  endfacet
  facet normal 0 1 -0
    outer loop
      vertex 58.6 19.9 2.8
      vertex 58.5 19.9 2.9
      vertex 58.6 19.9 5.8
    endloop
  endfacet
  facet normal 0 1 0
    outer loop
      vertex 58.5 19.9 2.9
      vertex 58.6 19.9 2.8
      vertex 58.5 19.9 2.8
    endloop
  endfacet
  facet normal 0 1 0
    outer loop
      vertex 37 19.9 5.8
      vertex 58.5 19.9 2.9
      vertex 37 19.9 2.9
    endloop
  endfacet
  facet normal -0 0 1
    outer loop
      vertex 58.45 24.1 5.3
      vertex 58.6 20.1 5.3
      vertex 58.6 24.1 5.3
    endloop
  endfacet
  facet normal 0 0 1
    outer loop
      vertex 58.6 20.1 5.3
      vertex 58.45 24.1 5.3
      vertex 58.45 20.1 5.3
    endloop
  endfacet
  facet normal 0 0 -1
    outer loop
      vertex 58.45 20.1 3.1
      vertex 58.6 24.1 3.1
      vertex 58.6 20.1 3.1
    endloop
  endfacet
  facet normal -0 0 -1
    outer loop
      vertex 58.6 24.1 3.1
      vertex 58.45 20.1 3.1
      vertex 58.45 24.1 3.1
    endloop
  endfacet
  facet normal -1 0 0
    outer loop
      vertex 58.45 20.1 3.1
      vertex 58.45 24.1 5.3
      vertex 58.45 24.1 3.1
    endloop
  endfacet
  facet normal -1 -0 0
    outer loop
      vertex 58.45 24.1 5.3
      vertex 58.45 20.1 3.1
      vertex 58.45 20.1 5.3
    endloop
  endfacet
  facet normal 0 1 -0
    outer loop
      vertex 58.6 24.1 3.1
      vertex 58.45 24.1 5.3
      vertex 58.6 24.1 5.3
    endloop
  endfacet
  facet normal 0 1 0
    outer loop
      vertex 58.45 24.1 5.3
      vertex 58.6 24.1 3.1
      vertex 58.45 24.1 3.1
    endloop
  endfacet
  facet normal 0 -1 0
    outer loop
      vertex 58.45 20.1 3.1
      vertex 58.6 20.1 5.3
      vertex 58.45 20.1 5.3
    endloop
  endfacet
  facet normal 0 -1 -0
    outer loop
      vertex 58.6 20.1 5.3
      vertex 58.45 20.1 3.1
      vertex 58.6 20.1 3.1
    endloop
  endfacet
  facet normal -0 0 1
    outer loop
      vertex 58.45 38.1 5.3
      vertex 58.6 34.1 5.3
      vertex 58.6 38.1 5.3
    endloop
  endfacet
  facet normal 0 0 1
    outer loop
      vertex 58.6 34.1 5.3
      vertex 58.45 38.1 5.3
      vertex 58.45 34.1 5.3
    endloop
  endfacet
  facet normal 0 0 -1
    outer loop
      vertex 58.45 34.1 3.1
      vertex 58.6 38.1 3.1
      vertex 58.6 34.1 3.1
    endloop
  endfacet
  facet normal -0 0 -1
    outer loop
      vertex 58.6 38.1 3.1
      vertex 58.45 34.1 3.1
      vertex 58.45 38.1 3.1
    endloop
  endfacet
  facet normal -1 0 0
    outer loop
      vertex 58.45 34.1 3.1
      vertex 58.45 38.1 5.3
      vertex 58.45 38.1 3.1
    endloop
  endfacet
  facet normal -1 -0 0
    outer loop
      vertex 58.45 38.1 5.3
      vertex 58.45 34.1 3.1
      vertex 58.45 34.1 5.3
    endloop
  endfacet
  facet normal 0 1 -0
    outer loop
      vertex 58.6 38.1 3.1
      vertex 58.45 38.1 5.3
      vertex 58.6 38.1 5.3
    endloop
  endfacet
  facet normal 0 1 0
    outer loop
      vertex 58.45 38.1 5.3
      vertex 58.6 38.1 3.1
      vertex 58.45 38.1 3.1
    endloop
  endfacet
  facet normal 0 -1 0
    outer loop
      vertex 58.45 34.1 3.1
      vertex 58.6 34.1 5.3
      vertex 58.45 34.1 5.3
    endloop
  endfacet
  facet normal 0 -1 -0
    outer loop
      vertex 58.6 34.1 5.3
      vertex 58.45 34.1 3.1
      vertex 58.6 34.1 3.1
    endloop
  endfacet
  facet normal 0.0654873 -0.997853 0
    outer loop
      vertex 55.5 -45.5 0.5
      vertex 55.8916 -45.4743 2.9
      vertex 55.5 -45.5 2.9
    endloop
  endfacet
  facet normal 0.0654873 -0.997853 0
    outer loop
      vertex 55.8916 -45.4743 2.9
      vertex 55.5 -45.5 0.5
      vertex 55.8916 -45.4743 0.5
    endloop
  endfacet
  facet normal 0.321574 -0.946885 0
    outer loop
      vertex 56.2765 -45.3978 0.5
      vertex 56.6481 -45.2716 2.9
      vertex 56.2765 -45.3978 2.9
    endloop
  endfacet
  facet normal 0.321574 -0.946885 0
    outer loop
      vertex 56.6481 -45.2716 2.9
      vertex 56.2765 -45.3978 0.5
      vertex 56.6481 -45.2716 0.5
    endloop
  endfacet
  facet normal 0 -1 0
    outer loop
      vertex -55.5 -45.5 0.5
      vertex 55.5 -45.5 2.9
      vertex -55.5 -45.5 2.9
    endloop
  endfacet
  facet normal 0 -1 -0
    outer loop
      vertex 55.5 -45.5 2.9
      vertex -55.5 -45.5 0.5
      vertex 55.5 -45.5 0.5
    endloop
  endfacet
  facet normal 0.19494 -0.980815 0
    outer loop
      vertex 55.8916 -45.4743 0.5
      vertex 56.2765 -45.3978 2.9
      vertex 55.8916 -45.4743 2.9
    endloop
  endfacet
  facet normal 0.19494 -0.980815 0
    outer loop
      vertex 56.2765 -45.3978 2.9
      vertex 55.8916 -45.4743 0.5
      vertex 56.2765 -45.3978 0.5
    endloop
  endfacet
  facet normal -0.0654873 -0.997853 0
    outer loop
      vertex -55.8916 -45.4743 0.5
      vertex -55.5 -45.5 2.9
      vertex -55.8916 -45.4743 2.9
    endloop
  endfacet
  facet normal -0.0654873 -0.997853 -0
    outer loop
      vertex -55.5 -45.5 2.9
      vertex -55.8916 -45.4743 0.5
      vertex -55.5 -45.5 0.5
    endloop
  endfacet
  facet normal -1 0 0
    outer loop
      vertex -58.5 -42.5 0.5
      vertex -58.5 42.5 2.9
      vertex -58.5 42.5 0.5
    endloop
  endfacet
  facet normal -1 -0 0
    outer loop
      vertex -58.5 42.5 2.9
      vertex -58.5 -42.5 0.5
      vertex -58.5 -42.5 2.9
    endloop
  endfacet
  facet normal -0.659478 0.751724 0
    outer loop
      vertex -57.3263 44.8801 0.5
      vertex -57.6213 44.6213 2.9
      vertex -57.3263 44.8801 2.9
    endloop
  endfacet
  facet normal -0.659478 0.751724 0
    outer loop
      vertex -57.6213 44.6213 2.9
      vertex -57.3263 44.8801 0.5
      vertex -57.6213 44.6213 0.5
    endloop
  endfacet
  facet normal -0.321574 0.946885 0
    outer loop
      vertex -56.2765 45.3978 0.5
      vertex -56.6481 45.2716 2.9
      vertex -56.2765 45.3978 2.9
    endloop
  endfacet
  facet normal -0.321574 0.946885 0
    outer loop
      vertex -56.6481 45.2716 2.9
      vertex -56.2765 45.3978 0.5
      vertex -56.6481 45.2716 0.5
    endloop
  endfacet
  facet normal -0.555523 -0.831501 0
    outer loop
      vertex -57.3263 -44.8801 0.5
      vertex -57 -45.0981 2.9
      vertex -57.3263 -44.8801 2.9
    endloop
  endfacet
  facet normal -0.555523 -0.831501 -0
    outer loop
      vertex -57 -45.0981 2.9
      vertex -57.3263 -44.8801 0.5
      vertex -57 -45.0981 0.5
    endloop
  endfacet
  facet normal 1 0 0
    outer loop
      vertex 58.5 19.2 2.9
      vertex 58.5 -42.5 2.9
      vertex 58.5 19.2 2.8
    endloop
  endfacet
  facet normal 1 0 0
    outer loop
      vertex 58.5 38.3 2.9
      vertex 58.5 19.9 2.9
      vertex 58.5 38.3 2.8
    endloop
  endfacet
  facet normal 1 0 0
    outer loop
      vertex 58.5 39 2.8
      vertex 58.5 42.5 2.9
      vertex 58.5 39 2.9
    endloop
  endfacet
  facet normal 1 0 0
    outer loop
      vertex 58.5 42.5 2.9
      vertex 58.5 39 2.8
      vertex 58.5 42.5 0.5
    endloop
  endfacet
  facet normal 1 -0 0
    outer loop
      vertex 58.5 38.3 2.8
      vertex 58.5 42.5 0.5
      vertex 58.5 39 2.8
    endloop
  endfacet
  facet normal 1 0 0
    outer loop
      vertex 58.5 19.9 2.8
      vertex 58.5 38.3 2.8
      vertex 58.5 19.9 2.9
    endloop
  endfacet
  facet normal 1 0 0
    outer loop
      vertex 58.5 38.3 2.8
      vertex 58.5 19.9 2.8
      vertex 58.5 42.5 0.5
    endloop
  endfacet
  facet normal 1 -0 0
    outer loop
      vertex 58.5 19.2 2.8
      vertex 58.5 42.5 0.5
      vertex 58.5 19.9 2.8
    endloop
  endfacet
  facet normal 1 0 0
    outer loop
      vertex 58.5 -42.5 0.5
      vertex 58.5 19.2 2.8
      vertex 58.5 -42.5 2.9
    endloop
  endfacet
  facet normal 1 0 0
    outer loop
      vertex 58.5 19.2 2.8
      vertex 58.5 -42.5 0.5
      vertex 58.5 42.5 0.5
    endloop
  endfacet
  facet normal -0.442211 -0.896911 0
    outer loop
      vertex -57 -45.0981 0.5
      vertex -56.6481 -45.2716 2.9
      vertex -57 -45.0981 2.9
    endloop
  endfacet
  facet normal -0.442211 -0.896911 -0
    outer loop
      vertex -56.6481 -45.2716 2.9
      vertex -57 -45.0981 0.5
      vertex -56.6481 -45.2716 0.5
    endloop
  endfacet
  facet normal -0.751724 -0.659478 0
    outer loop
      vertex -57.6213 -44.6213 0.5
      vertex -57.8801 -44.3263 2.9
      vertex -57.8801 -44.3263 0.5
    endloop
  endfacet
  facet normal -0.751724 -0.659478 0
    outer loop
      vertex -57.8801 -44.3263 2.9
      vertex -57.6213 -44.6213 0.5
      vertex -57.6213 -44.6213 2.9
    endloop
  endfacet
  facet normal -0.0654873 0.997853 0
    outer loop
      vertex -55.5 45.5 0.5
      vertex -55.8916 45.4743 2.9
      vertex -55.5 45.5 2.9
    endloop
  endfacet
  facet normal -0.0654873 0.997853 0
    outer loop
      vertex -55.8916 45.4743 2.9
      vertex -55.5 45.5 0.5
      vertex -55.8916 45.4743 0.5
    endloop
  endfacet
  facet normal 0.442211 -0.896911 0
    outer loop
      vertex 56.6481 -45.2716 0.5
      vertex 57 -45.0981 2.9
      vertex 56.6481 -45.2716 2.9
    endloop
  endfacet
  facet normal 0.442211 -0.896911 0
    outer loop
      vertex 57 -45.0981 2.9
      vertex 56.6481 -45.2716 0.5
      vertex 57 -45.0981 0.5
    endloop
  endfacet
  facet normal -0.19494 -0.980815 0
    outer loop
      vertex -56.2765 -45.3978 0.5
      vertex -55.8916 -45.4743 2.9
      vertex -56.2765 -45.3978 2.9
    endloop
  endfacet
  facet normal -0.19494 -0.980815 -0
    outer loop
      vertex -55.8916 -45.4743 2.9
      vertex -56.2765 -45.3978 0.5
      vertex -55.8916 -45.4743 0.5
    endloop
  endfacet
  facet normal 0.19494 0.980815 -0
    outer loop
      vertex 56.2765 45.3978 0.5
      vertex 55.8916 45.4743 2.9
      vertex 56.2765 45.3978 2.9
    endloop
  endfacet
  facet normal 0.19494 0.980815 0
    outer loop
      vertex 55.8916 45.4743 2.9
      vertex 56.2765 45.3978 0.5
      vertex 55.8916 45.4743 0.5
    endloop
  endfacet
  facet normal -0.831501 0.555523 0
    outer loop
      vertex -58.0981 44 0.5
      vertex -57.8801 44.3263 2.9
      vertex -57.8801 44.3263 0.5
    endloop
  endfacet
  facet normal -0.831501 0.555523 0
    outer loop
      vertex -57.8801 44.3263 2.9
      vertex -58.0981 44 0.5
      vertex -58.0981 44 2.9
    endloop
  endfacet
  facet normal -0.659478 -0.751724 0
    outer loop
      vertex -57.6213 -44.6213 0.5
      vertex -57.3263 -44.8801 2.9
      vertex -57.6213 -44.6213 2.9
    endloop
  endfacet
  facet normal -0.659478 -0.751724 -0
    outer loop
      vertex -57.3263 -44.8801 2.9
      vertex -57.6213 -44.6213 0.5
      vertex -57.3263 -44.8801 0.5
    endloop
  endfacet
  facet normal 0 1 -0
    outer loop
      vertex 55.5 45.5 0.5
      vertex -55.5 45.5 2.9
      vertex 55.5 45.5 2.9
    endloop
  endfacet
  facet normal 0 1 0
    outer loop
      vertex -55.5 45.5 2.9
      vertex 55.5 45.5 0.5
      vertex -55.5 45.5 0.5
    endloop
  endfacet
  facet normal 0.946885 -0.321574 0
    outer loop
      vertex 58.2716 -43.6481 2.9
      vertex 58.3978 -43.2765 0.5
      vertex 58.3978 -43.2765 2.9
    endloop
  endfacet
  facet normal 0.946885 -0.321574 0
    outer loop
      vertex 58.3978 -43.2765 0.5
      vertex 58.2716 -43.6481 2.9
      vertex 58.2716 -43.6481 0.5
    endloop
  endfacet
  facet normal 0.751724 0.659478 0
    outer loop
      vertex 57.8801 44.3263 2.9
      vertex 57.6213 44.6213 0.5
      vertex 57.6213 44.6213 2.9
    endloop
  endfacet
  facet normal 0.751724 0.659478 0
    outer loop
      vertex 57.6213 44.6213 0.5
      vertex 57.8801 44.3263 2.9
      vertex 57.8801 44.3263 0.5
    endloop
  endfacet
  facet normal 0.946885 0.321574 0
    outer loop
      vertex 58.3978 43.2765 2.9
      vertex 58.2716 43.6481 0.5
      vertex 58.2716 43.6481 2.9
    endloop
  endfacet
  facet normal 0.946885 0.321574 0
    outer loop
      vertex 58.2716 43.6481 0.5
      vertex 58.3978 43.2765 2.9
      vertex 58.3978 43.2765 0.5
    endloop
  endfacet
  facet normal -0.997853 0.0654873 0
    outer loop
      vertex -58.5 42.5 0.5
      vertex -58.4743 42.8916 2.9
      vertex -58.4743 42.8916 0.5
    endloop
  endfacet
  facet normal -0.997853 0.0654873 0
    outer loop
      vertex -58.4743 42.8916 2.9
      vertex -58.5 42.5 0.5
      vertex -58.5 42.5 2.9
    endloop
  endfacet
  facet normal -0.19494 0.980815 0
    outer loop
      vertex -55.8916 45.4743 0.5
      vertex -56.2765 45.3978 2.9
      vertex -55.8916 45.4743 2.9
    endloop
  endfacet
  facet normal -0.19494 0.980815 0
    outer loop
      vertex -56.2765 45.3978 2.9
      vertex -55.8916 45.4743 0.5
      vertex -56.2765 45.3978 0.5
    endloop
  endfacet
  facet normal -0.321574 -0.946885 0
    outer loop
      vertex -56.6481 -45.2716 0.5
      vertex -56.2765 -45.3978 2.9
      vertex -56.6481 -45.2716 2.9
    endloop
  endfacet
  facet normal -0.321574 -0.946885 -0
    outer loop
      vertex -56.2765 -45.3978 2.9
      vertex -56.6481 -45.2716 0.5
      vertex -56.2765 -45.3978 0.5
    endloop
  endfacet
  facet normal 0.980815 0.19494 0
    outer loop
      vertex 58.4743 42.8916 2.9
      vertex 58.3978 43.2765 0.5
      vertex 58.3978 43.2765 2.9
    endloop
  endfacet
  facet normal 0.980815 0.19494 0
    outer loop
      vertex 58.3978 43.2765 0.5
      vertex 58.4743 42.8916 2.9
      vertex 58.4743 42.8916 0.5
    endloop
  endfacet
  facet normal 0.896911 -0.442211 0
    outer loop
      vertex 58.0981 -44 2.9
      vertex 58.2716 -43.6481 0.5
      vertex 58.2716 -43.6481 2.9
    endloop
  endfacet
  facet normal 0.896911 -0.442211 0
    outer loop
      vertex 58.2716 -43.6481 0.5
      vertex 58.0981 -44 2.9
      vertex 58.0981 -44 0.5
    endloop
  endfacet
  facet normal 0.896911 0.442211 0
    outer loop
      vertex 58.2716 43.6481 2.9
      vertex 58.0981 44 0.5
      vertex 58.0981 44 2.9
    endloop
  endfacet
  facet normal 0.896911 0.442211 0
    outer loop
      vertex 58.0981 44 0.5
      vertex 58.2716 43.6481 2.9
      vertex 58.2716 43.6481 0.5
    endloop
  endfacet
  facet normal 0.997853 0.0654873 0
    outer loop
      vertex 58.5 42.5 2.9
      vertex 58.4743 42.8916 0.5
      vertex 58.4743 42.8916 2.9
    endloop
  endfacet
  facet normal 0.997853 0.0654873 0
    outer loop
      vertex 58.4743 42.8916 0.5
      vertex 58.5 42.5 2.9
      vertex 58.5 42.5 0.5
    endloop
  endfacet
  facet normal 0.555523 0.831501 -0
    outer loop
      vertex 57.3263 44.8801 0.5
      vertex 57 45.0981 2.9
      vertex 57.3263 44.8801 2.9
    endloop
  endfacet
  facet normal 0.555523 0.831501 0
    outer loop
      vertex 57 45.0981 2.9
      vertex 57.3263 44.8801 0.5
      vertex 57 45.0981 0.5
    endloop
  endfacet
  facet normal -0.831501 -0.555523 0
    outer loop
      vertex -57.8801 -44.3263 0.5
      vertex -58.0981 -44 2.9
      vertex -58.0981 -44 0.5
    endloop
  endfacet
  facet normal -0.831501 -0.555523 0
    outer loop
      vertex -58.0981 -44 2.9
      vertex -57.8801 -44.3263 0.5
      vertex -57.8801 -44.3263 2.9
    endloop
  endfacet
  facet normal 0.831501 -0.555523 0
    outer loop
      vertex 57.8801 -44.3263 2.9
      vertex 58.0981 -44 0.5
      vertex 58.0981 -44 2.9
    endloop
  endfacet
  facet normal 0.831501 -0.555523 0
    outer loop
      vertex 58.0981 -44 0.5
      vertex 57.8801 -44.3263 2.9
      vertex 57.8801 -44.3263 0.5
    endloop
  endfacet
  facet normal -0.980815 -0.19494 0
    outer loop
      vertex -58.3978 -43.2765 0.5
      vertex -58.4743 -42.8916 2.9
      vertex -58.4743 -42.8916 0.5
    endloop
  endfacet
  facet normal -0.980815 -0.19494 0
    outer loop
      vertex -58.4743 -42.8916 2.9
      vertex -58.3978 -43.2765 0.5
      vertex -58.3978 -43.2765 2.9
    endloop
  endfacet
  facet normal -0.997853 -0.0654873 0
    outer loop
      vertex -58.4743 -42.8916 0.5
      vertex -58.5 -42.5 2.9
      vertex -58.5 -42.5 0.5
    endloop
  endfacet
  facet normal -0.997853 -0.0654873 0
    outer loop
      vertex -58.5 -42.5 2.9
      vertex -58.4743 -42.8916 0.5
      vertex -58.4743 -42.8916 2.9
    endloop
  endfacet
  facet normal -0.442211 0.896911 0
    outer loop
      vertex -56.6481 45.2716 0.5
      vertex -57 45.0981 2.9
      vertex -56.6481 45.2716 2.9
    endloop
  endfacet
  facet normal -0.442211 0.896911 0
    outer loop
      vertex -57 45.0981 2.9
      vertex -56.6481 45.2716 0.5
      vertex -57 45.0981 0.5
    endloop
  endfacet
  facet normal -0.980815 0.19494 0
    outer loop
      vertex -58.4743 42.8916 0.5
      vertex -58.3978 43.2765 2.9
      vertex -58.3978 43.2765 0.5
    endloop
  endfacet
  facet normal -0.980815 0.19494 0
    outer loop
      vertex -58.3978 43.2765 2.9
      vertex -58.4743 42.8916 0.5
      vertex -58.4743 42.8916 2.9
    endloop
  endfacet
  facet normal -0.946885 -0.321574 0
    outer loop
      vertex -58.2716 -43.6481 0.5
      vertex -58.3978 -43.2765 2.9
      vertex -58.3978 -43.2765 0.5
    endloop
  endfacet
  facet normal -0.946885 -0.321574 0
    outer loop
      vertex -58.3978 -43.2765 2.9
      vertex -58.2716 -43.6481 0.5
      vertex -58.2716 -43.6481 2.9
    endloop
  endfacet
  facet normal 0.831501 0.555523 0
    outer loop
      vertex 58.0981 44 2.9
      vertex 57.8801 44.3263 0.5
      vertex 57.8801 44.3263 2.9
    endloop
  endfacet
  facet normal 0.831501 0.555523 0
    outer loop
      vertex 57.8801 44.3263 0.5
      vertex 58.0981 44 2.9
      vertex 58.0981 44 0.5
    endloop
  endfacet
  facet normal 0.997853 -0.0654873 0
    outer loop
      vertex 58.4743 -42.8916 2.9
      vertex 58.5 -42.5 0.5
      vertex 58.5 -42.5 2.9
    endloop
  endfacet
  facet normal 0.997853 -0.0654873 0
    outer loop
      vertex 58.5 -42.5 0.5
      vertex 58.4743 -42.8916 2.9
      vertex 58.4743 -42.8916 0.5
    endloop
  endfacet
  facet normal 0.0654873 0.997853 -0
    outer loop
      vertex 55.8916 45.4743 0.5
      vertex 55.5 45.5 2.9
      vertex 55.8916 45.4743 2.9
    endloop
  endfacet
  facet normal 0.0654873 0.997853 0
    outer loop
      vertex 55.5 45.5 2.9
      vertex 55.8916 45.4743 0.5
      vertex 55.5 45.5 0.5
    endloop
  endfacet
  facet normal -0.896911 -0.442211 0
    outer loop
      vertex -58.0981 -44 0.5
      vertex -58.2716 -43.6481 2.9
      vertex -58.2716 -43.6481 0.5
    endloop
  endfacet
  facet normal -0.896911 -0.442211 0
    outer loop
      vertex -58.2716 -43.6481 2.9
      vertex -58.0981 -44 0.5
      vertex -58.0981 -44 2.9
    endloop
  endfacet
  facet normal 0.751724 -0.659478 0
    outer loop
      vertex 57.6213 -44.6213 2.9
      vertex 57.8801 -44.3263 0.5
      vertex 57.8801 -44.3263 2.9
    endloop
  endfacet
  facet normal 0.751724 -0.659478 0
    outer loop
      vertex 57.8801 -44.3263 0.5
      vertex 57.6213 -44.6213 2.9
      vertex 57.6213 -44.6213 0.5
    endloop
  endfacet
  facet normal 0.659478 0.751724 -0
    outer loop
      vertex 57.6213 44.6213 0.5
      vertex 57.3263 44.8801 2.9
      vertex 57.6213 44.6213 2.9
    endloop
  endfacet
  facet normal 0.659478 0.751724 0
    outer loop
      vertex 57.3263 44.8801 2.9
      vertex 57.6213 44.6213 0.5
      vertex 57.3263 44.8801 0.5
    endloop
  endfacet
  facet normal 0.555523 -0.831501 0
    outer loop
      vertex 57 -45.0981 0.5
      vertex 57.3263 -44.8801 2.9
      vertex 57 -45.0981 2.9
    endloop
  endfacet
  facet normal 0.555523 -0.831501 0
    outer loop
      vertex 57.3263 -44.8801 2.9
      vertex 57 -45.0981 0.5
      vertex 57.3263 -44.8801 0.5
    endloop
  endfacet
  facet normal -0.555523 0.831501 0
    outer loop
      vertex -57 45.0981 0.5
      vertex -57.3263 44.8801 2.9
      vertex -57 45.0981 2.9
    endloop
  endfacet
  facet normal -0.555523 0.831501 0
    outer loop
      vertex -57.3263 44.8801 2.9
      vertex -57 45.0981 0.5
      vertex -57.3263 44.8801 0.5
    endloop
  endfacet
  facet normal -0.946885 0.321574 0
    outer loop
      vertex -58.3978 43.2765 0.5
      vertex -58.2716 43.6481 2.9
      vertex -58.2716 43.6481 0.5
    endloop
  endfacet
  facet normal -0.946885 0.321574 0
    outer loop
      vertex -58.2716 43.6481 2.9
      vertex -58.3978 43.2765 0.5
      vertex -58.3978 43.2765 2.9
    endloop
  endfacet
  facet normal -0.896911 0.442211 0
    outer loop
      vertex -58.2716 43.6481 0.5
      vertex -58.0981 44 2.9
      vertex -58.0981 44 0.5
    endloop
  endfacet
  facet normal -0.896911 0.442211 0
    outer loop
      vertex -58.0981 44 2.9
      vertex -58.2716 43.6481 0.5
      vertex -58.2716 43.6481 2.9
    endloop
  endfacet
  facet normal 0.321574 0.946885 -0
    outer loop
      vertex 56.6481 45.2716 0.5
      vertex 56.2765 45.3978 2.9
      vertex 56.6481 45.2716 2.9
    endloop
  endfacet
  facet normal 0.321574 0.946885 0
    outer loop
      vertex 56.2765 45.3978 2.9
      vertex 56.6481 45.2716 0.5
      vertex 56.2765 45.3978 0.5
    endloop
  endfacet
  facet normal 0.659478 -0.751724 0
    outer loop
      vertex 57.3263 -44.8801 0.5
      vertex 57.6213 -44.6213 2.9
      vertex 57.3263 -44.8801 2.9
    endloop
  endfacet
  facet normal 0.659478 -0.751724 0
    outer loop
      vertex 57.6213 -44.6213 2.9
      vertex 57.3263 -44.8801 0.5
      vertex 57.6213 -44.6213 0.5
    endloop
  endfacet
  facet normal -0.751724 0.659478 0
    outer loop
      vertex -57.8801 44.3263 0.5
      vertex -57.6213 44.6213 2.9
      vertex -57.6213 44.6213 0.5
    endloop
  endfacet
  facet normal -0.751724 0.659478 0
    outer loop
      vertex -57.6213 44.6213 2.9
      vertex -57.8801 44.3263 0.5
      vertex -57.8801 44.3263 2.9
    endloop
  endfacet
  facet normal 0.442211 0.896911 -0
    outer loop
      vertex 57 45.0981 0.5
      vertex 56.6481 45.2716 2.9
      vertex 57 45.0981 2.9
    endloop
  endfacet
  facet normal 0.442211 0.896911 0
    outer loop
      vertex 56.6481 45.2716 2.9
      vertex 57 45.0981 0.5
      vertex 56.6481 45.2716 0.5
    endloop
  endfacet
  facet normal -0 0 1
    outer loop
      vertex -55.6506 41.696 2.9
      vertex -39.5154 -5.80225 2.9
      vertex -55.4834 41.7528 2.9
    endloop
  endfacet
  facet normal 0 0 1
    outer loop
      vertex -44 -15 2.9
      vertex -54.6615 -42.8238 2.9
      vertex -54.65 -43 2.9
    endloop
  endfacet
  facet normal 0 0 1
    outer loop
      vertex -39.5154 -5.80225 2.9
      vertex -55.6506 41.696 2.9
      vertex -39.75 -5.91795 2.9
    endloop
  endfacet
  facet normal 0 0 1
    outer loop
      vertex -44 -15 2.9
      vertex -54.696 -42.6506 2.9
      vertex -54.6615 -42.8238 2.9
    endloop
  endfacet
  facet normal -0 0 1
    outer loop
      vertex -55.8238 41.6615 2.9
      vertex -39.75 -5.91795 2.9
      vertex -55.6506 41.696 2.9
    endloop
  endfacet
  facet normal 0 0 1
    outer loop
      vertex -44 -15 2.9
      vertex -54.7528 -42.4834 2.9
      vertex -54.696 -42.6506 2.9
    endloop
  endfacet
  facet normal 0 0 1
    outer loop
      vertex -39.75 -5.91795 2.9
      vertex -55.8238 41.6615 2.9
      vertex -39.9675 -6.06331 2.9
    endloop
  endfacet
  facet normal 0 0 1
    outer loop
      vertex -44 -15 2.9
      vertex -54.8309 -42.325 2.9
      vertex -54.7528 -42.4834 2.9
    endloop
  endfacet
  facet normal -0 0 1
    outer loop
      vertex -56 41.65 2.9
      vertex -39.9675 -6.06331 2.9
      vertex -55.8238 41.6615 2.9
    endloop
  endfacet
  facet normal 0 0 1
    outer loop
      vertex -44 -15 2.9
      vertex -54.929 -42.1782 2.9
      vertex -54.8309 -42.325 2.9
    endloop
  endfacet
  facet normal 0 0 1
    outer loop
      vertex -39.9675 -6.06331 2.9
      vertex -56 41.65 2.9
      vertex -40.1642 -6.23579 2.9
    endloop
  endfacet
  facet normal 0 0 1
    outer loop
      vertex -44 -15 2.9
      vertex -55.0454 -42.0454 2.9
      vertex -54.929 -42.1782 2.9
    endloop
  endfacet
  facet normal 0 0 1
    outer loop
      vertex -56.1762 41.6615 2.9
      vertex -40.1642 -6.23579 2.9
      vertex -56 41.65 2.9
    endloop
  endfacet
  facet normal 0 0 1
    outer loop
      vertex -44 -15 2.9
      vertex -55.1782 -41.929 2.9
      vertex -55.0454 -42.0454 2.9
    endloop
  endfacet
  facet normal 0 0 1
    outer loop
      vertex -56.3494 41.696 2.9
      vertex -40.1642 -6.23579 2.9
      vertex -56.1762 41.6615 2.9
    endloop
  endfacet
  facet normal 0 0 1
    outer loop
      vertex -44 -15 2.9
      vertex -55.325 -41.8309 2.9
      vertex -55.1782 -41.929 2.9
    endloop
  endfacet
  facet normal 0 0 1
    outer loop
      vertex -40.1642 -6.23579 2.9
      vertex -56.3494 41.696 2.9
      vertex -40.3367 -6.43248 2.9
    endloop
  endfacet
  facet normal 0 0 1
    outer loop
      vertex -44 -15 2.9
      vertex -55.4834 -41.7528 2.9
      vertex -55.325 -41.8309 2.9
    endloop
  endfacet
  facet normal 0 0 1
    outer loop
      vertex -56.5166 41.7528 2.9
      vertex -40.3367 -6.43248 2.9
      vertex -56.3494 41.696 2.9
    endloop
  endfacet
  facet normal 0 0 1
    outer loop
      vertex -44 -15 2.9
      vertex -55.6506 -41.696 2.9
      vertex -55.4834 -41.7528 2.9
    endloop
  endfacet
  facet normal 0 0 1
    outer loop
      vertex -40.3367 -6.43248 2.9
      vertex -56.5166 41.7528 2.9
      vertex -40.4821 -6.65001 2.9
    endloop
  endfacet
  facet normal 0 0 1
    outer loop
      vertex -44 -15 2.9
      vertex -55.8238 -41.6615 2.9
      vertex -55.6506 -41.696 2.9
    endloop
  endfacet
  facet normal 0 0 1
    outer loop
      vertex -58.5 42.5 2.9
      vertex -40.4821 -6.65001 2.9
      vertex -56.5166 41.7528 2.9
    endloop
  endfacet
  facet normal 0 0 1
    outer loop
      vertex -44 -15 2.9
      vertex -56 -41.65 2.9
      vertex -55.8238 -41.6615 2.9
    endloop
  endfacet
  facet normal 0 0 1
    outer loop
      vertex -40.4821 -6.65001 2.9
      vertex -58.5 42.5 2.9
      vertex -40.5978 -6.88464 2.9
    endloop
  endfacet
  facet normal 0 0 1
    outer loop
      vertex -44 -15 2.9
      vertex -56.1762 -41.6615 2.9
      vertex -56 -41.65 2.9
    endloop
  endfacet
  facet normal 0 0 1
    outer loop
      vertex -40.5978 -6.88464 2.9
      vertex -58.5 42.5 2.9
      vertex -40.6819 -7.13237 2.9
    endloop
  endfacet
  facet normal 0 0 1
    outer loop
      vertex -44 -15 2.9
      vertex -56.3494 -41.696 2.9
      vertex -56.1762 -41.6615 2.9
    endloop
  endfacet
  facet normal 0 0 1
    outer loop
      vertex -40.6819 -7.13237 2.9
      vertex -58.5 42.5 2.9
      vertex -44 -15 2.9
    endloop
  endfacet
  facet normal 0 0 1
    outer loop
      vertex -44 -15 2.9
      vertex -56.5166 -41.7528 2.9
      vertex -56.3494 -41.696 2.9
    endloop
  endfacet
  facet normal 0 0 1
    outer loop
      vertex -58.5 42.5 2.9
      vertex -56.5166 41.7528 2.9
      vertex -56.675 41.8309 2.9
    endloop
  endfacet
  facet normal 0 0 1
    outer loop
      vertex -58.5 -42.5 2.9
      vertex -44 -15 2.9
      vertex -58.5 42.5 2.9
    endloop
  endfacet
  facet normal 0 0 1
    outer loop
      vertex -58.5 42.5 2.9
      vertex -56.675 41.8309 2.9
      vertex -56.8218 41.929 2.9
    endloop
  endfacet
  facet normal 0 0 1
    outer loop
      vertex -44 -15 2.9
      vertex -58.5 -42.5 2.9
      vertex -56.5166 -41.7528 2.9
    endloop
  endfacet
  facet normal 0 0 1
    outer loop
      vertex -58.5 42.5 2.9
      vertex -56.8218 41.929 2.9
      vertex -56.9546 42.0454 2.9
    endloop
  endfacet
  facet normal 0 0 1
    outer loop
      vertex -56.5166 -41.7528 2.9
      vertex -58.5 -42.5 2.9
      vertex -56.675 -41.8309 2.9
    endloop
  endfacet
  facet normal 0 0 1
    outer loop
      vertex -58.5 42.5 2.9
      vertex -56.9546 42.0454 2.9
      vertex -57.071 42.1782 2.9
    endloop
  endfacet
  facet normal 0 0 1
    outer loop
      vertex -56.675 -41.8309 2.9
      vertex -58.5 -42.5 2.9
      vertex -56.8218 -41.929 2.9
    endloop
  endfacet
  facet normal 0 0 1
    outer loop
      vertex -58.5 42.5 2.9
      vertex -57.071 42.1782 2.9
      vertex -57.1691 42.325 2.9
    endloop
  endfacet
  facet normal 0 0 1
    outer loop
      vertex -56.8218 -41.929 2.9
      vertex -58.5 -42.5 2.9
      vertex -56.9546 -42.0454 2.9
    endloop
  endfacet
  facet normal 0 0 1
    outer loop
      vertex -58.5 42.5 2.9
      vertex -57.1691 42.325 2.9
      vertex -57.2472 42.4834 2.9
    endloop
  endfacet
  facet normal 0 0 1
    outer loop
      vertex -56.9546 -42.0454 2.9
      vertex -58.5 -42.5 2.9
      vertex -57.071 -42.1782 2.9
    endloop
  endfacet
  facet normal -0 0 1
    outer loop
      vertex -58.5 42.5 2.9
      vertex -57.2472 42.4834 2.9
      vertex -57.304 42.6506 2.9
    endloop
  endfacet
  facet normal 0 0 1
    outer loop
      vertex -57.071 -42.1782 2.9
      vertex -58.5 -42.5 2.9
      vertex -57.1691 -42.325 2.9
    endloop
  endfacet
  facet normal 0 0 1
    outer loop
      vertex -58.5 42.5 2.9
      vertex -57.304 42.6506 2.9
      vertex -57.3385 42.8238 2.9
    endloop
  endfacet
  facet normal 0 0 1
    outer loop
      vertex -57.1691 -42.325 2.9
      vertex -58.5 -42.5 2.9
      vertex -57.2472 -42.4834 2.9
    endloop
  endfacet
  facet normal -0 0 1
    outer loop
      vertex -58.4743 42.8916 2.9
      vertex -57.3385 42.8238 2.9
      vertex -57.35 43 2.9
    endloop
  endfacet
  facet normal 0 0 1
    outer loop
      vertex -57.2472 -42.4834 2.9
      vertex -58.5 -42.5 2.9
      vertex -57.304 -42.6506 2.9
    endloop
  endfacet
  facet normal 0 0 1
    outer loop
      vertex -40.75 -20 2.9
      vertex -44 -20 2.9
      vertex -40.75 -28.35 2.9
    endloop
  endfacet
  facet normal 0 0 1
    outer loop
      vertex 58.3978 43.2765 2.9
      vertex 57.3385 43.1762 2.9
      vertex 57.35 43 2.9
    endloop
  endfacet
  facet normal 0 0 1
    outer loop
      vertex 56.8218 44.071 2.9
      vertex 57.6213 44.6213 2.9
      vertex 57.3263 44.8801 2.9
    endloop
  endfacet
  facet normal 0 0 1
    outer loop
      vertex 57.8801 44.3263 2.9
      vertex 57.304 43.3494 2.9
      vertex 57.3385 43.1762 2.9
    endloop
  endfacet
  facet normal 0 0 1
    outer loop
      vertex 57.8801 44.3263 2.9
      vertex 57.2472 43.5166 2.9
      vertex 57.304 43.3494 2.9
    endloop
  endfacet
  facet normal 0 0 1
    outer loop
      vertex 57.8801 44.3263 2.9
      vertex 57.1691 43.675 2.9
      vertex 57.2472 43.5166 2.9
    endloop
  endfacet
  facet normal 0 0 1
    outer loop
      vertex 57.8801 44.3263 2.9
      vertex 57.071 43.8218 2.9
      vertex 57.1691 43.675 2.9
    endloop
  endfacet
  facet normal 0 0 1
    outer loop
      vertex 56.675 44.1691 2.9
      vertex 57.3263 44.8801 2.9
      vertex 57 45.0981 2.9
    endloop
  endfacet
  facet normal 0 0 1
    outer loop
      vertex 57.6213 44.6213 2.9
      vertex 56.9546 43.9546 2.9
      vertex 57.071 43.8218 2.9
    endloop
  endfacet
  facet normal 0 0 1
    outer loop
      vertex 57.6213 44.6213 2.9
      vertex 56.8218 44.071 2.9
      vertex 56.9546 43.9546 2.9
    endloop
  endfacet
  facet normal 0 0 1
    outer loop
      vertex 57.3263 44.8801 2.9
      vertex 56.675 44.1691 2.9
      vertex 56.8218 44.071 2.9
    endloop
  endfacet
  facet normal 0 0 1
    outer loop
      vertex 56.5166 44.2472 2.9
      vertex 57 45.0981 2.9
      vertex 56.6481 45.2716 2.9
    endloop
  endfacet
  facet normal 0 0 1
    outer loop
      vertex 57 45.0981 2.9
      vertex 56.5166 44.2472 2.9
      vertex 56.675 44.1691 2.9
    endloop
  endfacet
  facet normal 0 0 1
    outer loop
      vertex 56.6481 45.2716 2.9
      vertex 56.3494 44.304 2.9
      vertex 56.5166 44.2472 2.9
    endloop
  endfacet
  facet normal 0 0 1
    outer loop
      vertex 56.1762 44.3385 2.9
      vertex 56.6481 45.2716 2.9
      vertex 56.2765 45.3978 2.9
    endloop
  endfacet
  facet normal 0 0 1
    outer loop
      vertex 56.6481 45.2716 2.9
      vertex 56.1762 44.3385 2.9
      vertex 56.3494 44.304 2.9
    endloop
  endfacet
  facet normal 0 0 1
    outer loop
      vertex 56.2765 45.3978 2.9
      vertex 56 44.35 2.9
      vertex 56.1762 44.3385 2.9
    endloop
  endfacet
  facet normal 0 0 1
    outer loop
      vertex 55.8916 45.4743 2.9
      vertex 56 44.35 2.9
      vertex 56.2765 45.3978 2.9
    endloop
  endfacet
  facet normal 0 0 1
    outer loop
      vertex 55.8916 45.4743 2.9
      vertex 55.8238 44.3385 2.9
      vertex 56 44.35 2.9
    endloop
  endfacet
  facet normal 0 0 1
    outer loop
      vertex 55.5 45.5 2.9
      vertex 55.8238 44.3385 2.9
      vertex 55.8916 45.4743 2.9
    endloop
  endfacet
  facet normal 0 0 1
    outer loop
      vertex 55.8238 44.3385 2.9
      vertex 55.5 45.5 2.9
      vertex 55.6506 44.304 2.9
    endloop
  endfacet
  facet normal 0 0 1
    outer loop
      vertex 55.5 45.5 2.9
      vertex 55.4834 44.2472 2.9
      vertex 55.6506 44.304 2.9
    endloop
  endfacet
  facet normal 0 0 1
    outer loop
      vertex 55.5 45.5 2.9
      vertex 55.325 44.1691 2.9
      vertex 55.4834 44.2472 2.9
    endloop
  endfacet
  facet normal 0 0 1
    outer loop
      vertex 55.5 45.5 2.9
      vertex 55.1782 44.071 2.9
      vertex 55.325 44.1691 2.9
    endloop
  endfacet
  facet normal 0 0 1
    outer loop
      vertex 55.5 45.5 2.9
      vertex 55.0454 43.9546 2.9
      vertex 55.1782 44.071 2.9
    endloop
  endfacet
  facet normal 0 0 1
    outer loop
      vertex 55.5 45.5 2.9
      vertex 54.929 43.8218 2.9
      vertex 55.0454 43.9546 2.9
    endloop
  endfacet
  facet normal 0 0 1
    outer loop
      vertex 55.5 45.5 2.9
      vertex 54.8309 43.675 2.9
      vertex 54.929 43.8218 2.9
    endloop
  endfacet
  facet normal 0 0 1
    outer loop
      vertex 55.5 45.5 2.9
      vertex 54.7528 43.5166 2.9
      vertex 54.8309 43.675 2.9
    endloop
  endfacet
  facet normal 0 0 1
    outer loop
      vertex 54.6615 43.1762 2.9
      vertex 35.8 39 2.9
      vertex 54.65 43 2.9
    endloop
  endfacet
  facet normal 0 0 1
    outer loop
      vertex 54.696 43.3494 2.9
      vertex 35.8 39 2.9
      vertex 54.6615 43.1762 2.9
    endloop
  endfacet
  facet normal 0 0 1
    outer loop
      vertex 54.7528 43.5166 2.9
      vertex 35.8 39 2.9
      vertex 54.696 43.3494 2.9
    endloop
  endfacet
  facet normal 0 0 1
    outer loop
      vertex 55.5 45.5 2.9
      vertex 35.8 39 2.9
      vertex 54.7528 43.5166 2.9
    endloop
  endfacet
  facet normal 0 0 1
    outer loop
      vertex 35.8 39 2.9
      vertex -4 5.5 2.9
      vertex 35.8 19.2 2.9
    endloop
  endfacet
  facet normal 0 0 1
    outer loop
      vertex -4 5.5 2.9
      vertex -38.75 -5.65001 2.9
      vertex -4 2 2.9
    endloop
  endfacet
  facet normal 0 0 1
    outer loop
      vertex -54.6615 43.1762 2.9
      vertex -4 5.5 2.9
      vertex 35.8 39 2.9
    endloop
  endfacet
  facet normal -0 0 1
    outer loop
      vertex -54.6615 42.8238 2.9
      vertex -4 5.5 2.9
      vertex -54.65 43 2.9
    endloop
  endfacet
  facet normal -0 0 1
    outer loop
      vertex -54.696 42.6506 2.9
      vertex -4 5.5 2.9
      vertex -54.6615 42.8238 2.9
    endloop
  endfacet
  facet normal -0 0 1
    outer loop
      vertex -54.7528 42.4834 2.9
      vertex -4 5.5 2.9
      vertex -54.696 42.6506 2.9
    endloop
  endfacet
  facet normal -0 0 1
    outer loop
      vertex -54.8309 42.325 2.9
      vertex -4 5.5 2.9
      vertex -54.7528 42.4834 2.9
    endloop
  endfacet
  facet normal 0 0 1
    outer loop
      vertex -40.75 -7.65001 2.9
      vertex -44 -15 2.9
      vertex -40.75 -15 2.9
    endloop
  endfacet
  facet normal 0 0 1
    outer loop
      vertex -40.7329 -7.38896 2.9
      vertex -44 -15 2.9
      vertex -40.75 -7.65001 2.9
    endloop
  endfacet
  facet normal 0 0 1
    outer loop
      vertex -40.6819 -7.13237 2.9
      vertex -44 -15 2.9
      vertex -40.7329 -7.38896 2.9
    endloop
  endfacet
  facet normal 0 0 1
    outer loop
      vertex -39.011 -5.66711 2.9
      vertex -55.325 41.8309 2.9
      vertex -39.2676 -5.71815 2.9
    endloop
  endfacet
  facet normal 0 0 1
    outer loop
      vertex -39.2676 -5.71815 2.9
      vertex -55.4834 41.7528 2.9
      vertex -39.5154 -5.80225 2.9
    endloop
  endfacet
  facet normal -0 0 1
    outer loop
      vertex -55.4834 41.7528 2.9
      vertex -39.2676 -5.71815 2.9
      vertex -55.325 41.8309 2.9
    endloop
  endfacet
  facet normal -0 0 1
    outer loop
      vertex -55.325 41.8309 2.9
      vertex -39.011 -5.66711 2.9
      vertex -55.1782 41.929 2.9
    endloop
  endfacet
  facet normal 0 0 1
    outer loop
      vertex -38.75 -5.65001 2.9
      vertex -55.1782 41.929 2.9
      vertex -39.011 -5.66711 2.9
    endloop
  endfacet
  facet normal -0 0 1
    outer loop
      vertex -55.1782 41.929 2.9
      vertex -38.75 -5.65001 2.9
      vertex -55.0454 42.0454 2.9
    endloop
  endfacet
  facet normal -0 0 1
    outer loop
      vertex -55.0454 42.0454 2.9
      vertex -38.75 -5.65001 2.9
      vertex -54.929 42.1782 2.9
    endloop
  endfacet
  facet normal 0 0 1
    outer loop
      vertex -4 5.5 2.9
      vertex -54.929 42.1782 2.9
      vertex -38.75 -5.65001 2.9
    endloop
  endfacet
  facet normal -0 0 1
    outer loop
      vertex -54.929 42.1782 2.9
      vertex -4 5.5 2.9
      vertex -54.8309 42.325 2.9
    endloop
  endfacet
  facet normal -0 0 1
    outer loop
      vertex -55.5 45.5 2.9
      vertex 35.8 39 2.9
      vertex 55.5 45.5 2.9
    endloop
  endfacet
  facet normal 0 0 1
    outer loop
      vertex -4 5.5 2.9
      vertex -54.6615 43.1762 2.9
      vertex -54.65 43 2.9
    endloop
  endfacet
  facet normal 0 0 1
    outer loop
      vertex 35.8 39 2.9
      vertex -54.696 43.3494 2.9
      vertex -54.6615 43.1762 2.9
    endloop
  endfacet
  facet normal 0 0 1
    outer loop
      vertex 35.8 39 2.9
      vertex -54.7528 43.5166 2.9
      vertex -54.696 43.3494 2.9
    endloop
  endfacet
  facet normal 0 0 1
    outer loop
      vertex 35.8 39 2.9
      vertex -55.5 45.5 2.9
      vertex -54.7528 43.5166 2.9
    endloop
  endfacet
  facet normal 0 0 1
    outer loop
      vertex -54.7528 43.5166 2.9
      vertex -55.5 45.5 2.9
      vertex -54.8309 43.675 2.9
    endloop
  endfacet
  facet normal 0 0 1
    outer loop
      vertex -54.8309 43.675 2.9
      vertex -55.5 45.5 2.9
      vertex -54.929 43.8218 2.9
    endloop
  endfacet
  facet normal 0 0 1
    outer loop
      vertex -54.929 43.8218 2.9
      vertex -55.5 45.5 2.9
      vertex -55.0454 43.9546 2.9
    endloop
  endfacet
  facet normal 0 0 1
    outer loop
      vertex -55.0454 43.9546 2.9
      vertex -55.5 45.5 2.9
      vertex -55.1782 44.071 2.9
    endloop
  endfacet
  facet normal 0 0 1
    outer loop
      vertex -55.1782 44.071 2.9
      vertex -55.5 45.5 2.9
      vertex -55.325 44.1691 2.9
    endloop
  endfacet
  facet normal 0 0 1
    outer loop
      vertex -55.325 44.1691 2.9
      vertex -55.5 45.5 2.9
      vertex -55.4834 44.2472 2.9
    endloop
  endfacet
  facet normal 0 0 1
    outer loop
      vertex -55.5 45.5 2.9
      vertex -55.6506 44.304 2.9
      vertex -55.4834 44.2472 2.9
    endloop
  endfacet
  facet normal 0 0 1
    outer loop
      vertex -55.5 45.5 2.9
      vertex -55.8238 44.3385 2.9
      vertex -55.6506 44.304 2.9
    endloop
  endfacet
  facet normal -0 0 1
    outer loop
      vertex -55.8916 45.4743 2.9
      vertex -55.8238 44.3385 2.9
      vertex -55.5 45.5 2.9
    endloop
  endfacet
  facet normal 0 0 1
    outer loop
      vertex -55.8916 45.4743 2.9
      vertex -56 44.35 2.9
      vertex -55.8238 44.3385 2.9
    endloop
  endfacet
  facet normal -0 0 1
    outer loop
      vertex -56.2765 45.3978 2.9
      vertex -56 44.35 2.9
      vertex -55.8916 45.4743 2.9
    endloop
  endfacet
  facet normal 0 0 1
    outer loop
      vertex -56 44.35 2.9
      vertex -56.2765 45.3978 2.9
      vertex -56.1762 44.3385 2.9
    endloop
  endfacet
  facet normal -0 0 1
    outer loop
      vertex -56.6481 45.2716 2.9
      vertex -56.1762 44.3385 2.9
      vertex -56.2765 45.3978 2.9
    endloop
  endfacet
  facet normal 0 0 1
    outer loop
      vertex -56.1762 44.3385 2.9
      vertex -56.6481 45.2716 2.9
      vertex -56.3494 44.304 2.9
    endloop
  endfacet
  facet normal 0 0 1
    outer loop
      vertex -56.3494 44.304 2.9
      vertex -56.6481 45.2716 2.9
      vertex -56.5166 44.2472 2.9
    endloop
  endfacet
  facet normal -0 0 1
    outer loop
      vertex -57 45.0981 2.9
      vertex -56.5166 44.2472 2.9
      vertex -56.6481 45.2716 2.9
    endloop
  endfacet
  facet normal 0 0 1
    outer loop
      vertex -56.5166 44.2472 2.9
      vertex -57 45.0981 2.9
      vertex -56.675 44.1691 2.9
    endloop
  endfacet
  facet normal -0 0 1
    outer loop
      vertex -57.3263 44.8801 2.9
      vertex -56.675 44.1691 2.9
      vertex -57 45.0981 2.9
    endloop
  endfacet
  facet normal 0 0 1
    outer loop
      vertex -56.675 44.1691 2.9
      vertex -57.3263 44.8801 2.9
      vertex -56.8218 44.071 2.9
    endloop
  endfacet
  facet normal -0 0 1
    outer loop
      vertex -57.6213 44.6213 2.9
      vertex -56.8218 44.071 2.9
      vertex -57.3263 44.8801 2.9
    endloop
  endfacet
  facet normal 0 0 1
    outer loop
      vertex -56.8218 44.071 2.9
      vertex -57.6213 44.6213 2.9
      vertex -56.9546 43.9546 2.9
    endloop
  endfacet
  facet normal 0 0 1
    outer loop
      vertex -56.9546 43.9546 2.9
      vertex -57.6213 44.6213 2.9
      vertex -57.071 43.8218 2.9
    endloop
  endfacet
  facet normal -0 0 1
    outer loop
      vertex -57.8801 44.3263 2.9
      vertex -57.071 43.8218 2.9
      vertex -57.6213 44.6213 2.9
    endloop
  endfacet
  facet normal 0 0 1
    outer loop
      vertex -57.071 43.8218 2.9
      vertex -57.8801 44.3263 2.9
      vertex -57.1691 43.675 2.9
    endloop
  endfacet
  facet normal -0 0 1
    outer loop
      vertex -58.0981 44 2.9
      vertex -57.1691 43.675 2.9
      vertex -57.8801 44.3263 2.9
    endloop
  endfacet
  facet normal 0 0 1
    outer loop
      vertex -57.1691 43.675 2.9
      vertex -58.0981 44 2.9
      vertex -57.2472 43.5166 2.9
    endloop
  endfacet
  facet normal 0 0 1
    outer loop
      vertex -57.2472 43.5166 2.9
      vertex -58.2716 43.6481 2.9
      vertex -57.304 43.3494 2.9
    endloop
  endfacet
  facet normal -0 0 1
    outer loop
      vertex -58.2716 43.6481 2.9
      vertex -57.2472 43.5166 2.9
      vertex -58.0981 44 2.9
    endloop
  endfacet
  facet normal -0 0 1
    outer loop
      vertex 57.3385 42.8238 2.9
      vertex 58.5 42.5 2.9
      vertex 58.4743 42.8916 2.9
    endloop
  endfacet
  facet normal -0 0 1
    outer loop
      vertex 57.35 43 2.9
      vertex 58.4743 42.8916 2.9
      vertex 58.3978 43.2765 2.9
    endloop
  endfacet
  facet normal 0 0 1
    outer loop
      vertex 57.3385 43.1762 2.9
      vertex 58.3978 43.2765 2.9
      vertex 58.2716 43.6481 2.9
    endloop
  endfacet
  facet normal 0 0 1
    outer loop
      vertex 57.3385 43.1762 2.9
      vertex 58.2716 43.6481 2.9
      vertex 58.0981 44 2.9
    endloop
  endfacet
  facet normal 0 0 1
    outer loop
      vertex 57.3385 43.1762 2.9
      vertex 58.0981 44 2.9
      vertex 57.8801 44.3263 2.9
    endloop
  endfacet
  facet normal 0 0 1
    outer loop
      vertex 57.071 43.8218 2.9
      vertex 57.8801 44.3263 2.9
      vertex 57.6213 44.6213 2.9
    endloop
  endfacet
  facet normal 0 0 1
    outer loop
      vertex 58.4743 42.8916 2.9
      vertex 57.35 43 2.9
      vertex 57.3385 42.8238 2.9
    endloop
  endfacet
  facet normal 0 0 1
    outer loop
      vertex 58.5 42.5 2.9
      vertex 57.3385 42.8238 2.9
      vertex 57.304 42.6506 2.9
    endloop
  endfacet
  facet normal 0 0 1
    outer loop
      vertex 58.5 42.5 2.9
      vertex 57.304 42.6506 2.9
      vertex 57.2472 42.4834 2.9
    endloop
  endfacet
  facet normal 0 0 1
    outer loop
      vertex 58.5 42.5 2.9
      vertex 57.2472 42.4834 2.9
      vertex 57.1691 42.325 2.9
    endloop
  endfacet
  facet normal 0 0 1
    outer loop
      vertex 58.5 42.5 2.9
      vertex 57.1691 42.325 2.9
      vertex 57.071 42.1782 2.9
    endloop
  endfacet
  facet normal 0 0 1
    outer loop
      vertex 56.9546 42.0454 2.9
      vertex 58.5 42.5 2.9
      vertex 57.071 42.1782 2.9
    endloop
  endfacet
  facet normal 0 0 1
    outer loop
      vertex 58.5 42.5 2.9
      vertex 56.9546 42.0454 2.9
      vertex 58.5 39 2.9
    endloop
  endfacet
  facet normal -0 0 1
    outer loop
      vertex 56.8218 41.929 2.9
      vertex 58.5 39 2.9
      vertex 56.9546 42.0454 2.9
    endloop
  endfacet
  facet normal -0 0 1
    outer loop
      vertex 56.675 41.8309 2.9
      vertex 58.5 39 2.9
      vertex 56.8218 41.929 2.9
    endloop
  endfacet
  facet normal -0 0 1
    outer loop
      vertex 56.5166 41.7528 2.9
      vertex 58.5 39 2.9
      vertex 56.675 41.8309 2.9
    endloop
  endfacet
  facet normal -0 0 1
    outer loop
      vertex 56.3494 41.696 2.9
      vertex 58.5 39 2.9
      vertex 56.5166 41.7528 2.9
    endloop
  endfacet
  facet normal -0 0 1
    outer loop
      vertex 56.1762 41.6615 2.9
      vertex 58.5 39 2.9
      vertex 56.3494 41.696 2.9
    endloop
  endfacet
  facet normal -0 0 1
    outer loop
      vertex 56 41.65 2.9
      vertex 58.5 39 2.9
      vertex 56.1762 41.6615 2.9
    endloop
  endfacet
  facet normal 0 0 1
    outer loop
      vertex 55.8238 41.6615 2.9
      vertex 58.5 39 2.9
      vertex 56 41.65 2.9
    endloop
  endfacet
  facet normal 0 0 1
    outer loop
      vertex 55.6506 41.696 2.9
      vertex 58.5 39 2.9
      vertex 55.8238 41.6615 2.9
    endloop
  endfacet
  facet normal 0 0 1
    outer loop
      vertex 55.4834 41.7528 2.9
      vertex 58.5 39 2.9
      vertex 55.6506 41.696 2.9
    endloop
  endfacet
  facet normal 0 0 1
    outer loop
      vertex 55.325 41.8309 2.9
      vertex 58.5 39 2.9
      vertex 55.4834 41.7528 2.9
    endloop
  endfacet
  facet normal 0 0 1
    outer loop
      vertex 35.8 39 2.9
      vertex 55.325 41.8309 2.9
      vertex 55.1782 41.929 2.9
    endloop
  endfacet
  facet normal 0 0 1
    outer loop
      vertex 35.8 39 2.9
      vertex 55.1782 41.929 2.9
      vertex 55.0454 42.0454 2.9
    endloop
  endfacet
  facet normal 0 0 1
    outer loop
      vertex 55.325 41.8309 2.9
      vertex 35.8 39 2.9
      vertex 58.5 39 2.9
    endloop
  endfacet
  facet normal 0 0 1
    outer loop
      vertex 54.929 42.1782 2.9
      vertex 35.8 39 2.9
      vertex 55.0454 42.0454 2.9
    endloop
  endfacet
  facet normal 0 0 1
    outer loop
      vertex 54.8309 42.325 2.9
      vertex 35.8 39 2.9
      vertex 54.929 42.1782 2.9
    endloop
  endfacet
  facet normal 0 0 1
    outer loop
      vertex 54.7528 42.4834 2.9
      vertex 35.8 39 2.9
      vertex 54.8309 42.325 2.9
    endloop
  endfacet
  facet normal 0 0 1
    outer loop
      vertex 54.696 42.6506 2.9
      vertex 35.8 39 2.9
      vertex 54.7528 42.4834 2.9
    endloop
  endfacet
  facet normal 0 0 1
    outer loop
      vertex 54.6615 42.8238 2.9
      vertex 35.8 39 2.9
      vertex 54.696 42.6506 2.9
    endloop
  endfacet
  facet normal 0 0 1
    outer loop
      vertex 35.8 39 2.9
      vertex 54.6615 42.8238 2.9
      vertex 54.65 43 2.9
    endloop
  endfacet
  facet normal -0 0 1
    outer loop
      vertex 40.7329 -7.38896 2.9
      vertex 44 -15 2.9
      vertex 44 2 2.9
    endloop
  endfacet
  facet normal 0 0 1
    outer loop
      vertex 44 -15 2.9
      vertex 40.7329 -7.38896 2.9
      vertex 40.75 -7.65001 2.9
    endloop
  endfacet
  facet normal 0 0 1
    outer loop
      vertex 44 2 2.9
      vertex 40.6819 -7.13237 2.9
      vertex 40.7329 -7.38896 2.9
    endloop
  endfacet
  facet normal 0 0 1
    outer loop
      vertex 44 2 2.9
      vertex 40.5978 -6.88464 2.9
      vertex 40.6819 -7.13237 2.9
    endloop
  endfacet
  facet normal 0 0 1
    outer loop
      vertex 44 2 2.9
      vertex 40.4821 -6.65001 2.9
      vertex 40.5978 -6.88464 2.9
    endloop
  endfacet
  facet normal 0 0 1
    outer loop
      vertex 44 2 2.9
      vertex 40.3367 -6.43248 2.9
      vertex 40.4821 -6.65001 2.9
    endloop
  endfacet
  facet normal 0 0 1
    outer loop
      vertex 44 2 2.9
      vertex 40.1642 -6.23579 2.9
      vertex 40.3367 -6.43248 2.9
    endloop
  endfacet
  facet normal 0 0 1
    outer loop
      vertex 44 2 2.9
      vertex 39.9675 -6.06331 2.9
      vertex 40.1642 -6.23579 2.9
    endloop
  endfacet
  facet normal 0 0 1
    outer loop
      vertex 44 2 2.9
      vertex 39.75 -5.91795 2.9
      vertex 39.9675 -6.06331 2.9
    endloop
  endfacet
  facet normal 0 0 1
    outer loop
      vertex 44 2 2.9
      vertex 39.5154 -5.80225 2.9
      vertex 39.75 -5.91795 2.9
    endloop
  endfacet
  facet normal 0 0 1
    outer loop
      vertex 44 2 2.9
      vertex 39.2676 -5.71815 2.9
      vertex 39.5154 -5.80225 2.9
    endloop
  endfacet
  facet normal 0 0 1
    outer loop
      vertex 44 2 2.9
      vertex 39.011 -5.66711 2.9
      vertex 39.2676 -5.71815 2.9
    endloop
  endfacet
  facet normal 0 0 1
    outer loop
      vertex 44 2 2.9
      vertex 38.75 -5.65001 2.9
      vertex 39.011 -5.66711 2.9
    endloop
  endfacet
  facet normal -0 0 1
    outer loop
      vertex -4 2 2.9
      vertex 38.75 -5.65001 2.9
      vertex 44 2 2.9
    endloop
  endfacet
  facet normal 0 0 1
    outer loop
      vertex 38.75 -5.65001 2.9
      vertex -4 2 2.9
      vertex -38.75 -5.65001 2.9
    endloop
  endfacet
  facet normal -0 0 1
    outer loop
      vertex 44 -15 2.9
      vertex 58.5 -42.5 2.9
      vertex 58.5 19.2 2.9
    endloop
  endfacet
  facet normal -0 0 1
    outer loop
      vertex 44 -20 2.9
      vertex 58.5 -42.5 2.9
      vertex 44 -15 2.9
    endloop
  endfacet
  facet normal -0 -0 1
    outer loop
      vertex 56.5166 -41.7528 2.9
      vertex 58.5 -42.5 2.9
      vertex 44 -20 2.9
    endloop
  endfacet
  facet normal 0 -0 1
    outer loop
      vertex 57.304 -42.6506 2.9
      vertex 58.5 -42.5 2.9
      vertex 57.2472 -42.4834 2.9
    endloop
  endfacet
  facet normal 0 0 1
    outer loop
      vertex 58.5 -42.5 2.9
      vertex 57.3385 -42.8238 2.9
      vertex 58.4743 -42.8916 2.9
    endloop
  endfacet
  facet normal -0 0 1
    outer loop
      vertex 57.3385 -43.1762 2.9
      vertex 58.3978 -43.2765 2.9
      vertex 57.35 -43 2.9
    endloop
  endfacet
  facet normal -0 0 1
    outer loop
      vertex 57.304 -43.3494 2.9
      vertex 58.2716 -43.6481 2.9
      vertex 57.3385 -43.1762 2.9
    endloop
  endfacet
  facet normal -0 0 1
    outer loop
      vertex 57.2472 -43.5166 2.9
      vertex 58.2716 -43.6481 2.9
      vertex 57.304 -43.3494 2.9
    endloop
  endfacet
  facet normal 0 0 1
    outer loop
      vertex 58.3978 -43.2765 2.9
      vertex 57.3385 -43.1762 2.9
      vertex 58.2716 -43.6481 2.9
    endloop
  endfacet
  facet normal 0 0 1
    outer loop
      vertex 58.4743 -42.8916 2.9
      vertex 57.35 -43 2.9
      vertex 58.3978 -43.2765 2.9
    endloop
  endfacet
  facet normal 0 -0 1
    outer loop
      vertex 57.35 -43 2.9
      vertex 58.4743 -42.8916 2.9
      vertex 57.3385 -42.8238 2.9
    endloop
  endfacet
  facet normal 0 -0 1
    outer loop
      vertex 57.3385 -42.8238 2.9
      vertex 58.5 -42.5 2.9
      vertex 57.304 -42.6506 2.9
    endloop
  endfacet
  facet normal -0 -0 1
    outer loop
      vertex 57.2472 -42.4834 2.9
      vertex 58.5 -42.5 2.9
      vertex 57.1691 -42.325 2.9
    endloop
  endfacet
  facet normal -0 -0 1
    outer loop
      vertex 57.1691 -42.325 2.9
      vertex 58.5 -42.5 2.9
      vertex 57.071 -42.1782 2.9
    endloop
  endfacet
  facet normal -0 -0 1
    outer loop
      vertex 57.071 -42.1782 2.9
      vertex 58.5 -42.5 2.9
      vertex 56.9546 -42.0454 2.9
    endloop
  endfacet
  facet normal -0 -0 1
    outer loop
      vertex 56.8218 -41.929 2.9
      vertex 58.5 -42.5 2.9
      vertex 56.675 -41.8309 2.9
    endloop
  endfacet
  facet normal -0 -0 1
    outer loop
      vertex 56.9546 -42.0454 2.9
      vertex 58.5 -42.5 2.9
      vertex 56.8218 -41.929 2.9
    endloop
  endfacet
  facet normal 0 0 1
    outer loop
      vertex 58.5 -42.5 2.9
      vertex 56.5166 -41.7528 2.9
      vertex 56.675 -41.8309 2.9
    endloop
  endfacet
  facet normal 0 0 1
    outer loop
      vertex 56.5166 -41.7528 2.9
      vertex 44 -20 2.9
      vertex 56.3494 -41.696 2.9
    endloop
  endfacet
  facet normal 0 0 1
    outer loop
      vertex 56.3494 -41.696 2.9
      vertex 44 -20 2.9
      vertex 56.1762 -41.6615 2.9
    endloop
  endfacet
  facet normal 0 0 1
    outer loop
      vertex 56.1762 -41.6615 2.9
      vertex 44 -20 2.9
      vertex 56 -41.65 2.9
    endloop
  endfacet
  facet normal 0 0 1
    outer loop
      vertex 56 -41.65 2.9
      vertex 44 -20 2.9
      vertex 55.8238 -41.6615 2.9
    endloop
  endfacet
  facet normal -0 0 1
    outer loop
      vertex 40.75 -28.35 2.9
      vertex 55.8238 -41.6615 2.9
      vertex 44 -20 2.9
    endloop
  endfacet
  facet normal 0 0 1
    outer loop
      vertex 55.8238 -41.6615 2.9
      vertex 40.75 -28.35 2.9
      vertex 55.6506 -41.696 2.9
    endloop
  endfacet
  facet normal -0 0 1
    outer loop
      vertex 40.7329 -28.611 2.9
      vertex 55.6506 -41.696 2.9
      vertex 40.75 -28.35 2.9
    endloop
  endfacet
  facet normal 0 0 1
    outer loop
      vertex 55.6506 -41.696 2.9
      vertex 40.7329 -28.611 2.9
      vertex 55.4834 -41.7528 2.9
    endloop
  endfacet
  facet normal -0 0 1
    outer loop
      vertex 40.6819 -28.8676 2.9
      vertex 55.4834 -41.7528 2.9
      vertex 40.7329 -28.611 2.9
    endloop
  endfacet
  facet normal 0 0 1
    outer loop
      vertex 55.4834 -41.7528 2.9
      vertex 40.6819 -28.8676 2.9
      vertex 55.325 -41.8309 2.9
    endloop
  endfacet
  facet normal -0 0 1
    outer loop
      vertex 40.5978 -29.1154 2.9
      vertex 55.325 -41.8309 2.9
      vertex 40.6819 -28.8676 2.9
    endloop
  endfacet
  facet normal 0 0 1
    outer loop
      vertex 55.325 -41.8309 2.9
      vertex 40.5978 -29.1154 2.9
      vertex 55.1782 -41.929 2.9
    endloop
  endfacet
  facet normal -0 0 1
    outer loop
      vertex 40.4821 -29.35 2.9
      vertex 55.1782 -41.929 2.9
      vertex 40.5978 -29.1154 2.9
    endloop
  endfacet
  facet normal 0 0 1
    outer loop
      vertex 44 2 2.9
      vertex 58.5 19.2 2.9
      vertex 44 5.5 2.9
    endloop
  endfacet
  facet normal -0 0 1
    outer loop
      vertex 35.8 19.2 2.9
      vertex 44 5.5 2.9
      vertex 58.5 19.2 2.9
    endloop
  endfacet
  facet normal 0 0 1
    outer loop
      vertex 44 5.5 2.9
      vertex 35.8 19.2 2.9
      vertex -4 5.5 2.9
    endloop
  endfacet
  facet normal 0 0 1
    outer loop
      vertex 58.2716 -43.6481 2.9
      vertex 57.2472 -43.5166 2.9
      vertex 58.0981 -44 2.9
    endloop
  endfacet
  facet normal -0 0 1
    outer loop
      vertex 57.1691 -43.675 2.9
      vertex 58.0981 -44 2.9
      vertex 57.2472 -43.5166 2.9
    endloop
  endfacet
  facet normal 0 0 1
    outer loop
      vertex 58.0981 -44 2.9
      vertex 57.1691 -43.675 2.9
      vertex 57.8801 -44.3263 2.9
    endloop
  endfacet
  facet normal -0 0 1
    outer loop
      vertex 57.071 -43.8218 2.9
      vertex 57.8801 -44.3263 2.9
      vertex 57.1691 -43.675 2.9
    endloop
  endfacet
  facet normal 0 0 1
    outer loop
      vertex 57.8801 -44.3263 2.9
      vertex 57.071 -43.8218 2.9
      vertex 57.6213 -44.6213 2.9
    endloop
  endfacet
  facet normal -0 0 1
    outer loop
      vertex 56.9546 -43.9546 2.9
      vertex 57.6213 -44.6213 2.9
      vertex 57.071 -43.8218 2.9
    endloop
  endfacet
  facet normal -0 0 1
    outer loop
      vertex 56.8218 -44.071 2.9
      vertex 57.6213 -44.6213 2.9
      vertex 56.9546 -43.9546 2.9
    endloop
  endfacet
  facet normal 0 0 1
    outer loop
      vertex 57.6213 -44.6213 2.9
      vertex 56.8218 -44.071 2.9
      vertex 57.3263 -44.8801 2.9
    endloop
  endfacet
  facet normal -0 0 1
    outer loop
      vertex 56.675 -44.1691 2.9
      vertex 57.3263 -44.8801 2.9
      vertex 56.8218 -44.071 2.9
    endloop
  endfacet
  facet normal 0 0 1
    outer loop
      vertex 57.3263 -44.8801 2.9
      vertex 56.675 -44.1691 2.9
      vertex 57 -45.0981 2.9
    endloop
  endfacet
  facet normal -0 0 1
    outer loop
      vertex 56.5166 -44.2472 2.9
      vertex 57 -45.0981 2.9
      vertex 56.675 -44.1691 2.9
    endloop
  endfacet
  facet normal 0 0 1
    outer loop
      vertex 57 -45.0981 2.9
      vertex 56.5166 -44.2472 2.9
      vertex 56.6481 -45.2716 2.9
    endloop
  endfacet
  facet normal -0 0 1
    outer loop
      vertex 56.3494 -44.304 2.9
      vertex 56.6481 -45.2716 2.9
      vertex 56.5166 -44.2472 2.9
    endloop
  endfacet
  facet normal -0 0 1
    outer loop
      vertex 56.1762 -44.3385 2.9
      vertex 56.6481 -45.2716 2.9
      vertex 56.3494 -44.304 2.9
    endloop
  endfacet
  facet normal 0 0 1
    outer loop
      vertex 56.6481 -45.2716 2.9
      vertex 56.1762 -44.3385 2.9
      vertex 56.2765 -45.3978 2.9
    endloop
  endfacet
  facet normal -0 0 1
    outer loop
      vertex 56 -44.35 2.9
      vertex 56.2765 -45.3978 2.9
      vertex 56.1762 -44.3385 2.9
    endloop
  endfacet
  facet normal 0 0 1
    outer loop
      vertex 56 -44.35 2.9
      vertex 55.8916 -45.4743 2.9
      vertex 56.2765 -45.3978 2.9
    endloop
  endfacet
  facet normal 0 0 1
    outer loop
      vertex 55.8238 -44.3385 2.9
      vertex 55.8916 -45.4743 2.9
      vertex 56 -44.35 2.9
    endloop
  endfacet
  facet normal 0 0 1
    outer loop
      vertex 55.5 -45.5 2.9
      vertex 55.8238 -44.3385 2.9
      vertex 55.6506 -44.304 2.9
    endloop
  endfacet
  facet normal 0 0 1
    outer loop
      vertex 55.8238 -44.3385 2.9
      vertex 55.5 -45.5 2.9
      vertex 55.8916 -45.4743 2.9
    endloop
  endfacet
  facet normal 0 0 1
    outer loop
      vertex 55.4834 -44.2472 2.9
      vertex 55.5 -45.5 2.9
      vertex 55.6506 -44.304 2.9
    endloop
  endfacet
  facet normal 0 0 1
    outer loop
      vertex 55.325 -44.1691 2.9
      vertex 55.5 -45.5 2.9
      vertex 55.4834 -44.2472 2.9
    endloop
  endfacet
  facet normal 0 0 1
    outer loop
      vertex 55.1782 -44.071 2.9
      vertex 55.5 -45.5 2.9
      vertex 55.325 -44.1691 2.9
    endloop
  endfacet
  facet normal 0 0 1
    outer loop
      vertex 55.0454 -43.9546 2.9
      vertex 55.5 -45.5 2.9
      vertex 55.1782 -44.071 2.9
    endloop
  endfacet
  facet normal 0 0 1
    outer loop
      vertex 54.929 -43.8218 2.9
      vertex 55.5 -45.5 2.9
      vertex 55.0454 -43.9546 2.9
    endloop
  endfacet
  facet normal 0 0 1
    outer loop
      vertex 54.8309 -43.675 2.9
      vertex 55.5 -45.5 2.9
      vertex 54.929 -43.8218 2.9
    endloop
  endfacet
  facet normal 0 0 1
    outer loop
      vertex 54.7528 -43.5166 2.9
      vertex 55.5 -45.5 2.9
      vertex 54.8309 -43.675 2.9
    endloop
  endfacet
  facet normal 0 0 1
    outer loop
      vertex 44 -15 2.9
      vertex 58.5 19.2 2.9
      vertex 44 2 2.9
    endloop
  endfacet
  facet normal 0 0 1
    outer loop
      vertex 55.1782 -41.929 2.9
      vertex 40.4821 -29.35 2.9
      vertex 55.0454 -42.0454 2.9
    endloop
  endfacet
  facet normal -0 0 1
    outer loop
      vertex 40.3367 -29.5675 2.9
      vertex 55.0454 -42.0454 2.9
      vertex 40.4821 -29.35 2.9
    endloop
  endfacet
  facet normal 0 0 1
    outer loop
      vertex 55.0454 -42.0454 2.9
      vertex 40.3367 -29.5675 2.9
      vertex 54.929 -42.1782 2.9
    endloop
  endfacet
  facet normal -0 0 1
    outer loop
      vertex 40.1642 -29.7642 2.9
      vertex 54.929 -42.1782 2.9
      vertex 40.3367 -29.5675 2.9
    endloop
  endfacet
  facet normal 0 0 1
    outer loop
      vertex 54.929 -42.1782 2.9
      vertex 40.1642 -29.7642 2.9
      vertex 54.8309 -42.325 2.9
    endloop
  endfacet
  facet normal -0 0 1
    outer loop
      vertex 39.9675 -29.9367 2.9
      vertex 54.8309 -42.325 2.9
      vertex 40.1642 -29.7642 2.9
    endloop
  endfacet
  facet normal 0 0 1
    outer loop
      vertex 40.75 -28.35 2.9
      vertex 44 -20 2.9
      vertex 40.75 -20 2.9
    endloop
  endfacet
  facet normal 0 0 1
    outer loop
      vertex 54.8309 -42.325 2.9
      vertex 39.9675 -29.9367 2.9
      vertex 54.7528 -42.4834 2.9
    endloop
  endfacet
  facet normal -0 0 1
    outer loop
      vertex 39.75 -30.082 2.9
      vertex 54.7528 -42.4834 2.9
      vertex 39.9675 -29.9367 2.9
    endloop
  endfacet
  facet normal 0 0 1
    outer loop
      vertex 54.7528 -42.4834 2.9
      vertex 39.75 -30.082 2.9
      vertex 54.696 -42.6506 2.9
    endloop
  endfacet
  facet normal -0 0 1
    outer loop
      vertex 39.5154 -30.1978 2.9
      vertex 54.696 -42.6506 2.9
      vertex 39.75 -30.082 2.9
    endloop
  endfacet
  facet normal 0 0 1
    outer loop
      vertex 54.696 -42.6506 2.9
      vertex 39.5154 -30.1978 2.9
      vertex 54.6615 -42.8238 2.9
    endloop
  endfacet
  facet normal -0 0 1
    outer loop
      vertex 39.2676 -30.2818 2.9
      vertex 54.6615 -42.8238 2.9
      vertex 39.5154 -30.1978 2.9
    endloop
  endfacet
  facet normal 0 0 1
    outer loop
      vertex 54.6615 -42.8238 2.9
      vertex 39.2676 -30.2818 2.9
      vertex 54.65 -43 2.9
    endloop
  endfacet
  facet normal -0 0 1
    outer loop
      vertex 39.011 -30.3329 2.9
      vertex 54.65 -43 2.9
      vertex 39.2676 -30.2818 2.9
    endloop
  endfacet
  facet normal 0 0 1
    outer loop
      vertex 54.65 -43 2.9
      vertex 39.011 -30.3329 2.9
      vertex 54.6615 -43.1762 2.9
    endloop
  endfacet
  facet normal -0 0 1
    outer loop
      vertex 38.75 -30.35 2.9
      vertex 54.6615 -43.1762 2.9
      vertex 39.011 -30.3329 2.9
    endloop
  endfacet
  facet normal 0 0 1
    outer loop
      vertex 54.6615 -43.1762 2.9
      vertex 38.75 -30.35 2.9
      vertex 54.696 -43.3494 2.9
    endloop
  endfacet
  facet normal 0 0 1
    outer loop
      vertex 54.696 -43.3494 2.9
      vertex 38.75 -30.35 2.9
      vertex 54.7528 -43.5166 2.9
    endloop
  endfacet
  facet normal 0 0 1
    outer loop
      vertex 54.7528 -43.5166 2.9
      vertex 38.75 -30.35 2.9
      vertex 55.5 -45.5 2.9
    endloop
  endfacet
  facet normal -0 0 1
    outer loop
      vertex -38.75 -30.35 2.9
      vertex 55.5 -45.5 2.9
      vertex 38.75 -30.35 2.9
    endloop
  endfacet
  facet normal 0 0 1
    outer loop
      vertex -54.6615 -43.1762 2.9
      vertex -38.75 -30.35 2.9
      vertex -39.011 -30.3329 2.9
    endloop
  endfacet
  facet normal 0 0 1
    outer loop
      vertex -54.65 -43 2.9
      vertex -40.75 -28.35 2.9
      vertex -44 -20 2.9
    endloop
  endfacet
  facet normal 0 0 1
    outer loop
      vertex -40.75 -28.35 2.9
      vertex -54.65 -43 2.9
      vertex -40.7329 -28.611 2.9
    endloop
  endfacet
  facet normal 0 0 1
    outer loop
      vertex -40.7329 -28.611 2.9
      vertex -54.65 -43 2.9
      vertex -40.6819 -28.8676 2.9
    endloop
  endfacet
  facet normal 0 0 1
    outer loop
      vertex -44 -15 2.9
      vertex -54.65 -43 2.9
      vertex -44 -20 2.9
    endloop
  endfacet
  facet normal 0 0 1
    outer loop
      vertex -40.6819 -28.8676 2.9
      vertex -54.65 -43 2.9
      vertex -40.5978 -29.1154 2.9
    endloop
  endfacet
  facet normal 0 0 1
    outer loop
      vertex -54.65 -43 2.9
      vertex -40.4821 -29.35 2.9
      vertex -40.5978 -29.1154 2.9
    endloop
  endfacet
  facet normal 0 0 1
    outer loop
      vertex -54.65 -43 2.9
      vertex -40.3367 -29.5675 2.9
      vertex -40.4821 -29.35 2.9
    endloop
  endfacet
  facet normal 0 0 1
    outer loop
      vertex -54.65 -43 2.9
      vertex -40.1642 -29.7642 2.9
      vertex -40.3367 -29.5675 2.9
    endloop
  endfacet
  facet normal 0 0 1
    outer loop
      vertex -54.65 -43 2.9
      vertex -39.9675 -29.9367 2.9
      vertex -40.1642 -29.7642 2.9
    endloop
  endfacet
  facet normal 0 0 1
    outer loop
      vertex -54.65 -43 2.9
      vertex -39.75 -30.082 2.9
      vertex -39.9675 -29.9367 2.9
    endloop
  endfacet
  facet normal 0 0 1
    outer loop
      vertex -54.65 -43 2.9
      vertex -39.5154 -30.1978 2.9
      vertex -39.75 -30.082 2.9
    endloop
  endfacet
  facet normal 0 0 1
    outer loop
      vertex -54.65 -43 2.9
      vertex -39.2676 -30.2818 2.9
      vertex -39.5154 -30.1978 2.9
    endloop
  endfacet
  facet normal 0 0 1
    outer loop
      vertex -54.65 -43 2.9
      vertex -39.011 -30.3329 2.9
      vertex -39.2676 -30.2818 2.9
    endloop
  endfacet
  facet normal 0 0 1
    outer loop
      vertex -54.6615 -43.1762 2.9
      vertex -39.011 -30.3329 2.9
      vertex -54.65 -43 2.9
    endloop
  endfacet
  facet normal 0 0 1
    outer loop
      vertex -38.75 -30.35 2.9
      vertex -54.6615 -43.1762 2.9
      vertex -54.696 -43.3494 2.9
    endloop
  endfacet
  facet normal 0 0 1
    outer loop
      vertex -38.75 -30.35 2.9
      vertex -54.696 -43.3494 2.9
      vertex -54.7528 -43.5166 2.9
    endloop
  endfacet
  facet normal 0 0 1
    outer loop
      vertex -38.75 -30.35 2.9
      vertex -54.7528 -43.5166 2.9
      vertex -55.5 -45.5 2.9
    endloop
  endfacet
  facet normal 0 0 1
    outer loop
      vertex -55.5 -45.5 2.9
      vertex -54.7528 -43.5166 2.9
      vertex -54.8309 -43.675 2.9
    endloop
  endfacet
  facet normal 0 0 1
    outer loop
      vertex -55.5 -45.5 2.9
      vertex -54.8309 -43.675 2.9
      vertex -54.929 -43.8218 2.9
    endloop
  endfacet
  facet normal 0 0 1
    outer loop
      vertex -55.5 -45.5 2.9
      vertex -54.929 -43.8218 2.9
      vertex -55.0454 -43.9546 2.9
    endloop
  endfacet
  facet normal 0 0 1
    outer loop
      vertex -55.5 -45.5 2.9
      vertex -55.0454 -43.9546 2.9
      vertex -55.1782 -44.071 2.9
    endloop
  endfacet
  facet normal 0 0 1
    outer loop
      vertex -55.5 -45.5 2.9
      vertex -55.1782 -44.071 2.9
      vertex -55.325 -44.1691 2.9
    endloop
  endfacet
  facet normal 0 0 1
    outer loop
      vertex -55.5 -45.5 2.9
      vertex -55.325 -44.1691 2.9
      vertex -55.4834 -44.2472 2.9
    endloop
  endfacet
  facet normal 0 0 1
    outer loop
      vertex -38.75 -30.35 2.9
      vertex -55.5 -45.5 2.9
      vertex 55.5 -45.5 2.9
    endloop
  endfacet
  facet normal -0 0 1
    outer loop
      vertex -55.6506 -44.304 2.9
      vertex -55.5 -45.5 2.9
      vertex -55.4834 -44.2472 2.9
    endloop
  endfacet
  facet normal -0 0 1
    outer loop
      vertex -55.8238 -44.3385 2.9
      vertex -55.5 -45.5 2.9
      vertex -55.6506 -44.304 2.9
    endloop
  endfacet
  facet normal 0 0 1
    outer loop
      vertex -55.8238 -44.3385 2.9
      vertex -55.8916 -45.4743 2.9
      vertex -55.5 -45.5 2.9
    endloop
  endfacet
  facet normal -0 0 1
    outer loop
      vertex -56 -44.35 2.9
      vertex -55.8916 -45.4743 2.9
      vertex -55.8238 -44.3385 2.9
    endloop
  endfacet
  facet normal 0 0 1
    outer loop
      vertex -56.2765 -45.3978 2.9
      vertex -56 -44.35 2.9
      vertex -56.1762 -44.3385 2.9
    endloop
  endfacet
  facet normal 0 0 1
    outer loop
      vertex -56 -44.35 2.9
      vertex -56.2765 -45.3978 2.9
      vertex -55.8916 -45.4743 2.9
    endloop
  endfacet
  facet normal 0 0 1
    outer loop
      vertex -56.6481 -45.2716 2.9
      vertex -56.1762 -44.3385 2.9
      vertex -56.3494 -44.304 2.9
    endloop
  endfacet
  facet normal 0 0 1
    outer loop
      vertex -56.6481 -45.2716 2.9
      vertex -56.3494 -44.304 2.9
      vertex -56.5166 -44.2472 2.9
    endloop
  endfacet
  facet normal 0 0 1
    outer loop
      vertex -56.1762 -44.3385 2.9
      vertex -56.6481 -45.2716 2.9
      vertex -56.2765 -45.3978 2.9
    endloop
  endfacet
  facet normal 0 0 1
    outer loop
      vertex -57 -45.0981 2.9
      vertex -56.5166 -44.2472 2.9
      vertex -56.675 -44.1691 2.9
    endloop
  endfacet
  facet normal 0 0 1
    outer loop
      vertex -57.3263 -44.8801 2.9
      vertex -56.675 -44.1691 2.9
      vertex -56.8218 -44.071 2.9
    endloop
  endfacet
  facet normal 0 0 1
    outer loop
      vertex -57.6213 -44.6213 2.9
      vertex -56.8218 -44.071 2.9
      vertex -56.9546 -43.9546 2.9
    endloop
  endfacet
  facet normal 0 0 1
    outer loop
      vertex -56.5166 -44.2472 2.9
      vertex -57 -45.0981 2.9
      vertex -56.6481 -45.2716 2.9
    endloop
  endfacet
  facet normal 0 0 1
    outer loop
      vertex -57.6213 -44.6213 2.9
      vertex -56.9546 -43.9546 2.9
      vertex -57.071 -43.8218 2.9
    endloop
  endfacet
  facet normal 0 0 1
    outer loop
      vertex -57.8801 -44.3263 2.9
      vertex -57.071 -43.8218 2.9
      vertex -57.1691 -43.675 2.9
    endloop
  endfacet
  facet normal 0 0 1
    outer loop
      vertex -58.0981 -44 2.9
      vertex -57.1691 -43.675 2.9
      vertex -57.2472 -43.5166 2.9
    endloop
  endfacet
  facet normal 0 0 1
    outer loop
      vertex -58.2716 -43.6481 2.9
      vertex -57.2472 -43.5166 2.9
      vertex -57.304 -43.3494 2.9
    endloop
  endfacet
  facet normal 0 0 1
    outer loop
      vertex -56.675 -44.1691 2.9
      vertex -57.3263 -44.8801 2.9
      vertex -57 -45.0981 2.9
    endloop
  endfacet
  facet normal 0 0 1
    outer loop
      vertex -58.2716 -43.6481 2.9
      vertex -57.304 -43.3494 2.9
      vertex -57.3385 -43.1762 2.9
    endloop
  endfacet
  facet normal 0 0 1
    outer loop
      vertex -58.3978 -43.2765 2.9
      vertex -57.3385 -43.1762 2.9
      vertex -57.35 -43 2.9
    endloop
  endfacet
  facet normal 0 0 1
    outer loop
      vertex -56.8218 -44.071 2.9
      vertex -57.6213 -44.6213 2.9
      vertex -57.3263 -44.8801 2.9
    endloop
  endfacet
  facet normal 0 0 1
    outer loop
      vertex -57.304 -42.6506 2.9
      vertex -58.5 -42.5 2.9
      vertex -57.3385 -42.8238 2.9
    endloop
  endfacet
  facet normal 0 0 1
    outer loop
      vertex -57.304 43.3494 2.9
      vertex -58.2716 43.6481 2.9
      vertex -57.3385 43.1762 2.9
    endloop
  endfacet
  facet normal 0 -0 1
    outer loop
      vertex -58.4743 -42.8916 2.9
      vertex -57.3385 -42.8238 2.9
      vertex -58.5 -42.5 2.9
    endloop
  endfacet
  facet normal -0 0 1
    outer loop
      vertex -58.3978 43.2765 2.9
      vertex -57.3385 43.1762 2.9
      vertex -58.2716 43.6481 2.9
    endloop
  endfacet
  facet normal 0 0 1
    outer loop
      vertex -57.3385 -42.8238 2.9
      vertex -58.4743 -42.8916 2.9
      vertex -57.35 -43 2.9
    endloop
  endfacet
  facet normal 0 0 1
    outer loop
      vertex -57.3385 43.1762 2.9
      vertex -58.3978 43.2765 2.9
      vertex -57.35 43 2.9
    endloop
  endfacet
  facet normal 0 0 1
    outer loop
      vertex -57.071 -43.8218 2.9
      vertex -57.8801 -44.3263 2.9
      vertex -57.6213 -44.6213 2.9
    endloop
  endfacet
  facet normal 0 0 1
    outer loop
      vertex -58.4743 42.8916 2.9
      vertex -57.35 43 2.9
      vertex -58.3978 43.2765 2.9
    endloop
  endfacet
  facet normal 0 0 1
    outer loop
      vertex -57.1691 -43.675 2.9
      vertex -58.0981 -44 2.9
      vertex -57.8801 -44.3263 2.9
    endloop
  endfacet
  facet normal 0 0 1
    outer loop
      vertex -57.3385 42.8238 2.9
      vertex -58.4743 42.8916 2.9
      vertex -58.5 42.5 2.9
    endloop
  endfacet
  facet normal 0 0 1
    outer loop
      vertex -57.2472 -43.5166 2.9
      vertex -58.2716 -43.6481 2.9
      vertex -58.0981 -44 2.9
    endloop
  endfacet
  facet normal 0 0 1
    outer loop
      vertex -57.3385 -43.1762 2.9
      vertex -58.3978 -43.2765 2.9
      vertex -58.2716 -43.6481 2.9
    endloop
  endfacet
  facet normal 0 0 1
    outer loop
      vertex -57.35 -43 2.9
      vertex -58.4743 -42.8916 2.9
      vertex -58.3978 -43.2765 2.9
    endloop
  endfacet
  facet normal 0 0 1
    outer loop
      vertex 44 -15 2.9
      vertex 40.75 -7.65001 2.9
      vertex 40.75 -15 2.9
    endloop
  endfacet
  facet normal -0 0 1
    outer loop
      vertex 37 38.3 2.9
      vertex 58.5 19.9 2.9
      vertex 58.5 38.3 2.9
    endloop
  endfacet
  facet normal 0 0 1
    outer loop
      vertex 58.5 19.9 2.9
      vertex 37 38.3 2.9
      vertex 37 19.9 2.9
    endloop
  endfacet
  facet normal 0 0 1
    outer loop
      vertex 38.15 -7.25 2.9
      vertex 39.15 -8.25 2.9
      vertex 39.1414 -8.11948 2.9
    endloop
  endfacet
  facet normal 0 0 1
    outer loop
      vertex 38.15 -7.25 2.9
      vertex 39.1414 -8.11948 2.9
      vertex 39.1159 -7.99118 2.9
    endloop
  endfacet
  facet normal 0 0 1
    outer loop
      vertex 38.15 -7.25 2.9
      vertex 39.1159 -7.99118 2.9
      vertex 39.0739 -7.86731 2.9
    endloop
  endfacet
  facet normal 0 0 1
    outer loop
      vertex 38.15 -7.25 2.9
      vertex 39.0739 -7.86731 2.9
      vertex 39.016 -7.75 2.9
    endloop
  endfacet
  facet normal 0 0 1
    outer loop
      vertex 38.15 -7.25 2.9
      vertex 39.016 -7.75 2.9
      vertex 38.9433 -7.64124 2.9
    endloop
  endfacet
  facet normal 0 0 1
    outer loop
      vertex 38.15 -7.25 2.9
      vertex 38.9433 -7.64124 2.9
      vertex 38.8571 -7.54289 2.9
    endloop
  endfacet
  facet normal 0 0 1
    outer loop
      vertex 38.15 -7.25 2.9
      vertex 38.8571 -7.54289 2.9
      vertex 38.7588 -7.45665 2.9
    endloop
  endfacet
  facet normal 0 0 1
    outer loop
      vertex 38.15 -7.25 2.9
      vertex 38.7588 -7.45665 2.9
      vertex 38.65 -7.38397 2.9
    endloop
  endfacet
  facet normal 0 0 1
    outer loop
      vertex 38.15 -7.25 2.9
      vertex 38.65 -7.38397 2.9
      vertex 38.5327 -7.32613 2.9
    endloop
  endfacet
  facet normal 0 0 1
    outer loop
      vertex 38.15 -7.25 2.9
      vertex 38.5327 -7.32613 2.9
      vertex 38.4088 -7.28407 2.9
    endloop
  endfacet
  facet normal 0 0 1
    outer loop
      vertex 38.15 -7.25 2.9
      vertex 38.4088 -7.28407 2.9
      vertex 38.2805 -7.25856 2.9
    endloop
  endfacet
  facet normal 0 0 1
    outer loop
      vertex 39.15 -8.25 2.9
      vertex 38.15 -7.25 2.9
      vertex 35 -15 2.9
    endloop
  endfacet
  facet normal 0 0 1
    outer loop
      vertex 39.15 -8.25 2.9
      vertex 35 -15 2.9
      vertex 39.15 -15 2.9
    endloop
  endfacet
  facet normal -0 0 1
    outer loop
      vertex 29.4657 -17.7814 2.9
      vertex 35 -20 2.9
      vertex 35 -15 2.9
    endloop
  endfacet
  facet normal 0 0 1
    outer loop
      vertex 28.2385 -16.3821 2.9
      vertex 35 -15 2.9
      vertex 38.15 -7.25 2.9
    endloop
  endfacet
  facet normal 0 0 1
    outer loop
      vertex 35 -20 2.9
      vertex 29.4657 -17.7814 2.9
      vertex 29.48 -18 2.9
    endloop
  endfacet
  facet normal 0 0 1
    outer loop
      vertex 35 -15 2.9
      vertex 29.4229 -17.5665 2.9
      vertex 29.4657 -17.7814 2.9
    endloop
  endfacet
  facet normal 0 0 1
    outer loop
      vertex 35 -15 2.9
      vertex 29.3525 -17.359 2.9
      vertex 29.4229 -17.5665 2.9
    endloop
  endfacet
  facet normal 0 0 1
    outer loop
      vertex 35 -15 2.9
      vertex 29.2556 -17.1625 2.9
      vertex 29.3525 -17.359 2.9
    endloop
  endfacet
  facet normal 0 0 1
    outer loop
      vertex 35 -15 2.9
      vertex 29.1339 -16.9803 2.9
      vertex 29.2556 -17.1625 2.9
    endloop
  endfacet
  facet normal 0 0 1
    outer loop
      vertex 35 -15 2.9
      vertex 28.9894 -16.8156 2.9
      vertex 29.1339 -16.9803 2.9
    endloop
  endfacet
  facet normal 0 0 1
    outer loop
      vertex 35 -15 2.9
      vertex 28.8247 -16.6711 2.9
      vertex 28.9894 -16.8156 2.9
    endloop
  endfacet
  facet normal 0 0 1
    outer loop
      vertex 35 -15 2.9
      vertex 28.6425 -16.5494 2.9
      vertex 28.8247 -16.6711 2.9
    endloop
  endfacet
  facet normal 0 0 1
    outer loop
      vertex 35 -15 2.9
      vertex 28.446 -16.4525 2.9
      vertex 28.6425 -16.5494 2.9
    endloop
  endfacet
  facet normal 0 0 1
    outer loop
      vertex 35 -15 2.9
      vertex 28.2385 -16.3821 2.9
      vertex 28.446 -16.4525 2.9
    endloop
  endfacet
  facet normal 0 0 1
    outer loop
      vertex 38.15 -7.25 2.9
      vertex 28.0236 -16.3393 2.9
      vertex 28.2385 -16.3821 2.9
    endloop
  endfacet
  facet normal 0 0 1
    outer loop
      vertex 38.15 -7.25 2.9
      vertex 27.805 -16.325 2.9
      vertex 28.0236 -16.3393 2.9
    endloop
  endfacet
  facet normal 0 0 1
    outer loop
      vertex 38.15 -7.25 2.9
      vertex 27.5864 -16.3393 2.9
      vertex 27.805 -16.325 2.9
    endloop
  endfacet
  facet normal 0 0 1
    outer loop
      vertex 38.15 -7.25 2.9
      vertex 27.3715 -16.3821 2.9
      vertex 27.5864 -16.3393 2.9
    endloop
  endfacet
  facet normal 0 0 1
    outer loop
      vertex 38.15 -7.25 2.9
      vertex 27.164 -16.4525 2.9
      vertex 27.3715 -16.3821 2.9
    endloop
  endfacet
  facet normal 0 0 1
    outer loop
      vertex 38.15 -7.25 2.9
      vertex 26.9675 -16.5494 2.9
      vertex 27.164 -16.4525 2.9
    endloop
  endfacet
  facet normal 0 0 1
    outer loop
      vertex -26.9675 -16.5494 2.9
      vertex 26.9675 -16.5494 2.9
      vertex 38.15 -7.25 2.9
    endloop
  endfacet
  facet normal 0 0 1
    outer loop
      vertex 26.1443 -17.7814 2.9
      vertex -26.13 -18 2.9
      vertex 26.13 -18 2.9
    endloop
  endfacet
  facet normal 0 0 1
    outer loop
      vertex -26.1443 -17.7814 2.9
      vertex 26.1443 -17.7814 2.9
      vertex 26.1871 -17.5665 2.9
    endloop
  endfacet
  facet normal 0 0 1
    outer loop
      vertex -26.1871 -17.5665 2.9
      vertex 26.1871 -17.5665 2.9
      vertex 26.2575 -17.359 2.9
    endloop
  endfacet
  facet normal 0 0 1
    outer loop
      vertex -26.2575 -17.359 2.9
      vertex 26.2575 -17.359 2.9
      vertex 26.3544 -17.1625 2.9
    endloop
  endfacet
  facet normal 0 0 1
    outer loop
      vertex -26.3544 -17.1625 2.9
      vertex 26.3544 -17.1625 2.9
      vertex 26.4761 -16.9803 2.9
    endloop
  endfacet
  facet normal 0 0 1
    outer loop
      vertex -26.4761 -16.9803 2.9
      vertex 26.4761 -16.9803 2.9
      vertex 26.6206 -16.8156 2.9
    endloop
  endfacet
  facet normal 0 0 1
    outer loop
      vertex -26.6206 -16.8156 2.9
      vertex 26.6206 -16.8156 2.9
      vertex 26.7853 -16.6711 2.9
    endloop
  endfacet
  facet normal 0 0 1
    outer loop
      vertex 26.9675 -16.5494 2.9
      vertex -26.9675 -16.5494 2.9
      vertex 26.7853 -16.6711 2.9
    endloop
  endfacet
  facet normal 0 0 1
    outer loop
      vertex 26.1443 -17.7814 2.9
      vertex -26.1443 -17.7814 2.9
      vertex -26.13 -18 2.9
    endloop
  endfacet
  facet normal 0 0 1
    outer loop
      vertex 26.1871 -17.5665 2.9
      vertex -26.1871 -17.5665 2.9
      vertex -26.1443 -17.7814 2.9
    endloop
  endfacet
  facet normal 0 0 1
    outer loop
      vertex 26.2575 -17.359 2.9
      vertex -26.2575 -17.359 2.9
      vertex -26.1871 -17.5665 2.9
    endloop
  endfacet
  facet normal 0 0 1
    outer loop
      vertex 26.3544 -17.1625 2.9
      vertex -26.3544 -17.1625 2.9
      vertex -26.2575 -17.359 2.9
    endloop
  endfacet
  facet normal 0 0 1
    outer loop
      vertex 26.4761 -16.9803 2.9
      vertex -26.4761 -16.9803 2.9
      vertex -26.3544 -17.1625 2.9
    endloop
  endfacet
  facet normal 0 0 1
    outer loop
      vertex 26.6206 -16.8156 2.9
      vertex -26.6206 -16.8156 2.9
      vertex -26.4761 -16.9803 2.9
    endloop
  endfacet
  facet normal 0 0 1
    outer loop
      vertex 26.7853 -16.6711 2.9
      vertex -26.7853 -16.6711 2.9
      vertex -26.6206 -16.8156 2.9
    endloop
  endfacet
  facet normal 0 0 1
    outer loop
      vertex 26.7853 -16.6711 2.9
      vertex -26.9675 -16.5494 2.9
      vertex -26.7853 -16.6711 2.9
    endloop
  endfacet
  facet normal -0 0 1
    outer loop
      vertex -38.15 -7.25 2.9
      vertex -26.9675 -16.5494 2.9
      vertex 38.15 -7.25 2.9
    endloop
  endfacet
  facet normal 0 0 1
    outer loop
      vertex -26.9675 -16.5494 2.9
      vertex -38.15 -7.25 2.9
      vertex -27.164 -16.4525 2.9
    endloop
  endfacet
  facet normal 0 0 1
    outer loop
      vertex -27.164 -16.4525 2.9
      vertex -38.15 -7.25 2.9
      vertex -27.3715 -16.3821 2.9
    endloop
  endfacet
  facet normal 0 0 1
    outer loop
      vertex -27.3715 -16.3821 2.9
      vertex -38.15 -7.25 2.9
      vertex -27.5864 -16.3393 2.9
    endloop
  endfacet
  facet normal 0 0 1
    outer loop
      vertex -27.5864 -16.3393 2.9
      vertex -38.15 -7.25 2.9
      vertex -27.805 -16.325 2.9
    endloop
  endfacet
  facet normal 0 0 1
    outer loop
      vertex -35 -20 2.9
      vertex -29.4657 -17.7814 2.9
      vertex -35 -15 2.9
    endloop
  endfacet
  facet normal 0 0 1
    outer loop
      vertex -29.4229 -17.5665 2.9
      vertex -35 -15 2.9
      vertex -29.4657 -17.7814 2.9
    endloop
  endfacet
  facet normal 0 0 1
    outer loop
      vertex -29.3525 -17.359 2.9
      vertex -35 -15 2.9
      vertex -29.4229 -17.5665 2.9
    endloop
  endfacet
  facet normal 0 0 1
    outer loop
      vertex -29.2556 -17.1625 2.9
      vertex -35 -15 2.9
      vertex -29.3525 -17.359 2.9
    endloop
  endfacet
  facet normal 0 0 1
    outer loop
      vertex -29.1339 -16.9803 2.9
      vertex -35 -15 2.9
      vertex -29.2556 -17.1625 2.9
    endloop
  endfacet
  facet normal 0 0 1
    outer loop
      vertex -28.9894 -16.8156 2.9
      vertex -35 -15 2.9
      vertex -29.1339 -16.9803 2.9
    endloop
  endfacet
  facet normal 0 0 1
    outer loop
      vertex -28.8247 -16.6711 2.9
      vertex -35 -15 2.9
      vertex -28.9894 -16.8156 2.9
    endloop
  endfacet
  facet normal 0 0 1
    outer loop
      vertex -28.6425 -16.5494 2.9
      vertex -35 -15 2.9
      vertex -28.8247 -16.6711 2.9
    endloop
  endfacet
  facet normal 0 0 1
    outer loop
      vertex -28.446 -16.4525 2.9
      vertex -35 -15 2.9
      vertex -28.6425 -16.5494 2.9
    endloop
  endfacet
  facet normal 0 0 1
    outer loop
      vertex -28.2385 -16.3821 2.9
      vertex -35 -15 2.9
      vertex -28.446 -16.4525 2.9
    endloop
  endfacet
  facet normal 0 0 1
    outer loop
      vertex -38.15 -7.25 2.9
      vertex -28.2385 -16.3821 2.9
      vertex -28.0236 -16.3393 2.9
    endloop
  endfacet
  facet normal 0 0 1
    outer loop
      vertex -27.805 -16.325 2.9
      vertex -38.15 -7.25 2.9
      vertex -28.0236 -16.3393 2.9
    endloop
  endfacet
  facet normal 0 0 1
    outer loop
      vertex -28.2385 -16.3821 2.9
      vertex -38.15 -7.25 2.9
      vertex -35 -15 2.9
    endloop
  endfacet
  facet normal 0 0 1
    outer loop
      vertex -39.15 -8.25 2.9
      vertex -38.15 -7.25 2.9
      vertex -38.2805 -7.25856 2.9
    endloop
  endfacet
  facet normal 0 0 1
    outer loop
      vertex -39.15 -8.25 2.9
      vertex -38.2805 -7.25856 2.9
      vertex -38.4088 -7.28407 2.9
    endloop
  endfacet
  facet normal 0 0 1
    outer loop
      vertex -39.15 -8.25 2.9
      vertex -38.4088 -7.28407 2.9
      vertex -38.5327 -7.32613 2.9
    endloop
  endfacet
  facet normal 0 0 1
    outer loop
      vertex -39.15 -8.25 2.9
      vertex -38.5327 -7.32613 2.9
      vertex -38.65 -7.38397 2.9
    endloop
  endfacet
  facet normal 0 0 1
    outer loop
      vertex -39.15 -8.25 2.9
      vertex -38.65 -7.38397 2.9
      vertex -38.7588 -7.45665 2.9
    endloop
  endfacet
  facet normal 0 0 1
    outer loop
      vertex -39.15 -8.25 2.9
      vertex -38.7588 -7.45665 2.9
      vertex -38.8571 -7.54289 2.9
    endloop
  endfacet
  facet normal 0 0 1
    outer loop
      vertex -39.15 -8.25 2.9
      vertex -38.8571 -7.54289 2.9
      vertex -38.9433 -7.64124 2.9
    endloop
  endfacet
  facet normal 0 0 1
    outer loop
      vertex -39.15 -8.25 2.9
      vertex -38.9433 -7.64124 2.9
      vertex -39.016 -7.75 2.9
    endloop
  endfacet
  facet normal 0 0 1
    outer loop
      vertex -39.15 -8.25 2.9
      vertex -39.016 -7.75 2.9
      vertex -39.0739 -7.86731 2.9
    endloop
  endfacet
  facet normal 0 0 1
    outer loop
      vertex -39.15 -8.25 2.9
      vertex -39.0739 -7.86731 2.9
      vertex -39.1159 -7.99118 2.9
    endloop
  endfacet
  facet normal 0 0 1
    outer loop
      vertex -39.15 -8.25 2.9
      vertex -39.1159 -7.99118 2.9
      vertex -39.1414 -8.11948 2.9
    endloop
  endfacet
  facet normal 0 0 1
    outer loop
      vertex -38.15 -7.25 2.9
      vertex -39.15 -8.25 2.9
      vertex -35 -15 2.9
    endloop
  endfacet
  facet normal 0 0 1
    outer loop
      vertex -35 -15 2.9
      vertex -39.15 -8.25 2.9
      vertex -39.15 -15 2.9
    endloop
  endfacet
  facet normal -0 0 1
    outer loop
      vertex 35 -20 2.9
      vertex 39.15 -27.75 2.9
      vertex 39.15 -20 2.9
    endloop
  endfacet
  facet normal 0 -0 1
    outer loop
      vertex 38.15 -28.75 2.9
      vertex 39.15 -27.75 2.9
      vertex 35 -20 2.9
    endloop
  endfacet
  facet normal 0 0 1
    outer loop
      vertex 39.15 -27.75 2.9
      vertex 38.15 -28.75 2.9
      vertex 39.1414 -27.8805 2.9
    endloop
  endfacet
  facet normal 0 0 1
    outer loop
      vertex 39.1414 -27.8805 2.9
      vertex 38.15 -28.75 2.9
      vertex 39.1159 -28.0088 2.9
    endloop
  endfacet
  facet normal 0 0 1
    outer loop
      vertex 39.1159 -28.0088 2.9
      vertex 38.15 -28.75 2.9
      vertex 39.0739 -28.1327 2.9
    endloop
  endfacet
  facet normal 0 0 1
    outer loop
      vertex 39.0739 -28.1327 2.9
      vertex 38.15 -28.75 2.9
      vertex 39.016 -28.25 2.9
    endloop
  endfacet
  facet normal 0 0 1
    outer loop
      vertex 39.016 -28.25 2.9
      vertex 38.15 -28.75 2.9
      vertex 38.9433 -28.3588 2.9
    endloop
  endfacet
  facet normal 0 0 1
    outer loop
      vertex 38.9433 -28.3588 2.9
      vertex 38.15 -28.75 2.9
      vertex 38.8571 -28.4571 2.9
    endloop
  endfacet
  facet normal 0 0 1
    outer loop
      vertex 38.7588 -28.5434 2.9
      vertex 38.15 -28.75 2.9
      vertex 38.65 -28.616 2.9
    endloop
  endfacet
  facet normal 0 0 1
    outer loop
      vertex 38.65 -28.616 2.9
      vertex 38.15 -28.75 2.9
      vertex 38.5327 -28.6739 2.9
    endloop
  endfacet
  facet normal 0 0 1
    outer loop
      vertex 38.5327 -28.6739 2.9
      vertex 38.15 -28.75 2.9
      vertex 38.4088 -28.7159 2.9
    endloop
  endfacet
  facet normal 0 0 1
    outer loop
      vertex 38.4088 -28.7159 2.9
      vertex 38.15 -28.75 2.9
      vertex 38.2805 -28.7414 2.9
    endloop
  endfacet
  facet normal 0 0 1
    outer loop
      vertex 38.8571 -28.4571 2.9
      vertex 38.15 -28.75 2.9
      vertex 38.7588 -28.5434 2.9
    endloop
  endfacet
  facet normal -0 0 1
    outer loop
      vertex 29.4657 -18.2186 2.9
      vertex 35 -20 2.9
      vertex 29.48 -18 2.9
    endloop
  endfacet
  facet normal -0 0 1
    outer loop
      vertex 29.4229 -18.4335 2.9
      vertex 35 -20 2.9
      vertex 29.4657 -18.2186 2.9
    endloop
  endfacet
  facet normal -0 0 1
    outer loop
      vertex 29.3525 -18.641 2.9
      vertex 35 -20 2.9
      vertex 29.4229 -18.4335 2.9
    endloop
  endfacet
  facet normal -0 0 1
    outer loop
      vertex 29.2556 -18.8375 2.9
      vertex 35 -20 2.9
      vertex 29.3525 -18.641 2.9
    endloop
  endfacet
  facet normal -0 0 1
    outer loop
      vertex 29.1339 -19.0197 2.9
      vertex 35 -20 2.9
      vertex 29.2556 -18.8375 2.9
    endloop
  endfacet
  facet normal -0 0 1
    outer loop
      vertex 28.9894 -19.1844 2.9
      vertex 35 -20 2.9
      vertex 29.1339 -19.0197 2.9
    endloop
  endfacet
  facet normal -0 0 1
    outer loop
      vertex 28.8247 -19.3289 2.9
      vertex 35 -20 2.9
      vertex 28.9894 -19.1844 2.9
    endloop
  endfacet
  facet normal -0 0 1
    outer loop
      vertex 28.6425 -19.4506 2.9
      vertex 35 -20 2.9
      vertex 28.8247 -19.3289 2.9
    endloop
  endfacet
  facet normal -0 0 1
    outer loop
      vertex 28.446 -19.5475 2.9
      vertex 35 -20 2.9
      vertex 28.6425 -19.4506 2.9
    endloop
  endfacet
  facet normal 0 0 1
    outer loop
      vertex 35 -20 2.9
      vertex 28.446 -19.5475 2.9
      vertex 38.15 -28.75 2.9
    endloop
  endfacet
  facet normal -0 0 1
    outer loop
      vertex 28.2385 -19.6179 2.9
      vertex 38.15 -28.75 2.9
      vertex 28.446 -19.5475 2.9
    endloop
  endfacet
  facet normal -0 0 1
    outer loop
      vertex 28.0236 -19.6607 2.9
      vertex 38.15 -28.75 2.9
      vertex 28.2385 -19.6179 2.9
    endloop
  endfacet
  facet normal -0 0 1
    outer loop
      vertex 27.805 -19.675 2.9
      vertex 38.15 -28.75 2.9
      vertex 28.0236 -19.6607 2.9
    endloop
  endfacet
  facet normal 0 0 1
    outer loop
      vertex 27.5864 -19.6607 2.9
      vertex 38.15 -28.75 2.9
      vertex 27.805 -19.675 2.9
    endloop
  endfacet
  facet normal 0 0 1
    outer loop
      vertex 27.3715 -19.6179 2.9
      vertex 38.15 -28.75 2.9
      vertex 27.5864 -19.6607 2.9
    endloop
  endfacet
  facet normal 0 0 1
    outer loop
      vertex 27.164 -19.5475 2.9
      vertex 38.15 -28.75 2.9
      vertex 27.3715 -19.6179 2.9
    endloop
  endfacet
  facet normal 0 0 1
    outer loop
      vertex 26.9675 -19.4506 2.9
      vertex 38.15 -28.75 2.9
      vertex 27.164 -19.5475 2.9
    endloop
  endfacet
  facet normal 0 0 1
    outer loop
      vertex -26.9675 -19.4506 2.9
      vertex 26.9675 -19.4506 2.9
      vertex 26.7853 -19.3289 2.9
    endloop
  endfacet
  facet normal -0 0 1
    outer loop
      vertex -26.13 -18 2.9
      vertex 26.1443 -18.2186 2.9
      vertex 26.13 -18 2.9
    endloop
  endfacet
  facet normal 0 0 1
    outer loop
      vertex -26.1443 -18.2186 2.9
      vertex 26.1443 -18.2186 2.9
      vertex -26.13 -18 2.9
    endloop
  endfacet
  facet normal 0 0 1
    outer loop
      vertex 26.1443 -18.2186 2.9
      vertex -26.1443 -18.2186 2.9
      vertex 26.1871 -18.4335 2.9
    endloop
  endfacet
  facet normal 0 0 1
    outer loop
      vertex -26.1871 -18.4335 2.9
      vertex 26.1871 -18.4335 2.9
      vertex -26.1443 -18.2186 2.9
    endloop
  endfacet
  facet normal 0 0 1
    outer loop
      vertex 26.1871 -18.4335 2.9
      vertex -26.1871 -18.4335 2.9
      vertex 26.2575 -18.641 2.9
    endloop
  endfacet
  facet normal 0 0 1
    outer loop
      vertex -26.2575 -18.641 2.9
      vertex 26.2575 -18.641 2.9
      vertex -26.1871 -18.4335 2.9
    endloop
  endfacet
  facet normal 0 0 1
    outer loop
      vertex 26.2575 -18.641 2.9
      vertex -26.2575 -18.641 2.9
      vertex 26.3544 -18.8375 2.9
    endloop
  endfacet
  facet normal 0 0 1
    outer loop
      vertex -26.3544 -18.8375 2.9
      vertex 26.3544 -18.8375 2.9
      vertex -26.2575 -18.641 2.9
    endloop
  endfacet
  facet normal 0 0 1
    outer loop
      vertex 26.3544 -18.8375 2.9
      vertex -26.3544 -18.8375 2.9
      vertex 26.4761 -19.0197 2.9
    endloop
  endfacet
  facet normal 0 0 1
    outer loop
      vertex -26.4761 -19.0197 2.9
      vertex 26.4761 -19.0197 2.9
      vertex -26.3544 -18.8375 2.9
    endloop
  endfacet
  facet normal 0 0 1
    outer loop
      vertex 26.4761 -19.0197 2.9
      vertex -26.4761 -19.0197 2.9
      vertex 26.6206 -19.1844 2.9
    endloop
  endfacet
  facet normal 0 0 1
    outer loop
      vertex -26.6206 -19.1844 2.9
      vertex 26.6206 -19.1844 2.9
      vertex -26.4761 -19.0197 2.9
    endloop
  endfacet
  facet normal 0 0 1
    outer loop
      vertex 26.6206 -19.1844 2.9
      vertex -26.6206 -19.1844 2.9
      vertex 26.7853 -19.3289 2.9
    endloop
  endfacet
  facet normal 0 0 1
    outer loop
      vertex -26.7853 -19.3289 2.9
      vertex 26.7853 -19.3289 2.9
      vertex -26.6206 -19.1844 2.9
    endloop
  endfacet
  facet normal 0 0 1
    outer loop
      vertex -26.9675 -19.4506 2.9
      vertex 26.7853 -19.3289 2.9
      vertex -26.7853 -19.3289 2.9
    endloop
  endfacet
  facet normal 0 0 1
    outer loop
      vertex 26.9675 -19.4506 2.9
      vertex -26.9675 -19.4506 2.9
      vertex 38.15 -28.75 2.9
    endloop
  endfacet
  facet normal 0 0 1
    outer loop
      vertex -38.15 -28.75 2.9
      vertex -26.9675 -19.4506 2.9
      vertex -27.164 -19.5475 2.9
    endloop
  endfacet
  facet normal 0 0 1
    outer loop
      vertex -38.15 -28.75 2.9
      vertex -27.164 -19.5475 2.9
      vertex -27.3715 -19.6179 2.9
    endloop
  endfacet
  facet normal 0 0 1
    outer loop
      vertex -38.15 -28.75 2.9
      vertex -27.3715 -19.6179 2.9
      vertex -27.5864 -19.6607 2.9
    endloop
  endfacet
  facet normal 0 0 1
    outer loop
      vertex -38.15 -28.75 2.9
      vertex -27.5864 -19.6607 2.9
      vertex -27.805 -19.675 2.9
    endloop
  endfacet
  facet normal 0 0 1
    outer loop
      vertex -38.15 -28.75 2.9
      vertex -27.805 -19.675 2.9
      vertex -28.0236 -19.6607 2.9
    endloop
  endfacet
  facet normal 0 0 1
    outer loop
      vertex -29.4657 -17.7814 2.9
      vertex -35 -20 2.9
      vertex -29.48 -18 2.9
    endloop
  endfacet
  facet normal 0 0 1
    outer loop
      vertex -29.48 -18 2.9
      vertex -35 -20 2.9
      vertex -29.4657 -18.2186 2.9
    endloop
  endfacet
  facet normal 0 0 1
    outer loop
      vertex -29.4657 -18.2186 2.9
      vertex -35 -20 2.9
      vertex -29.4229 -18.4335 2.9
    endloop
  endfacet
  facet normal 0 0 1
    outer loop
      vertex -29.4229 -18.4335 2.9
      vertex -35 -20 2.9
      vertex -29.3525 -18.641 2.9
    endloop
  endfacet
  facet normal 0 0 1
    outer loop
      vertex -29.3525 -18.641 2.9
      vertex -35 -20 2.9
      vertex -29.2556 -18.8375 2.9
    endloop
  endfacet
  facet normal 0 0 1
    outer loop
      vertex -29.2556 -18.8375 2.9
      vertex -35 -20 2.9
      vertex -29.1339 -19.0197 2.9
    endloop
  endfacet
  facet normal 0 0 1
    outer loop
      vertex -29.1339 -19.0197 2.9
      vertex -35 -20 2.9
      vertex -28.9894 -19.1844 2.9
    endloop
  endfacet
  facet normal 0 0 1
    outer loop
      vertex -28.9894 -19.1844 2.9
      vertex -35 -20 2.9
      vertex -28.8247 -19.3289 2.9
    endloop
  endfacet
  facet normal 0 0 1
    outer loop
      vertex -35 -20 2.9
      vertex -28.6425 -19.4506 2.9
      vertex -28.8247 -19.3289 2.9
    endloop
  endfacet
  facet normal 0 0 1
    outer loop
      vertex -35 -20 2.9
      vertex -28.446 -19.5475 2.9
      vertex -28.6425 -19.4506 2.9
    endloop
  endfacet
  facet normal 0 0 1
    outer loop
      vertex -38.15 -28.75 2.9
      vertex -28.446 -19.5475 2.9
      vertex -35 -20 2.9
    endloop
  endfacet
  facet normal 0 0 1
    outer loop
      vertex -28.446 -19.5475 2.9
      vertex -38.15 -28.75 2.9
      vertex -28.2385 -19.6179 2.9
    endloop
  endfacet
  facet normal 0 0 1
    outer loop
      vertex -28.2385 -19.6179 2.9
      vertex -38.15 -28.75 2.9
      vertex -28.0236 -19.6607 2.9
    endloop
  endfacet
  facet normal 0 0 1
    outer loop
      vertex -26.9675 -19.4506 2.9
      vertex -38.15 -28.75 2.9
      vertex 38.15 -28.75 2.9
    endloop
  endfacet
  facet normal -0 0 1
    outer loop
      vertex -39.15 -27.75 2.9
      vertex -38.15 -28.75 2.9
      vertex -35 -20 2.9
    endloop
  endfacet
  facet normal 0 0 1
    outer loop
      vertex -38.15 -28.75 2.9
      vertex -39.15 -27.75 2.9
      vertex -38.2805 -28.7414 2.9
    endloop
  endfacet
  facet normal 0 0 1
    outer loop
      vertex -38.2805 -28.7414 2.9
      vertex -39.15 -27.75 2.9
      vertex -38.4088 -28.7159 2.9
    endloop
  endfacet
  facet normal 0 0 1
    outer loop
      vertex -38.4088 -28.7159 2.9
      vertex -39.15 -27.75 2.9
      vertex -38.5327 -28.6739 2.9
    endloop
  endfacet
  facet normal 0 0 1
    outer loop
      vertex -38.5327 -28.6739 2.9
      vertex -39.15 -27.75 2.9
      vertex -38.65 -28.616 2.9
    endloop
  endfacet
  facet normal 0 0 1
    outer loop
      vertex -38.65 -28.616 2.9
      vertex -39.15 -27.75 2.9
      vertex -38.7588 -28.5434 2.9
    endloop
  endfacet
  facet normal 0 0 1
    outer loop
      vertex -38.7588 -28.5434 2.9
      vertex -39.15 -27.75 2.9
      vertex -38.8571 -28.4571 2.9
    endloop
  endfacet
  facet normal 0 0 1
    outer loop
      vertex -38.8571 -28.4571 2.9
      vertex -39.15 -27.75 2.9
      vertex -38.9433 -28.3588 2.9
    endloop
  endfacet
  facet normal 0 0 1
    outer loop
      vertex -38.9433 -28.3588 2.9
      vertex -39.15 -27.75 2.9
      vertex -39.016 -28.25 2.9
    endloop
  endfacet
  facet normal 0 0 1
    outer loop
      vertex -39.016 -28.25 2.9
      vertex -39.15 -27.75 2.9
      vertex -39.0739 -28.1327 2.9
    endloop
  endfacet
  facet normal 0 0 1
    outer loop
      vertex -39.0739 -28.1327 2.9
      vertex -39.15 -27.75 2.9
      vertex -39.1159 -28.0088 2.9
    endloop
  endfacet
  facet normal 0 0 1
    outer loop
      vertex -39.15 -27.75 2.9
      vertex -35 -20 2.9
      vertex -39.15 -20 2.9
    endloop
  endfacet
  facet normal 0 0 1
    outer loop
      vertex -39.1159 -28.0088 2.9
      vertex -39.15 -27.75 2.9
      vertex -39.1414 -27.8805 2.9
    endloop
  endfacet
  facet normal 0.980815 -0.19494 0
    outer loop
      vertex 58.3978 -43.2765 2.9
      vertex 58.4743 -42.8916 0.5
      vertex 58.4743 -42.8916 2.9
    endloop
  endfacet
  facet normal 0.980815 -0.19494 0
    outer loop
      vertex 58.4743 -42.8916 0.5
      vertex 58.3978 -43.2765 2.9
      vertex 58.3978 -43.2765 0.5
    endloop
  endfacet
  facet normal 0 0 -1
    outer loop
      vertex -55.4834 -41.7528 0.5
      vertex -50.4641 -36 0.5
      vertex -55.325 -41.8309 0.5
    endloop
  endfacet
  facet normal 0 0 -1
    outer loop
      vertex -50.8637 32.9647 0.5
      vertex -54.6615 42.8238 0.5
      vertex -54.65 43 0.5
    endloop
  endfacet
  facet normal 0 0 -1
    outer loop
      vertex -55.6506 -41.696 0.5
      vertex -50.4641 -36 0.5
      vertex -55.4834 -41.7528 0.5
    endloop
  endfacet
  facet normal 0 0 -1
    outer loop
      vertex -50.8637 32.9647 0.5
      vertex -54.696 42.6506 0.5
      vertex -54.6615 42.8238 0.5
    endloop
  endfacet
  facet normal -0 0 -1
    outer loop
      vertex -50.4641 -36 0.5
      vertex -55.6506 -41.696 0.5
      vertex -50.6955 -35.5307 0.5
    endloop
  endfacet
  facet normal 0 0 -1
    outer loop
      vertex -50.8637 32.9647 0.5
      vertex -54.7528 42.4834 0.5
      vertex -54.696 42.6506 0.5
    endloop
  endfacet
  facet normal 0 0 -1
    outer loop
      vertex -55.8238 -41.6615 0.5
      vertex -50.6955 -35.5307 0.5
      vertex -55.6506 -41.696 0.5
    endloop
  endfacet
  facet normal 0 0 -1
    outer loop
      vertex -50.8637 32.9647 0.5
      vertex -54.8309 42.325 0.5
      vertex -54.7528 42.4834 0.5
    endloop
  endfacet
  facet normal -0 0 -1
    outer loop
      vertex -50.6955 -35.5307 0.5
      vertex -55.8238 -41.6615 0.5
      vertex -50.8637 -35.0353 0.5
    endloop
  endfacet
  facet normal 0 0 -1
    outer loop
      vertex -50.8637 32.9647 0.5
      vertex -54.929 42.1782 0.5
      vertex -54.8309 42.325 0.5
    endloop
  endfacet
  facet normal 0 0 -1
    outer loop
      vertex -56 -41.65 0.5
      vertex -50.8637 -35.0353 0.5
      vertex -55.8238 -41.6615 0.5
    endloop
  endfacet
  facet normal 0 0 -1
    outer loop
      vertex -50.8637 32.9647 0.5
      vertex -55.0454 42.0454 0.5
      vertex -54.929 42.1782 0.5
    endloop
  endfacet
  facet normal 0 0 -1
    outer loop
      vertex -56.1762 -41.6615 0.5
      vertex -50.8637 -35.0353 0.5
      vertex -56 -41.65 0.5
    endloop
  endfacet
  facet normal 0 0 -1
    outer loop
      vertex -50.8637 32.9647 0.5
      vertex -55.1782 41.929 0.5
      vertex -55.0454 42.0454 0.5
    endloop
  endfacet
  facet normal -0 0 -1
    outer loop
      vertex -50.8637 -35.0353 0.5
      vertex -56.1762 -41.6615 0.5
      vertex -50.9658 -34.5221 0.5
    endloop
  endfacet
  facet normal 0 0 -1
    outer loop
      vertex -50.8637 32.9647 0.5
      vertex -55.325 41.8309 0.5
      vertex -55.1782 41.929 0.5
    endloop
  endfacet
  facet normal 0 0 -1
    outer loop
      vertex -56.3494 -41.696 0.5
      vertex -50.9658 -34.5221 0.5
      vertex -56.1762 -41.6615 0.5
    endloop
  endfacet
  facet normal 0 0 -1
    outer loop
      vertex -50.8637 32.9647 0.5
      vertex -55.4834 41.7528 0.5
      vertex -55.325 41.8309 0.5
    endloop
  endfacet
  facet normal -0 0 -1
    outer loop
      vertex -50.9658 -34.5221 0.5
      vertex -56.3494 -41.696 0.5
      vertex -51 -34 0.5
    endloop
  endfacet
  facet normal 0 0 -1
    outer loop
      vertex -50.8637 32.9647 0.5
      vertex -55.6506 41.696 0.5
      vertex -55.4834 41.7528 0.5
    endloop
  endfacet
  facet normal 0 0 -1
    outer loop
      vertex -56.5166 -41.7528 0.5
      vertex -51 -34 0.5
      vertex -56.3494 -41.696 0.5
    endloop
  endfacet
  facet normal 0 0 -1
    outer loop
      vertex -50.8637 32.9647 0.5
      vertex -55.8238 41.6615 0.5
      vertex -55.6506 41.696 0.5
    endloop
  endfacet
  facet normal -0 0 -1
    outer loop
      vertex -51 -34 0.5
      vertex -56.5166 -41.7528 0.5
      vertex -50.9658 -33.4779 0.5
    endloop
  endfacet
  facet normal 0 0 -1
    outer loop
      vertex -50.8637 32.9647 0.5
      vertex -56 41.65 0.5
      vertex -55.8238 41.6615 0.5
    endloop
  endfacet
  facet normal 0 0 -1
    outer loop
      vertex -58.5 -42.5 0.5
      vertex -50.9658 -33.4779 0.5
      vertex -56.5166 -41.7528 0.5
    endloop
  endfacet
  facet normal 0 0 -1
    outer loop
      vertex -50.8637 32.9647 0.5
      vertex -56.1762 41.6615 0.5
      vertex -56 41.65 0.5
    endloop
  endfacet
  facet normal -0 0 -1
    outer loop
      vertex -50.9658 -33.4779 0.5
      vertex -58.5 -42.5 0.5
      vertex -50.8637 -32.9647 0.5
    endloop
  endfacet
  facet normal 0 0 -1
    outer loop
      vertex -50.8637 32.9647 0.5
      vertex -56.3494 41.696 0.5
      vertex -56.1762 41.6615 0.5
    endloop
  endfacet
  facet normal -0 0 -1
    outer loop
      vertex -50.8637 -32.9647 0.5
      vertex -58.5 -42.5 0.5
      vertex -50.8637 32.9647 0.5
    endloop
  endfacet
  facet normal 0 0 -1
    outer loop
      vertex -50.8637 32.9647 0.5
      vertex -56.5166 41.7528 0.5
      vertex -56.3494 41.696 0.5
    endloop
  endfacet
  facet normal 0 0 -1
    outer loop
      vertex -58.5 -42.5 0.5
      vertex -56.5166 -41.7528 0.5
      vertex -56.675 -41.8309 0.5
    endloop
  endfacet
  facet normal 0 0 -1
    outer loop
      vertex -58.5 42.5 0.5
      vertex -50.8637 32.9647 0.5
      vertex -58.5 -42.5 0.5
    endloop
  endfacet
  facet normal 0 0 -1
    outer loop
      vertex -58.5 -42.5 0.5
      vertex -56.675 -41.8309 0.5
      vertex -56.8218 -41.929 0.5
    endloop
  endfacet
  facet normal 0 0 -1
    outer loop
      vertex -50.8637 32.9647 0.5
      vertex -58.5 42.5 0.5
      vertex -56.5166 41.7528 0.5
    endloop
  endfacet
  facet normal 0 0 -1
    outer loop
      vertex -58.5 -42.5 0.5
      vertex -56.8218 -41.929 0.5
      vertex -56.9546 -42.0454 0.5
    endloop
  endfacet
  facet normal 0 0 -1
    outer loop
      vertex -56.5166 41.7528 0.5
      vertex -58.5 42.5 0.5
      vertex -56.675 41.8309 0.5
    endloop
  endfacet
  facet normal 0 0 -1
    outer loop
      vertex -58.5 -42.5 0.5
      vertex -56.9546 -42.0454 0.5
      vertex -57.071 -42.1782 0.5
    endloop
  endfacet
  facet normal 0 0 -1
    outer loop
      vertex -56.675 41.8309 0.5
      vertex -58.5 42.5 0.5
      vertex -56.8218 41.929 0.5
    endloop
  endfacet
  facet normal 0 0 -1
    outer loop
      vertex -58.5 -42.5 0.5
      vertex -57.071 -42.1782 0.5
      vertex -57.1691 -42.325 0.5
    endloop
  endfacet
  facet normal 0 0 -1
    outer loop
      vertex -56.8218 41.929 0.5
      vertex -58.5 42.5 0.5
      vertex -56.9546 42.0454 0.5
    endloop
  endfacet
  facet normal 0 0 -1
    outer loop
      vertex -58.5 -42.5 0.5
      vertex -57.1691 -42.325 0.5
      vertex -57.2472 -42.4834 0.5
    endloop
  endfacet
  facet normal 0 0 -1
    outer loop
      vertex -56.9546 42.0454 0.5
      vertex -58.5 42.5 0.5
      vertex -57.071 42.1782 0.5
    endloop
  endfacet
  facet normal 0 0 -1
    outer loop
      vertex -58.5 -42.5 0.5
      vertex -57.2472 -42.4834 0.5
      vertex -57.304 -42.6506 0.5
    endloop
  endfacet
  facet normal 0 0 -1
    outer loop
      vertex -57.071 42.1782 0.5
      vertex -58.5 42.5 0.5
      vertex -57.1691 42.325 0.5
    endloop
  endfacet
  facet normal 0 0 -1
    outer loop
      vertex -58.5 -42.5 0.5
      vertex -57.304 -42.6506 0.5
      vertex -57.3385 -42.8238 0.5
    endloop
  endfacet
  facet normal 0 0 -1
    outer loop
      vertex -57.1691 42.325 0.5
      vertex -58.5 42.5 0.5
      vertex -57.2472 42.4834 0.5
    endloop
  endfacet
  facet normal 0 0 -1
    outer loop
      vertex -58.4743 -42.8916 0.5
      vertex -57.3385 -42.8238 0.5
      vertex -57.35 -43 0.5
    endloop
  endfacet
  facet normal 0 0 -1
    outer loop
      vertex -57.2472 42.4834 0.5
      vertex -58.5 42.5 0.5
      vertex -57.304 42.6506 0.5
    endloop
  endfacet
  facet normal 0 0 -1
    outer loop
      vertex -4 5.5 0.5
      vertex -43.0342 33.4779 0.5
      vertex -43 34 0.5
    endloop
  endfacet
  facet normal 0 0 -1
    outer loop
      vertex -4 5.5 0.5
      vertex -43.1363 32.9647 0.5
      vertex -43.0342 33.4779 0.5
    endloop
  endfacet
  facet normal 0 0 -1
    outer loop
      vertex -4 5.5 0.5
      vertex -43.3045 32.4693 0.5
      vertex -43.1363 32.9647 0.5
    endloop
  endfacet
  facet normal 0 0 -1
    outer loop
      vertex -4 5.5 0.5
      vertex -43.5359 32 0.5
      vertex -43.3045 32.4693 0.5
    endloop
  endfacet
  facet normal 0 0 -1
    outer loop
      vertex -4 5.5 0.5
      vertex -43.8266 31.565 0.5
      vertex -43.5359 32 0.5
    endloop
  endfacet
  facet normal 0 0 -1
    outer loop
      vertex -45.9647 30.1363 0.5
      vertex -35 -15 0.5
      vertex -44 -15 0.5
    endloop
  endfacet
  facet normal 0 0 -1
    outer loop
      vertex -45 -30.5359 0.5
      vertex -44 -20 0.5
      vertex -44.565 -30.8266 0.5
    endloop
  endfacet
  facet normal 0 0 -1
    outer loop
      vertex -4 5.5 0.5
      vertex -44.1716 31.1716 0.5
      vertex -43.8266 31.565 0.5
    endloop
  endfacet
  facet normal 0 0 -1
    outer loop
      vertex -45.4693 -30.3045 0.5
      vertex -44 -20 0.5
      vertex -45 -30.5359 0.5
    endloop
  endfacet
  facet normal 0 0 -1
    outer loop
      vertex -4 5.5 0.5
      vertex -44.565 30.8266 0.5
      vertex -44.1716 31.1716 0.5
    endloop
  endfacet
  facet normal 0 0 -1
    outer loop
      vertex -45.9647 -30.1363 0.5
      vertex -44 -20 0.5
      vertex -45.4693 -30.3045 0.5
    endloop
  endfacet
  facet normal 0 0 -1
    outer loop
      vertex -35 -15 0.5
      vertex -45 30.5359 0.5
      vertex -44.565 30.8266 0.5
    endloop
  endfacet
  facet normal 0 0 -1
    outer loop
      vertex -46.4779 -30.0342 0.5
      vertex -44 -20 0.5
      vertex -45.9647 -30.1363 0.5
    endloop
  endfacet
  facet normal 0 0 -1
    outer loop
      vertex -35 -15 0.5
      vertex -45.4693 30.3045 0.5
      vertex -45 30.5359 0.5
    endloop
  endfacet
  facet normal 0 0 -1
    outer loop
      vertex -47 -30 0.5
      vertex -44 -20 0.5
      vertex -46.4779 -30.0342 0.5
    endloop
  endfacet
  facet normal 0 0 -1
    outer loop
      vertex -35 -15 0.5
      vertex -45.9647 30.1363 0.5
      vertex -45.4693 30.3045 0.5
    endloop
  endfacet
  facet normal 0 0 -1
    outer loop
      vertex -47.5221 -30.0342 0.5
      vertex -44 -20 0.5
      vertex -47 -30 0.5
    endloop
  endfacet
  facet normal 0 0 -1
    outer loop
      vertex -44 -15 0.5
      vertex -46.4779 30.0342 0.5
      vertex -45.9647 30.1363 0.5
    endloop
  endfacet
  facet normal 0 0 -1
    outer loop
      vertex -48.0353 -30.1363 0.5
      vertex -44 -20 0.5
      vertex -47.5221 -30.0342 0.5
    endloop
  endfacet
  facet normal 0 0 -1
    outer loop
      vertex -44 -15 0.5
      vertex -47 30 0.5
      vertex -46.4779 30.0342 0.5
    endloop
  endfacet
  facet normal 0 0 -1
    outer loop
      vertex -48.5307 -30.3045 0.5
      vertex -44 -20 0.5
      vertex -48.0353 -30.1363 0.5
    endloop
  endfacet
  facet normal 0 0 -1
    outer loop
      vertex -44 -15 0.5
      vertex -47.5221 30.0342 0.5
      vertex -47 30 0.5
    endloop
  endfacet
  facet normal 0 0 -1
    outer loop
      vertex -49 -30.5359 0.5
      vertex -44 -20 0.5
      vertex -48.5307 -30.3045 0.5
    endloop
  endfacet
  facet normal 0 0 -1
    outer loop
      vertex -44 -15 0.5
      vertex -48.0353 30.1363 0.5
      vertex -47.5221 30.0342 0.5
    endloop
  endfacet
  facet normal 0 0 -1
    outer loop
      vertex -49.435 -30.8266 0.5
      vertex -44 -20 0.5
      vertex -49 -30.5359 0.5
    endloop
  endfacet
  facet normal 0 0 -1
    outer loop
      vertex -44 -15 0.5
      vertex -48.5307 30.3045 0.5
      vertex -48.0353 30.1363 0.5
    endloop
  endfacet
  facet normal 0 0 -1
    outer loop
      vertex -49.8284 -31.1716 0.5
      vertex -44 -20 0.5
      vertex -49.435 -30.8266 0.5
    endloop
  endfacet
  facet normal 0 0 -1
    outer loop
      vertex -44 -15 0.5
      vertex -49 30.5359 0.5
      vertex -48.5307 30.3045 0.5
    endloop
  endfacet
  facet normal -0 0 -1
    outer loop
      vertex -44 -20 0.5
      vertex -49.8284 -31.1716 0.5
      vertex -44 -15 0.5
    endloop
  endfacet
  facet normal 0 0 -1
    outer loop
      vertex -44 -15 0.5
      vertex -49.435 30.8266 0.5
      vertex -49 30.5359 0.5
    endloop
  endfacet
  facet normal 0 0 -1
    outer loop
      vertex -50.1734 -31.565 0.5
      vertex -44 -15 0.5
      vertex -49.8284 -31.1716 0.5
    endloop
  endfacet
  facet normal 0 0 -1
    outer loop
      vertex -44 -15 0.5
      vertex -49.8284 31.1716 0.5
      vertex -49.435 30.8266 0.5
    endloop
  endfacet
  facet normal 0 0 -1
    outer loop
      vertex -50.4641 -32 0.5
      vertex -44 -15 0.5
      vertex -50.1734 -31.565 0.5
    endloop
  endfacet
  facet normal 0 0 -1
    outer loop
      vertex -44 -15 0.5
      vertex -50.1734 31.565 0.5
      vertex -49.8284 31.1716 0.5
    endloop
  endfacet
  facet normal 0 0 -1
    outer loop
      vertex -50.4641 32 0.5
      vertex -44 -15 0.5
      vertex -50.4641 -32 0.5
    endloop
  endfacet
  facet normal 0 0 -1
    outer loop
      vertex -44 -15 0.5
      vertex -50.4641 32 0.5
      vertex -50.1734 31.565 0.5
    endloop
  endfacet
  facet normal 0 0 -1
    outer loop
      vertex -50.6955 -32.4693 0.5
      vertex -50.4641 32 0.5
      vertex -50.4641 -32 0.5
    endloop
  endfacet
  facet normal 0 0 -1
    outer loop
      vertex -50.6955 -32.4693 0.5
      vertex -50.6955 32.4693 0.5
      vertex -50.4641 32 0.5
    endloop
  endfacet
  facet normal 0 0 -1
    outer loop
      vertex -50.8637 -32.9647 0.5
      vertex -50.6955 32.4693 0.5
      vertex -50.6955 -32.4693 0.5
    endloop
  endfacet
  facet normal 0 0 -1
    outer loop
      vertex -50.8637 -32.9647 0.5
      vertex -50.8637 32.9647 0.5
      vertex -50.6955 32.4693 0.5
    endloop
  endfacet
  facet normal -0 0 -1
    outer loop
      vertex -49.8284 -36.8284 0.5
      vertex -55.1782 -41.929 0.5
      vertex -50.1734 -36.435 0.5
    endloop
  endfacet
  facet normal 0 0 -1
    outer loop
      vertex -55.325 -41.8309 0.5
      vertex -50.1734 -36.435 0.5
      vertex -55.1782 -41.929 0.5
    endloop
  endfacet
  facet normal 0 0 -1
    outer loop
      vertex -55.1782 -41.929 0.5
      vertex -49.8284 -36.8284 0.5
      vertex -55.0454 -42.0454 0.5
    endloop
  endfacet
  facet normal -0 0 -1
    outer loop
      vertex -50.1734 -36.435 0.5
      vertex -55.325 -41.8309 0.5
      vertex -50.4641 -36 0.5
    endloop
  endfacet
  facet normal 0 0 -1
    outer loop
      vertex -28.2385 -19.6179 0.5
      vertex -43.0342 -33.4779 0.5
      vertex -35 -20 0.5
    endloop
  endfacet
  facet normal 0 0 -1
    outer loop
      vertex -43.1363 -32.9647 0.5
      vertex -35 -20 0.5
      vertex -43.0342 -33.4779 0.5
    endloop
  endfacet
  facet normal 0 0 -1
    outer loop
      vertex -43.3045 -32.4693 0.5
      vertex -35 -20 0.5
      vertex -43.1363 -32.9647 0.5
    endloop
  endfacet
  facet normal 0 0 -1
    outer loop
      vertex -43.5359 -32 0.5
      vertex -35 -20 0.5
      vertex -43.3045 -32.4693 0.5
    endloop
  endfacet
  facet normal 0 0 -1
    outer loop
      vertex -43.8266 -31.565 0.5
      vertex -35 -20 0.5
      vertex -43.5359 -32 0.5
    endloop
  endfacet
  facet normal 0 0 -1
    outer loop
      vertex -44.1716 -31.1716 0.5
      vertex -35 -20 0.5
      vertex -43.8266 -31.565 0.5
    endloop
  endfacet
  facet normal 0 0 -1
    outer loop
      vertex -44.565 -30.8266 0.5
      vertex -44 -20 0.5
      vertex -44.1716 -31.1716 0.5
    endloop
  endfacet
  facet normal -0 0 -1
    outer loop
      vertex -35 -20 0.5
      vertex -44.1716 -31.1716 0.5
      vertex -44 -20 0.5
    endloop
  endfacet
  facet normal 0 0 -1
    outer loop
      vertex 35 -15 0.5
      vertex 44 2 0.5
      vertex 44 -15 0.5
    endloop
  endfacet
  facet normal 0 0 -1
    outer loop
      vertex 35 -20 0.5
      vertex 29.4657 -17.7814 0.5
      vertex 35 -15 0.5
    endloop
  endfacet
  facet normal 0 0 -1
    outer loop
      vertex 29.4229 -17.5665 0.5
      vertex 35 -15 0.5
      vertex 29.4657 -17.7814 0.5
    endloop
  endfacet
  facet normal 0 0 -1
    outer loop
      vertex 29.3525 -17.359 0.5
      vertex 35 -15 0.5
      vertex 29.4229 -17.5665 0.5
    endloop
  endfacet
  facet normal 0 0 -1
    outer loop
      vertex 29.2556 -17.1625 0.5
      vertex 35 -15 0.5
      vertex 29.3525 -17.359 0.5
    endloop
  endfacet
  facet normal 0 0 -1
    outer loop
      vertex 29.1339 -16.9803 0.5
      vertex 35 -15 0.5
      vertex 29.2556 -17.1625 0.5
    endloop
  endfacet
  facet normal 0 0 -1
    outer loop
      vertex 28.9894 -16.8156 0.5
      vertex 35 -15 0.5
      vertex 29.1339 -16.9803 0.5
    endloop
  endfacet
  facet normal 0 0 -1
    outer loop
      vertex 28.8247 -16.6711 0.5
      vertex 35 -15 0.5
      vertex 28.9894 -16.8156 0.5
    endloop
  endfacet
  facet normal 0 0 -1
    outer loop
      vertex 28.6425 -16.5494 0.5
      vertex 35 -15 0.5
      vertex 28.8247 -16.6711 0.5
    endloop
  endfacet
  facet normal 0 0 -1
    outer loop
      vertex 28.446 -16.4525 0.5
      vertex 35 -15 0.5
      vertex 28.6425 -16.5494 0.5
    endloop
  endfacet
  facet normal 0 0 -1
    outer loop
      vertex 28.2385 -16.3821 0.5
      vertex 35 -15 0.5
      vertex 28.446 -16.4525 0.5
    endloop
  endfacet
  facet normal 0 0 -1
    outer loop
      vertex 28.0236 -16.3393 0.5
      vertex 35 -15 0.5
      vertex 28.2385 -16.3821 0.5
    endloop
  endfacet
  facet normal 0 0 -1
    outer loop
      vertex 27.805 -16.325 0.5
      vertex 35 -15 0.5
      vertex 28.0236 -16.3393 0.5
    endloop
  endfacet
  facet normal -0 0 -1
    outer loop
      vertex 35 -15 0.5
      vertex 27.805 -16.325 0.5
      vertex 44 2 0.5
    endloop
  endfacet
  facet normal 0 0 -1
    outer loop
      vertex 27.5864 -16.3393 0.5
      vertex 44 2 0.5
      vertex 27.805 -16.325 0.5
    endloop
  endfacet
  facet normal 0 0 -1
    outer loop
      vertex 27.3715 -16.3821 0.5
      vertex 44 2 0.5
      vertex 27.5864 -16.3393 0.5
    endloop
  endfacet
  facet normal 0 0 -1
    outer loop
      vertex -4 2 0.5
      vertex 27.3715 -16.3821 0.5
      vertex 27.164 -16.4525 0.5
    endloop
  endfacet
  facet normal 0 0 -1
    outer loop
      vertex -4 2 0.5
      vertex 27.164 -16.4525 0.5
      vertex 26.9675 -16.5494 0.5
    endloop
  endfacet
  facet normal 0 0 -1
    outer loop
      vertex -4 2 0.5
      vertex 26.9675 -16.5494 0.5
      vertex 26.7853 -16.6711 0.5
    endloop
  endfacet
  facet normal 0 0 -1
    outer loop
      vertex -4 2 0.5
      vertex 26.7853 -16.6711 0.5
      vertex 26.6206 -16.8156 0.5
    endloop
  endfacet
  facet normal 0 0 -1
    outer loop
      vertex 27.3715 -16.3821 0.5
      vertex -4 2 0.5
      vertex 44 2 0.5
    endloop
  endfacet
  facet normal 0 0 -1
    outer loop
      vertex 26.4761 -16.9803 0.5
      vertex -4 2 0.5
      vertex 26.6206 -16.8156 0.5
    endloop
  endfacet
  facet normal 0 0 -1
    outer loop
      vertex 26.3544 -17.1625 0.5
      vertex -4 2 0.5
      vertex 26.4761 -16.9803 0.5
    endloop
  endfacet
  facet normal 0 0 -1
    outer loop
      vertex 26.2575 -17.359 0.5
      vertex -4 2 0.5
      vertex 26.3544 -17.1625 0.5
    endloop
  endfacet
  facet normal 0 0 -1
    outer loop
      vertex 26.1871 -17.5665 0.5
      vertex -4 2 0.5
      vertex 26.2575 -17.359 0.5
    endloop
  endfacet
  facet normal 0 0 -1
    outer loop
      vertex 26.1443 -17.7814 0.5
      vertex -4 2 0.5
      vertex 26.1871 -17.5665 0.5
    endloop
  endfacet
  facet normal 0 0 -1
    outer loop
      vertex -4 2 0.5
      vertex 26.1443 -17.7814 0.5
      vertex 26.13 -18 0.5
    endloop
  endfacet
  facet normal 0 0 -1
    outer loop
      vertex 50.6955 -32.4693 0.5
      vertex 58.5 -42.5 0.5
      vertex 50.8637 -32.9647 0.5
    endloop
  endfacet
  facet normal 0 0 -1
    outer loop
      vertex 58.5 42.5 0.5
      vertex 50.9658 33.4779 0.5
      vertex 51 34 0.5
    endloop
  endfacet
  facet normal 0 0 -1
    outer loop
      vertex 50.4641 -32 0.5
      vertex 58.5 -42.5 0.5
      vertex 50.6955 -32.4693 0.5
    endloop
  endfacet
  facet normal 0 0 -1
    outer loop
      vertex 58.5 42.5 0.5
      vertex 50.8637 32.9647 0.5
      vertex 50.9658 33.4779 0.5
    endloop
  endfacet
  facet normal 0 0 -1
    outer loop
      vertex 58.5 -42.5 0.5
      vertex 44 2 0.5
      vertex 58.5 42.5 0.5
    endloop
  endfacet
  facet normal 0 0 -1
    outer loop
      vertex 58.5 42.5 0.5
      vertex 50.6955 32.4693 0.5
      vertex 50.8637 32.9647 0.5
    endloop
  endfacet
  facet normal 0 0 -1
    outer loop
      vertex 58.5 -42.5 0.5
      vertex 50.4641 -32 0.5
      vertex 44 2 0.5
    endloop
  endfacet
  facet normal 0 0 -1
    outer loop
      vertex 44 5.5 0.5
      vertex 58.5 42.5 0.5
      vertex 44 2 0.5
    endloop
  endfacet
  facet normal 0 0 -1
    outer loop
      vertex 44 -15 0.5
      vertex 50.4641 -32 0.5
      vertex 50.1734 -31.565 0.5
    endloop
  endfacet
  facet normal 0 0 -1
    outer loop
      vertex 58.5 42.5 0.5
      vertex 50.4641 32 0.5
      vertex 50.6955 32.4693 0.5
    endloop
  endfacet
  facet normal 0 0 -1
    outer loop
      vertex 44 -15 0.5
      vertex 50.1734 -31.565 0.5
      vertex 49.8284 -31.1716 0.5
    endloop
  endfacet
  facet normal 0 0 -1
    outer loop
      vertex 58.5 42.5 0.5
      vertex 44 5.5 0.5
      vertex 50.4641 32 0.5
    endloop
  endfacet
  facet normal 0 0 -1
    outer loop
      vertex 44 -20 0.5
      vertex 49.8284 -31.1716 0.5
      vertex 49.435 -30.8266 0.5
    endloop
  endfacet
  facet normal 0 0 -1
    outer loop
      vertex 50.4641 32 0.5
      vertex 44 5.5 0.5
      vertex 50.1734 31.565 0.5
    endloop
  endfacet
  facet normal 0 0 -1
    outer loop
      vertex 44 -20 0.5
      vertex 49.435 -30.8266 0.5
      vertex 49 -30.5359 0.5
    endloop
  endfacet
  facet normal 0 0 -1
    outer loop
      vertex 50.1734 31.565 0.5
      vertex 44 5.5 0.5
      vertex 49.8284 31.1716 0.5
    endloop
  endfacet
  facet normal 0 0 -1
    outer loop
      vertex 44 -20 0.5
      vertex 49 -30.5359 0.5
      vertex 48.5307 -30.3045 0.5
    endloop
  endfacet
  facet normal 0 0 -1
    outer loop
      vertex 49.8284 31.1716 0.5
      vertex 44 5.5 0.5
      vertex 49.435 30.8266 0.5
    endloop
  endfacet
  facet normal 0 0 -1
    outer loop
      vertex 44 -20 0.5
      vertex 48.5307 -30.3045 0.5
      vertex 48.0353 -30.1363 0.5
    endloop
  endfacet
  facet normal 0 0 -1
    outer loop
      vertex 49.435 30.8266 0.5
      vertex 44 5.5 0.5
      vertex 49 30.5359 0.5
    endloop
  endfacet
  facet normal 0 0 -1
    outer loop
      vertex 44 -20 0.5
      vertex 48.0353 -30.1363 0.5
      vertex 47.5221 -30.0342 0.5
    endloop
  endfacet
  facet normal 0 0 -1
    outer loop
      vertex 49 30.5359 0.5
      vertex 44 5.5 0.5
      vertex 48.5307 30.3045 0.5
    endloop
  endfacet
  facet normal 0 0 -1
    outer loop
      vertex 44 -20 0.5
      vertex 47.5221 -30.0342 0.5
      vertex 47 -30 0.5
    endloop
  endfacet
  facet normal 0 0 -1
    outer loop
      vertex 48.5307 30.3045 0.5
      vertex 44 5.5 0.5
      vertex 48.0353 30.1363 0.5
    endloop
  endfacet
  facet normal 0 0 -1
    outer loop
      vertex 44 -20 0.5
      vertex 47 -30 0.5
      vertex 46.4779 -30.0342 0.5
    endloop
  endfacet
  facet normal 0 0 -1
    outer loop
      vertex 48.0353 30.1363 0.5
      vertex 44 5.5 0.5
      vertex 47.5221 30.0342 0.5
    endloop
  endfacet
  facet normal 0 0 -1
    outer loop
      vertex 44 -20 0.5
      vertex 46.4779 -30.0342 0.5
      vertex 45.9647 -30.1363 0.5
    endloop
  endfacet
  facet normal 0 0 -1
    outer loop
      vertex 47.5221 30.0342 0.5
      vertex 44 5.5 0.5
      vertex 47 30 0.5
    endloop
  endfacet
  facet normal 0 0 -1
    outer loop
      vertex 44 -20 0.5
      vertex 45.9647 -30.1363 0.5
      vertex 45.4693 -30.3045 0.5
    endloop
  endfacet
  facet normal -0 0 -1
    outer loop
      vertex 47 30 0.5
      vertex 44 5.5 0.5
      vertex 46.4779 30.0342 0.5
    endloop
  endfacet
  facet normal 0 0 -1
    outer loop
      vertex 44 -20 0.5
      vertex 45.4693 -30.3045 0.5
      vertex 45 -30.5359 0.5
    endloop
  endfacet
  facet normal -0 0 -1
    outer loop
      vertex 46.4779 30.0342 0.5
      vertex 44 5.5 0.5
      vertex 45.9647 30.1363 0.5
    endloop
  endfacet
  facet normal 0 0 -1
    outer loop
      vertex 44 -20 0.5
      vertex 45 -30.5359 0.5
      vertex 44.565 -30.8266 0.5
    endloop
  endfacet
  facet normal -0 0 -1
    outer loop
      vertex 45.9647 30.1363 0.5
      vertex 44 5.5 0.5
      vertex 45.4693 30.3045 0.5
    endloop
  endfacet
  facet normal 0 0 -1
    outer loop
      vertex 44 -20 0.5
      vertex 44.565 -30.8266 0.5
      vertex 44.1716 -31.1716 0.5
    endloop
  endfacet
  facet normal 0 0 -1
    outer loop
      vertex 50.4641 -32 0.5
      vertex 44 -15 0.5
      vertex 44 2 0.5
    endloop
  endfacet
  facet normal 0 0 -1
    outer loop
      vertex 49.8284 -31.1716 0.5
      vertex 44 -20 0.5
      vertex 44 -15 0.5
    endloop
  endfacet
  facet normal 0 0 -1
    outer loop
      vertex 35 -20 0.5
      vertex 44.1716 -31.1716 0.5
      vertex 43.8266 -31.565 0.5
    endloop
  endfacet
  facet normal 0 0 -1
    outer loop
      vertex 35 -20 0.5
      vertex 43.8266 -31.565 0.5
      vertex 43.5359 -32 0.5
    endloop
  endfacet
  facet normal 0 0 -1
    outer loop
      vertex 35 -20 0.5
      vertex 43.5359 -32 0.5
      vertex 43.3045 -32.4693 0.5
    endloop
  endfacet
  facet normal 0 0 -1
    outer loop
      vertex 35 -20 0.5
      vertex 43.3045 -32.4693 0.5
      vertex 43.1363 -32.9647 0.5
    endloop
  endfacet
  facet normal 0 0 -1
    outer loop
      vertex 35 -20 0.5
      vertex 43.1363 -32.9647 0.5
      vertex 43.0342 -33.4779 0.5
    endloop
  endfacet
  facet normal 0 0 -1
    outer loop
      vertex 44.1716 -31.1716 0.5
      vertex 35 -20 0.5
      vertex 44 -20 0.5
    endloop
  endfacet
  facet normal 0 0 -1
    outer loop
      vertex 28.0236 -19.6607 0.5
      vertex 43.0342 -33.4779 0.5
      vertex 43 -34 0.5
    endloop
  endfacet
  facet normal 0 0 -1
    outer loop
      vertex 57.2472 -42.4834 0.5
      vertex 58.5 -42.5 0.5
      vertex 57.304 -42.6506 0.5
    endloop
  endfacet
  facet normal 0 0 -1
    outer loop
      vertex 58.5 42.5 0.5
      vertex 57.3385 42.8238 0.5
      vertex 57.35 43 0.5
    endloop
  endfacet
  facet normal 0 0 -1
    outer loop
      vertex 57.1691 -42.325 0.5
      vertex 58.5 -42.5 0.5
      vertex 57.2472 -42.4834 0.5
    endloop
  endfacet
  facet normal 0 0 -1
    outer loop
      vertex 58.5 42.5 0.5
      vertex 57.304 42.6506 0.5
      vertex 57.3385 42.8238 0.5
    endloop
  endfacet
  facet normal 0 0 -1
    outer loop
      vertex 57.071 -42.1782 0.5
      vertex 58.5 -42.5 0.5
      vertex 57.1691 -42.325 0.5
    endloop
  endfacet
  facet normal -0 0 -1
    outer loop
      vertex 58.5 42.5 0.5
      vertex 57.2472 42.4834 0.5
      vertex 57.304 42.6506 0.5
    endloop
  endfacet
  facet normal 0 0 -1
    outer loop
      vertex 56.9546 -42.0454 0.5
      vertex 58.5 -42.5 0.5
      vertex 57.071 -42.1782 0.5
    endloop
  endfacet
  facet normal 0 0 -1
    outer loop
      vertex 58.5 42.5 0.5
      vertex 57.1691 42.325 0.5
      vertex 57.2472 42.4834 0.5
    endloop
  endfacet
  facet normal 0 0 -1
    outer loop
      vertex 56.8218 -41.929 0.5
      vertex 58.5 -42.5 0.5
      vertex 56.9546 -42.0454 0.5
    endloop
  endfacet
  facet normal 0 0 -1
    outer loop
      vertex 58.5 42.5 0.5
      vertex 57.071 42.1782 0.5
      vertex 57.1691 42.325 0.5
    endloop
  endfacet
  facet normal 0 0 -1
    outer loop
      vertex 56.675 -41.8309 0.5
      vertex 50.9658 -33.4779 0.5
      vertex 58.5 -42.5 0.5
    endloop
  endfacet
  facet normal 0 0 -1
    outer loop
      vertex 58.5 42.5 0.5
      vertex 56.9546 42.0454 0.5
      vertex 57.071 42.1782 0.5
    endloop
  endfacet
  facet normal 0 0 -1
    outer loop
      vertex 56.675 -41.8309 0.5
      vertex 58.5 -42.5 0.5
      vertex 56.8218 -41.929 0.5
    endloop
  endfacet
  facet normal 0 0 -1
    outer loop
      vertex 50.8637 -32.9647 0.5
      vertex 58.5 -42.5 0.5
      vertex 50.9658 -33.4779 0.5
    endloop
  endfacet
  facet normal 0 0 -1
    outer loop
      vertex 56.5166 -41.7528 0.5
      vertex 50.9658 -33.4779 0.5
      vertex 56.675 -41.8309 0.5
    endloop
  endfacet
  facet normal 0 -0 -1
    outer loop
      vertex 56.675 41.8309 0.5
      vertex 58.5 42.5 0.5
      vertex 51 34 0.5
    endloop
  endfacet
  facet normal 0 0 -1
    outer loop
      vertex 50.9658 -33.4779 0.5
      vertex 56.5166 -41.7528 0.5
      vertex 51 -34 0.5
    endloop
  endfacet
  facet normal 0 0 -1
    outer loop
      vertex 58.5 42.5 0.5
      vertex 56.8218 41.929 0.5
      vertex 56.9546 42.0454 0.5
    endloop
  endfacet
  facet normal 0 0 -1
    outer loop
      vertex 51 -34 0.5
      vertex 56.5166 -41.7528 0.5
      vertex 56.3494 -41.696 0.5
    endloop
  endfacet
  facet normal 0 0 -1
    outer loop
      vertex 58.5 42.5 0.5
      vertex 56.675 41.8309 0.5
      vertex 56.8218 41.929 0.5
    endloop
  endfacet
  facet normal 0 0 -1
    outer loop
      vertex 50.9658 -34.5221 0.5
      vertex 56.3494 -41.696 0.5
      vertex 56.1762 -41.6615 0.5
    endloop
  endfacet
  facet normal 0 0 -1
    outer loop
      vertex 56.675 41.8309 0.5
      vertex 51 34 0.5
      vertex 56.5166 41.7528 0.5
    endloop
  endfacet
  facet normal 0 0 -1
    outer loop
      vertex 50.8637 -35.0353 0.5
      vertex 56.1762 -41.6615 0.5
      vertex 56 -41.65 0.5
    endloop
  endfacet
  facet normal 0 0 -1
    outer loop
      vertex 56.5166 41.7528 0.5
      vertex 51 34 0.5
      vertex 56.3494 41.696 0.5
    endloop
  endfacet
  facet normal 0 0 -1
    outer loop
      vertex 50.8637 -35.0353 0.5
      vertex 56 -41.65 0.5
      vertex 55.8238 -41.6615 0.5
    endloop
  endfacet
  facet normal 0 0 -1
    outer loop
      vertex 50.9658 34.5221 0.5
      vertex 56.3494 41.696 0.5
      vertex 51 34 0.5
    endloop
  endfacet
  facet normal 0 0 -1
    outer loop
      vertex 50.6955 -35.5307 0.5
      vertex 55.8238 -41.6615 0.5
      vertex 55.6506 -41.696 0.5
    endloop
  endfacet
  facet normal 0 0 -1
    outer loop
      vertex 56.3494 41.696 0.5
      vertex 50.9658 34.5221 0.5
      vertex 56.1762 41.6615 0.5
    endloop
  endfacet
  facet normal 0 0 -1
    outer loop
      vertex 50.4641 -36 0.5
      vertex 55.6506 -41.696 0.5
      vertex 55.4834 -41.7528 0.5
    endloop
  endfacet
  facet normal 0 0 -1
    outer loop
      vertex 50.8637 35.0353 0.5
      vertex 56.1762 41.6615 0.5
      vertex 50.9658 34.5221 0.5
    endloop
  endfacet
  facet normal 0 0 -1
    outer loop
      vertex 50.4641 -36 0.5
      vertex 55.4834 -41.7528 0.5
      vertex 55.325 -41.8309 0.5
    endloop
  endfacet
  facet normal 0 0 -1
    outer loop
      vertex 56.1762 41.6615 0.5
      vertex 50.8637 35.0353 0.5
      vertex 56 41.65 0.5
    endloop
  endfacet
  facet normal 0 0 -1
    outer loop
      vertex 50.1734 -36.435 0.5
      vertex 55.325 -41.8309 0.5
      vertex 55.1782 -41.929 0.5
    endloop
  endfacet
  facet normal -0 0 -1
    outer loop
      vertex 56 41.65 0.5
      vertex 50.8637 35.0353 0.5
      vertex 55.8238 41.6615 0.5
    endloop
  endfacet
  facet normal 0 0 -1
    outer loop
      vertex 49.8284 -36.8284 0.5
      vertex 55.1782 -41.929 0.5
      vertex 55.0454 -42.0454 0.5
    endloop
  endfacet
  facet normal 0 0 -1
    outer loop
      vertex 50.6955 35.5307 0.5
      vertex 55.8238 41.6615 0.5
      vertex 50.8637 35.0353 0.5
    endloop
  endfacet
  facet normal 0 0 -1
    outer loop
      vertex 49.8284 -36.8284 0.5
      vertex 55.0454 -42.0454 0.5
      vertex 54.929 -42.1782 0.5
    endloop
  endfacet
  facet normal -0 0 -1
    outer loop
      vertex 55.8238 41.6615 0.5
      vertex 50.6955 35.5307 0.5
      vertex 55.6506 41.696 0.5
    endloop
  endfacet
  facet normal 0 0 -1
    outer loop
      vertex 49.435 -37.1734 0.5
      vertex 54.929 -42.1782 0.5
      vertex 54.8309 -42.325 0.5
    endloop
  endfacet
  facet normal 0 0 -1
    outer loop
      vertex 50.4641 36 0.5
      vertex 55.6506 41.696 0.5
      vertex 50.6955 35.5307 0.5
    endloop
  endfacet
  facet normal 0 0 -1
    outer loop
      vertex 49 -37.4641 0.5
      vertex 54.8309 -42.325 0.5
      vertex 54.7528 -42.4834 0.5
    endloop
  endfacet
  facet normal -0 0 -1
    outer loop
      vertex 55.6506 41.696 0.5
      vertex 50.4641 36 0.5
      vertex 55.4834 41.7528 0.5
    endloop
  endfacet
  facet normal 0 0 -1
    outer loop
      vertex 49 -37.4641 0.5
      vertex 54.7528 -42.4834 0.5
      vertex 54.696 -42.6506 0.5
    endloop
  endfacet
  facet normal -0 0 -1
    outer loop
      vertex 55.4834 41.7528 0.5
      vertex 50.4641 36 0.5
      vertex 55.325 41.8309 0.5
    endloop
  endfacet
  facet normal 0 0 -1
    outer loop
      vertex 48.5307 -37.6955 0.5
      vertex 54.696 -42.6506 0.5
      vertex 54.6615 -42.8238 0.5
    endloop
  endfacet
  facet normal 0 0 -1
    outer loop
      vertex 50.1734 36.435 0.5
      vertex 55.325 41.8309 0.5
      vertex 50.4641 36 0.5
    endloop
  endfacet
  facet normal 0 0 -1
    outer loop
      vertex 48.0353 -37.8637 0.5
      vertex 54.6615 -42.8238 0.5
      vertex 54.65 -43 0.5
    endloop
  endfacet
  facet normal -0 0 -1
    outer loop
      vertex 55.325 41.8309 0.5
      vertex 50.1734 36.435 0.5
      vertex 55.1782 41.929 0.5
    endloop
  endfacet
  facet normal 0 0 -1
    outer loop
      vertex 57.3385 -42.8238 0.5
      vertex 58.4743 -42.8916 0.5
      vertex 57.35 -43 0.5
    endloop
  endfacet
  facet normal 0 0 -1
    outer loop
      vertex 58.4743 -42.8916 0.5
      vertex 57.3385 -42.8238 0.5
      vertex 58.5 -42.5 0.5
    endloop
  endfacet
  facet normal 0 0 -1
    outer loop
      vertex 57.35 -43 0.5
      vertex 58.4743 -42.8916 0.5
      vertex 58.3978 -43.2765 0.5
    endloop
  endfacet
  facet normal 0 0 -1
    outer loop
      vertex 57.304 -42.6506 0.5
      vertex 58.5 -42.5 0.5
      vertex 57.3385 -42.8238 0.5
    endloop
  endfacet
  facet normal 0 0 -1
    outer loop
      vertex 57.3385 -43.1762 0.5
      vertex 58.3978 -43.2765 0.5
      vertex 58.2716 -43.6481 0.5
    endloop
  endfacet
  facet normal 0 0 -1
    outer loop
      vertex 58.5 42.5 0.5
      vertex 57.35 43 0.5
      vertex 58.4743 42.8916 0.5
    endloop
  endfacet
  facet normal 0 0 -1
    outer loop
      vertex 57.2472 -43.5166 0.5
      vertex 58.2716 -43.6481 0.5
      vertex 58.0981 -44 0.5
    endloop
  endfacet
  facet normal 0 0 -1
    outer loop
      vertex 58.4743 42.8916 0.5
      vertex 57.35 43 0.5
      vertex 58.3978 43.2765 0.5
    endloop
  endfacet
  facet normal 0 0 -1
    outer loop
      vertex 57.1691 -43.675 0.5
      vertex 58.0981 -44 0.5
      vertex 57.8801 -44.3263 0.5
    endloop
  endfacet
  facet normal 0 0 -1
    outer loop
      vertex 57.3385 43.1762 0.5
      vertex 58.3978 43.2765 0.5
      vertex 57.35 43 0.5
    endloop
  endfacet
  facet normal 0 0 -1
    outer loop
      vertex 57.071 -43.8218 0.5
      vertex 57.8801 -44.3263 0.5
      vertex 57.6213 -44.6213 0.5
    endloop
  endfacet
  facet normal -0 0 -1
    outer loop
      vertex 58.3978 43.2765 0.5
      vertex 57.3385 43.1762 0.5
      vertex 58.2716 43.6481 0.5
    endloop
  endfacet
  facet normal 0 0 -1
    outer loop
      vertex 57.304 43.3494 0.5
      vertex 58.2716 43.6481 0.5
      vertex 57.3385 43.1762 0.5
    endloop
  endfacet
  facet normal 0 0 -1
    outer loop
      vertex 58.3978 -43.2765 0.5
      vertex 57.3385 -43.1762 0.5
      vertex 57.35 -43 0.5
    endloop
  endfacet
  facet normal 0 0 -1
    outer loop
      vertex 56.8218 -44.071 0.5
      vertex 57.6213 -44.6213 0.5
      vertex 57.3263 -44.8801 0.5
    endloop
  endfacet
  facet normal 0 0 -1
    outer loop
      vertex 58.2716 -43.6481 0.5
      vertex 57.304 -43.3494 0.5
      vertex 57.3385 -43.1762 0.5
    endloop
  endfacet
  facet normal 0 0 -1
    outer loop
      vertex 58.2716 -43.6481 0.5
      vertex 57.2472 -43.5166 0.5
      vertex 57.304 -43.3494 0.5
    endloop
  endfacet
  facet normal 0 0 -1
    outer loop
      vertex 58.0981 -44 0.5
      vertex 57.1691 -43.675 0.5
      vertex 57.2472 -43.5166 0.5
    endloop
  endfacet
  facet normal 0 0 -1
    outer loop
      vertex 57.8801 -44.3263 0.5
      vertex 57.071 -43.8218 0.5
      vertex 57.1691 -43.675 0.5
    endloop
  endfacet
  facet normal 0 0 -1
    outer loop
      vertex 56.675 -44.1691 0.5
      vertex 57.3263 -44.8801 0.5
      vertex 57 -45.0981 0.5
    endloop
  endfacet
  facet normal 0 0 -1
    outer loop
      vertex 57.6213 -44.6213 0.5
      vertex 56.9546 -43.9546 0.5
      vertex 57.071 -43.8218 0.5
    endloop
  endfacet
  facet normal 0 0 -1
    outer loop
      vertex 57.6213 -44.6213 0.5
      vertex 56.8218 -44.071 0.5
      vertex 56.9546 -43.9546 0.5
    endloop
  endfacet
  facet normal 0 0 -1
    outer loop
      vertex 57.3263 -44.8801 0.5
      vertex 56.675 -44.1691 0.5
      vertex 56.8218 -44.071 0.5
    endloop
  endfacet
  facet normal 0 0 -1
    outer loop
      vertex 56.5166 -44.2472 0.5
      vertex 57 -45.0981 0.5
      vertex 56.6481 -45.2716 0.5
    endloop
  endfacet
  facet normal 0 0 -1
    outer loop
      vertex 57 -45.0981 0.5
      vertex 56.5166 -44.2472 0.5
      vertex 56.675 -44.1691 0.5
    endloop
  endfacet
  facet normal 0 0 -1
    outer loop
      vertex 56.6481 -45.2716 0.5
      vertex 56.3494 -44.304 0.5
      vertex 56.5166 -44.2472 0.5
    endloop
  endfacet
  facet normal 0 0 -1
    outer loop
      vertex 56.1762 -44.3385 0.5
      vertex 56.6481 -45.2716 0.5
      vertex 56.2765 -45.3978 0.5
    endloop
  endfacet
  facet normal 0 0 -1
    outer loop
      vertex 56.6481 -45.2716 0.5
      vertex 56.1762 -44.3385 0.5
      vertex 56.3494 -44.304 0.5
    endloop
  endfacet
  facet normal 0 0 -1
    outer loop
      vertex 56.2765 -45.3978 0.5
      vertex 56 -44.35 0.5
      vertex 56.1762 -44.3385 0.5
    endloop
  endfacet
  facet normal 0 0 -1
    outer loop
      vertex 55.8916 -45.4743 0.5
      vertex 56 -44.35 0.5
      vertex 56.2765 -45.3978 0.5
    endloop
  endfacet
  facet normal 0 0 -1
    outer loop
      vertex 55.8916 -45.4743 0.5
      vertex 55.8238 -44.3385 0.5
      vertex 56 -44.35 0.5
    endloop
  endfacet
  facet normal 0 0 -1
    outer loop
      vertex 55.5 -45.5 0.5
      vertex 55.8238 -44.3385 0.5
      vertex 55.8916 -45.4743 0.5
    endloop
  endfacet
  facet normal -0 0 -1
    outer loop
      vertex 55.8238 -44.3385 0.5
      vertex 55.5 -45.5 0.5
      vertex 55.6506 -44.304 0.5
    endloop
  endfacet
  facet normal 0 0 -1
    outer loop
      vertex 55.5 -45.5 0.5
      vertex 55.4834 -44.2472 0.5
      vertex 55.6506 -44.304 0.5
    endloop
  endfacet
  facet normal 0 0 -1
    outer loop
      vertex 55.5 -45.5 0.5
      vertex 55.325 -44.1691 0.5
      vertex 55.4834 -44.2472 0.5
    endloop
  endfacet
  facet normal 0 0 -1
    outer loop
      vertex 55.5 -45.5 0.5
      vertex 55.1782 -44.071 0.5
      vertex 55.325 -44.1691 0.5
    endloop
  endfacet
  facet normal 0 0 -1
    outer loop
      vertex 55.5 -45.5 0.5
      vertex 55.0454 -43.9546 0.5
      vertex 55.1782 -44.071 0.5
    endloop
  endfacet
  facet normal 0 0 -1
    outer loop
      vertex 55.5 -45.5 0.5
      vertex 54.929 -43.8218 0.5
      vertex 55.0454 -43.9546 0.5
    endloop
  endfacet
  facet normal 0 0 -1
    outer loop
      vertex 55.5 -45.5 0.5
      vertex 54.8309 -43.675 0.5
      vertex 54.929 -43.8218 0.5
    endloop
  endfacet
  facet normal 0 0 -1
    outer loop
      vertex 55.5 -45.5 0.5
      vertex 54.7528 -43.5166 0.5
      vertex 54.8309 -43.675 0.5
    endloop
  endfacet
  facet normal 0 0 -1
    outer loop
      vertex 49.8284 36.8284 0.5
      vertex 55.1782 41.929 0.5
      vertex 50.1734 36.435 0.5
    endloop
  endfacet
  facet normal 0 0 -1
    outer loop
      vertex 48.0353 -37.8637 0.5
      vertex 54.65 -43 0.5
      vertex 54.6615 -43.1762 0.5
    endloop
  endfacet
  facet normal 0 0 -1
    outer loop
      vertex 47.5221 -37.9658 0.5
      vertex 54.6615 -43.1762 0.5
      vertex 54.696 -43.3494 0.5
    endloop
  endfacet
  facet normal 0 0 -1
    outer loop
      vertex 47 -38 0.5
      vertex 54.696 -43.3494 0.5
      vertex 54.7528 -43.5166 0.5
    endloop
  endfacet
  facet normal 0 0 -1
    outer loop
      vertex 46.4779 -37.9658 0.5
      vertex 54.7528 -43.5166 0.5
      vertex 55.5 -45.5 0.5
    endloop
  endfacet
  facet normal 0 0 -1
    outer loop
      vertex 56.3494 -41.696 0.5
      vertex 50.9658 -34.5221 0.5
      vertex 51 -34 0.5
    endloop
  endfacet
  facet normal 0 0 -1
    outer loop
      vertex 56.1762 -41.6615 0.5
      vertex 50.8637 -35.0353 0.5
      vertex 50.9658 -34.5221 0.5
    endloop
  endfacet
  facet normal 0 0 -1
    outer loop
      vertex 55.8238 -41.6615 0.5
      vertex 50.6955 -35.5307 0.5
      vertex 50.8637 -35.0353 0.5
    endloop
  endfacet
  facet normal 0 0 -1
    outer loop
      vertex 55.6506 -41.696 0.5
      vertex 50.4641 -36 0.5
      vertex 50.6955 -35.5307 0.5
    endloop
  endfacet
  facet normal 0 0 -1
    outer loop
      vertex 55.325 -41.8309 0.5
      vertex 50.1734 -36.435 0.5
      vertex 50.4641 -36 0.5
    endloop
  endfacet
  facet normal 0 0 -1
    outer loop
      vertex 55.1782 -41.929 0.5
      vertex 49.8284 -36.8284 0.5
      vertex 50.1734 -36.435 0.5
    endloop
  endfacet
  facet normal 0 0 -1
    outer loop
      vertex 54.929 -42.1782 0.5
      vertex 49.435 -37.1734 0.5
      vertex 49.8284 -36.8284 0.5
    endloop
  endfacet
  facet normal 0 0 -1
    outer loop
      vertex 54.8309 -42.325 0.5
      vertex 49 -37.4641 0.5
      vertex 49.435 -37.1734 0.5
    endloop
  endfacet
  facet normal 0 0 -1
    outer loop
      vertex 54.696 -42.6506 0.5
      vertex 48.5307 -37.6955 0.5
      vertex 49 -37.4641 0.5
    endloop
  endfacet
  facet normal 0 0 -1
    outer loop
      vertex 54.6615 -42.8238 0.5
      vertex 48.0353 -37.8637 0.5
      vertex 48.5307 -37.6955 0.5
    endloop
  endfacet
  facet normal 0 0 -1
    outer loop
      vertex 54.6615 -43.1762 0.5
      vertex 47.5221 -37.9658 0.5
      vertex 48.0353 -37.8637 0.5
    endloop
  endfacet
  facet normal 0 0 -1
    outer loop
      vertex 54.696 -43.3494 0.5
      vertex 47 -38 0.5
      vertex 47.5221 -37.9658 0.5
    endloop
  endfacet
  facet normal 0 0 -1
    outer loop
      vertex 54.7528 -43.5166 0.5
      vertex 46.4779 -37.9658 0.5
      vertex 47 -38 0.5
    endloop
  endfacet
  facet normal 0 0 -1
    outer loop
      vertex 55.5 -45.5 0.5
      vertex 45.9647 -37.8637 0.5
      vertex 46.4779 -37.9658 0.5
    endloop
  endfacet
  facet normal 0 0 -1
    outer loop
      vertex 55.5 -45.5 0.5
      vertex 45.4693 -37.6955 0.5
      vertex 45.9647 -37.8637 0.5
    endloop
  endfacet
  facet normal 0 0 -1
    outer loop
      vertex 55.5 -45.5 0.5
      vertex 45 -37.4641 0.5
      vertex 45.4693 -37.6955 0.5
    endloop
  endfacet
  facet normal 0 0 -1
    outer loop
      vertex -45 -37.4641 0.5
      vertex 45 -37.4641 0.5
      vertex 55.5 -45.5 0.5
    endloop
  endfacet
  facet normal 0 0 -1
    outer loop
      vertex 27.805 -19.675 0.5
      vertex 43 -34 0.5
      vertex 43.0342 -34.5221 0.5
    endloop
  endfacet
  facet normal 0 0 -1
    outer loop
      vertex 27.5864 -19.6607 0.5
      vertex 43.0342 -34.5221 0.5
      vertex 43.1363 -35.0353 0.5
    endloop
  endfacet
  facet normal 0 0 -1
    outer loop
      vertex 27.3715 -19.6179 0.5
      vertex 43.1363 -35.0353 0.5
      vertex 43.3045 -35.5307 0.5
    endloop
  endfacet
  facet normal 0 0 -1
    outer loop
      vertex 27.164 -19.5475 0.5
      vertex 43.3045 -35.5307 0.5
      vertex 43.5359 -36 0.5
    endloop
  endfacet
  facet normal 0 0 -1
    outer loop
      vertex 29.4657 -17.7814 0.5
      vertex 35 -20 0.5
      vertex 29.48 -18 0.5
    endloop
  endfacet
  facet normal 0 0 -1
    outer loop
      vertex 43.0342 -33.4779 0.5
      vertex 28.2385 -19.6179 0.5
      vertex 35 -20 0.5
    endloop
  endfacet
  facet normal 0 0 -1
    outer loop
      vertex -43.5359 -36 0.5
      vertex 43.5359 -36 0.5
      vertex 43.8266 -36.435 0.5
    endloop
  endfacet
  facet normal 0 0 -1
    outer loop
      vertex 35 -20 0.5
      vertex 29.4657 -18.2186 0.5
      vertex 29.48 -18 0.5
    endloop
  endfacet
  facet normal 0 0 -1
    outer loop
      vertex 35 -20 0.5
      vertex 29.4229 -18.4335 0.5
      vertex 29.4657 -18.2186 0.5
    endloop
  endfacet
  facet normal 0 0 -1
    outer loop
      vertex 35 -20 0.5
      vertex 29.3525 -18.641 0.5
      vertex 29.4229 -18.4335 0.5
    endloop
  endfacet
  facet normal 0 0 -1
    outer loop
      vertex 35 -20 0.5
      vertex 29.2556 -18.8375 0.5
      vertex 29.3525 -18.641 0.5
    endloop
  endfacet
  facet normal 0 0 -1
    outer loop
      vertex 35 -20 0.5
      vertex 29.1339 -19.0197 0.5
      vertex 29.2556 -18.8375 0.5
    endloop
  endfacet
  facet normal 0 0 -1
    outer loop
      vertex 35 -20 0.5
      vertex 28.9894 -19.1844 0.5
      vertex 29.1339 -19.0197 0.5
    endloop
  endfacet
  facet normal 0 0 -1
    outer loop
      vertex 35 -20 0.5
      vertex 28.8247 -19.3289 0.5
      vertex 28.9894 -19.1844 0.5
    endloop
  endfacet
  facet normal 0 0 -1
    outer loop
      vertex -43.8266 -36.435 0.5
      vertex 43.8266 -36.435 0.5
      vertex 44.1716 -36.8284 0.5
    endloop
  endfacet
  facet normal 0 0 -1
    outer loop
      vertex 35 -20 0.5
      vertex 28.6425 -19.4506 0.5
      vertex 28.8247 -19.3289 0.5
    endloop
  endfacet
  facet normal 0 0 -1
    outer loop
      vertex 35 -20 0.5
      vertex 28.446 -19.5475 0.5
      vertex 28.6425 -19.4506 0.5
    endloop
  endfacet
  facet normal 0 0 -1
    outer loop
      vertex 35 -20 0.5
      vertex 28.2385 -19.6179 0.5
      vertex 28.446 -19.5475 0.5
    endloop
  endfacet
  facet normal 0 0 -1
    outer loop
      vertex 43.0342 -33.4779 0.5
      vertex 28.0236 -19.6607 0.5
      vertex 28.2385 -19.6179 0.5
    endloop
  endfacet
  facet normal 0 0 -1
    outer loop
      vertex 43 -34 0.5
      vertex 27.805 -19.675 0.5
      vertex 28.0236 -19.6607 0.5
    endloop
  endfacet
  facet normal 0 0 -1
    outer loop
      vertex 43.0342 -34.5221 0.5
      vertex 27.5864 -19.6607 0.5
      vertex 27.805 -19.675 0.5
    endloop
  endfacet
  facet normal 0 0 -1
    outer loop
      vertex 43.1363 -35.0353 0.5
      vertex 27.3715 -19.6179 0.5
      vertex 27.5864 -19.6607 0.5
    endloop
  endfacet
  facet normal 0 0 -1
    outer loop
      vertex 43.3045 -35.5307 0.5
      vertex 27.164 -19.5475 0.5
      vertex 27.3715 -19.6179 0.5
    endloop
  endfacet
  facet normal 0 0 -1
    outer loop
      vertex 43.5359 -36 0.5
      vertex 26.9675 -19.4506 0.5
      vertex 27.164 -19.5475 0.5
    endloop
  endfacet
  facet normal 0 0 -1
    outer loop
      vertex 43.5359 -36 0.5
      vertex -26.9675 -19.4506 0.5
      vertex 26.9675 -19.4506 0.5
    endloop
  endfacet
  facet normal 0 0 -1
    outer loop
      vertex 26.9675 -19.4506 0.5
      vertex -26.9675 -19.4506 0.5
      vertex 26.7853 -19.3289 0.5
    endloop
  endfacet
  facet normal 0 0 -1
    outer loop
      vertex 26.1443 -18.2186 0.5
      vertex -4 2 0.5
      vertex 26.13 -18 0.5
    endloop
  endfacet
  facet normal 0 0 -1
    outer loop
      vertex 26.1871 -18.4335 0.5
      vertex -4 2 0.5
      vertex 26.1443 -18.2186 0.5
    endloop
  endfacet
  facet normal 0 0 -1
    outer loop
      vertex -26.1871 -18.4335 0.5
      vertex 26.1871 -18.4335 0.5
      vertex 26.2575 -18.641 0.5
    endloop
  endfacet
  facet normal 0 0 -1
    outer loop
      vertex -26.2575 -18.641 0.5
      vertex 26.2575 -18.641 0.5
      vertex 26.3544 -18.8375 0.5
    endloop
  endfacet
  facet normal 0 0 -1
    outer loop
      vertex -26.3544 -18.8375 0.5
      vertex 26.3544 -18.8375 0.5
      vertex 26.4761 -19.0197 0.5
    endloop
  endfacet
  facet normal 0 0 -1
    outer loop
      vertex -26.4761 -19.0197 0.5
      vertex 26.4761 -19.0197 0.5
      vertex 26.6206 -19.1844 0.5
    endloop
  endfacet
  facet normal 0 -0 -1
    outer loop
      vertex -26.7853 -19.3289 0.5
      vertex 26.7853 -19.3289 0.5
      vertex -26.9675 -19.4506 0.5
    endloop
  endfacet
  facet normal 0 0 -1
    outer loop
      vertex -44.1716 -36.8284 0.5
      vertex 44.1716 -36.8284 0.5
      vertex 44.565 -37.1734 0.5
    endloop
  endfacet
  facet normal 0 0 -1
    outer loop
      vertex -26.1443 -17.7814 0.5
      vertex -4 2 0.5
      vertex -26.13 -18 0.5
    endloop
  endfacet
  facet normal 0 0 -1
    outer loop
      vertex 26.2575 -18.641 0.5
      vertex -26.2575 -18.641 0.5
      vertex -26.1871 -18.4335 0.5
    endloop
  endfacet
  facet normal 0 0 -1
    outer loop
      vertex 45 -37.4641 0.5
      vertex -45 -37.4641 0.5
      vertex 44.565 -37.1734 0.5
    endloop
  endfacet
  facet normal 0 0 -1
    outer loop
      vertex -4 2 0.5
      vertex -26.1443 -18.2186 0.5
      vertex -26.13 -18 0.5
    endloop
  endfacet
  facet normal 0 0 -1
    outer loop
      vertex -4 2 0.5
      vertex -26.1871 -18.4335 0.5
      vertex -26.1443 -18.2186 0.5
    endloop
  endfacet
  facet normal 0 0 -1
    outer loop
      vertex 26.1871 -18.4335 0.5
      vertex -26.1871 -18.4335 0.5
      vertex -4 2 0.5
    endloop
  endfacet
  facet normal 0 0 -1
    outer loop
      vertex 26.3544 -18.8375 0.5
      vertex -26.3544 -18.8375 0.5
      vertex -26.2575 -18.641 0.5
    endloop
  endfacet
  facet normal 0 0 -1
    outer loop
      vertex 26.4761 -19.0197 0.5
      vertex -26.4761 -19.0197 0.5
      vertex -26.3544 -18.8375 0.5
    endloop
  endfacet
  facet normal 0 0 -1
    outer loop
      vertex 26.6206 -19.1844 0.5
      vertex -26.6206 -19.1844 0.5
      vertex -26.4761 -19.0197 0.5
    endloop
  endfacet
  facet normal -0 0 -1
    outer loop
      vertex 26.6206 -19.1844 0.5
      vertex -26.7853 -19.3289 0.5
      vertex -26.6206 -19.1844 0.5
    endloop
  endfacet
  facet normal 0 0 -1
    outer loop
      vertex 26.7853 -19.3289 0.5
      vertex -26.7853 -19.3289 0.5
      vertex 26.6206 -19.1844 0.5
    endloop
  endfacet
  facet normal 0 0 -1
    outer loop
      vertex 43.5359 -36 0.5
      vertex -43.5359 -36 0.5
      vertex -26.9675 -19.4506 0.5
    endloop
  endfacet
  facet normal 0 0 -1
    outer loop
      vertex -26.9675 -19.4506 0.5
      vertex -43.5359 -36 0.5
      vertex -27.164 -19.5475 0.5
    endloop
  endfacet
  facet normal 0 -0 -1
    outer loop
      vertex -43.3045 -35.5307 0.5
      vertex -27.164 -19.5475 0.5
      vertex -43.5359 -36 0.5
    endloop
  endfacet
  facet normal 0 0 -1
    outer loop
      vertex -27.164 -19.5475 0.5
      vertex -43.3045 -35.5307 0.5
      vertex -27.3715 -19.6179 0.5
    endloop
  endfacet
  facet normal 0 -0 -1
    outer loop
      vertex -43.1363 -35.0353 0.5
      vertex -27.3715 -19.6179 0.5
      vertex -43.3045 -35.5307 0.5
    endloop
  endfacet
  facet normal 0 0 -1
    outer loop
      vertex -27.3715 -19.6179 0.5
      vertex -43.1363 -35.0353 0.5
      vertex -27.5864 -19.6607 0.5
    endloop
  endfacet
  facet normal -0 0 -1
    outer loop
      vertex -29.4657 -18.2186 0.5
      vertex -35 -20 0.5
      vertex -29.48 -18 0.5
    endloop
  endfacet
  facet normal -0 0 -1
    outer loop
      vertex -29.4229 -18.4335 0.5
      vertex -35 -20 0.5
      vertex -29.4657 -18.2186 0.5
    endloop
  endfacet
  facet normal -0 0 -1
    outer loop
      vertex -29.3525 -18.641 0.5
      vertex -35 -20 0.5
      vertex -29.4229 -18.4335 0.5
    endloop
  endfacet
  facet normal -0 0 -1
    outer loop
      vertex -29.2556 -18.8375 0.5
      vertex -35 -20 0.5
      vertex -29.3525 -18.641 0.5
    endloop
  endfacet
  facet normal -0 0 -1
    outer loop
      vertex -29.1339 -19.0197 0.5
      vertex -35 -20 0.5
      vertex -29.2556 -18.8375 0.5
    endloop
  endfacet
  facet normal -0 0 -1
    outer loop
      vertex -28.9894 -19.1844 0.5
      vertex -35 -20 0.5
      vertex -29.1339 -19.0197 0.5
    endloop
  endfacet
  facet normal -0 0 -1
    outer loop
      vertex -28.8247 -19.3289 0.5
      vertex -35 -20 0.5
      vertex -28.9894 -19.1844 0.5
    endloop
  endfacet
  facet normal -0 0 -1
    outer loop
      vertex -28.6425 -19.4506 0.5
      vertex -35 -20 0.5
      vertex -28.8247 -19.3289 0.5
    endloop
  endfacet
  facet normal -0 0 -1
    outer loop
      vertex -28.446 -19.5475 0.5
      vertex -35 -20 0.5
      vertex -28.6425 -19.4506 0.5
    endloop
  endfacet
  facet normal -0 0 -1
    outer loop
      vertex -28.2385 -19.6179 0.5
      vertex -35 -20 0.5
      vertex -28.446 -19.5475 0.5
    endloop
  endfacet
  facet normal 0 -0 -1
    outer loop
      vertex -43.0342 -34.5221 0.5
      vertex -27.5864 -19.6607 0.5
      vertex -43.1363 -35.0353 0.5
    endloop
  endfacet
  facet normal -0 0 -1
    outer loop
      vertex -27.805 -19.675 0.5
      vertex -43 -34 0.5
      vertex -28.0236 -19.6607 0.5
    endloop
  endfacet
  facet normal -0 0 -1
    outer loop
      vertex -28.0236 -19.6607 0.5
      vertex -43.0342 -33.4779 0.5
      vertex -28.2385 -19.6179 0.5
    endloop
  endfacet
  facet normal 0 0 -1
    outer loop
      vertex -43.0342 -33.4779 0.5
      vertex -28.0236 -19.6607 0.5
      vertex -43 -34 0.5
    endloop
  endfacet
  facet normal 0 -0 -1
    outer loop
      vertex -43 -34 0.5
      vertex -27.805 -19.675 0.5
      vertex -43.0342 -34.5221 0.5
    endloop
  endfacet
  facet normal 0 0 -1
    outer loop
      vertex -27.5864 -19.6607 0.5
      vertex -43.0342 -34.5221 0.5
      vertex -27.805 -19.675 0.5
    endloop
  endfacet
  facet normal 0 0 -1
    outer loop
      vertex 43.8266 -36.435 0.5
      vertex -43.8266 -36.435 0.5
      vertex -43.5359 -36 0.5
    endloop
  endfacet
  facet normal 0 0 -1
    outer loop
      vertex 44.1716 -36.8284 0.5
      vertex -44.1716 -36.8284 0.5
      vertex -43.8266 -36.435 0.5
    endloop
  endfacet
  facet normal 0 0 -1
    outer loop
      vertex 44.565 -37.1734 0.5
      vertex -44.565 -37.1734 0.5
      vertex -44.1716 -36.8284 0.5
    endloop
  endfacet
  facet normal -0 0 -1
    outer loop
      vertex 44.565 -37.1734 0.5
      vertex -45 -37.4641 0.5
      vertex -44.565 -37.1734 0.5
    endloop
  endfacet
  facet normal 0 0 -1
    outer loop
      vertex -55.5 -45.5 0.5
      vertex -45 -37.4641 0.5
      vertex 55.5 -45.5 0.5
    endloop
  endfacet
  facet normal 0 0 -1
    outer loop
      vertex -45 -37.4641 0.5
      vertex -55.5 -45.5 0.5
      vertex -45.4693 -37.6955 0.5
    endloop
  endfacet
  facet normal 0 0 -1
    outer loop
      vertex -45.4693 -37.6955 0.5
      vertex -55.5 -45.5 0.5
      vertex -45.9647 -37.8637 0.5
    endloop
  endfacet
  facet normal 0 0 -1
    outer loop
      vertex -45.9647 -37.8637 0.5
      vertex -55.5 -45.5 0.5
      vertex -46.4779 -37.9658 0.5
    endloop
  endfacet
  facet normal 0 -0 -1
    outer loop
      vertex -54.7528 -43.5166 0.5
      vertex -46.4779 -37.9658 0.5
      vertex -55.5 -45.5 0.5
    endloop
  endfacet
  facet normal 0 0 -1
    outer loop
      vertex -50.8637 32.9647 0.5
      vertex -54.65 43 0.5
      vertex -50.9658 33.4779 0.5
    endloop
  endfacet
  facet normal 0 0 -1
    outer loop
      vertex -55.0454 -42.0454 0.5
      vertex -49.8284 -36.8284 0.5
      vertex -54.929 -42.1782 0.5
    endloop
  endfacet
  facet normal -0 0 -1
    outer loop
      vertex -49.435 -37.1734 0.5
      vertex -54.929 -42.1782 0.5
      vertex -49.8284 -36.8284 0.5
    endloop
  endfacet
  facet normal 0 0 -1
    outer loop
      vertex -54.929 -42.1782 0.5
      vertex -49.435 -37.1734 0.5
      vertex -54.8309 -42.325 0.5
    endloop
  endfacet
  facet normal -0 0 -1
    outer loop
      vertex -49 -37.4641 0.5
      vertex -54.8309 -42.325 0.5
      vertex -49.435 -37.1734 0.5
    endloop
  endfacet
  facet normal 0 0 -1
    outer loop
      vertex -54.8309 -42.325 0.5
      vertex -49 -37.4641 0.5
      vertex -54.7528 -42.4834 0.5
    endloop
  endfacet
  facet normal 0 0 -1
    outer loop
      vertex -54.7528 -42.4834 0.5
      vertex -49 -37.4641 0.5
      vertex -54.696 -42.6506 0.5
    endloop
  endfacet
  facet normal -0 0 -1
    outer loop
      vertex -48.5307 -37.6955 0.5
      vertex -54.696 -42.6506 0.5
      vertex -49 -37.4641 0.5
    endloop
  endfacet
  facet normal 0 0 -1
    outer loop
      vertex -54.696 -42.6506 0.5
      vertex -48.5307 -37.6955 0.5
      vertex -54.6615 -42.8238 0.5
    endloop
  endfacet
  facet normal -0 0 -1
    outer loop
      vertex -48.0353 -37.8637 0.5
      vertex -54.6615 -42.8238 0.5
      vertex -48.5307 -37.6955 0.5
    endloop
  endfacet
  facet normal 0 0 -1
    outer loop
      vertex -54.6615 -42.8238 0.5
      vertex -48.0353 -37.8637 0.5
      vertex -54.65 -43 0.5
    endloop
  endfacet
  facet normal 0 0 -1
    outer loop
      vertex -54.6615 -43.1762 0.5
      vertex -48.0353 -37.8637 0.5
      vertex -47.5221 -37.9658 0.5
    endloop
  endfacet
  facet normal 0 0 -1
    outer loop
      vertex -46.4779 -37.9658 0.5
      vertex -54.7528 -43.5166 0.5
      vertex -47 -38 0.5
    endloop
  endfacet
  facet normal 0 0 -1
    outer loop
      vertex -48.0353 -37.8637 0.5
      vertex -54.6615 -43.1762 0.5
      vertex -54.65 -43 0.5
    endloop
  endfacet
  facet normal 0 0 -1
    outer loop
      vertex -47.5221 -37.9658 0.5
      vertex -54.696 -43.3494 0.5
      vertex -54.6615 -43.1762 0.5
    endloop
  endfacet
  facet normal -0 0 -1
    outer loop
      vertex -47 -38 0.5
      vertex -54.696 -43.3494 0.5
      vertex -47.5221 -37.9658 0.5
    endloop
  endfacet
  facet normal 0 -0 -1
    outer loop
      vertex -54.696 -43.3494 0.5
      vertex -47 -38 0.5
      vertex -54.7528 -43.5166 0.5
    endloop
  endfacet
  facet normal 0 0 -1
    outer loop
      vertex -54.7528 -43.5166 0.5
      vertex -55.5 -45.5 0.5
      vertex -54.8309 -43.675 0.5
    endloop
  endfacet
  facet normal 0 0 -1
    outer loop
      vertex -54.8309 -43.675 0.5
      vertex -55.5 -45.5 0.5
      vertex -54.929 -43.8218 0.5
    endloop
  endfacet
  facet normal 0 0 -1
    outer loop
      vertex -54.929 -43.8218 0.5
      vertex -55.5 -45.5 0.5
      vertex -55.0454 -43.9546 0.5
    endloop
  endfacet
  facet normal 0 0 -1
    outer loop
      vertex -55.0454 -43.9546 0.5
      vertex -55.5 -45.5 0.5
      vertex -55.1782 -44.071 0.5
    endloop
  endfacet
  facet normal 0 0 -1
    outer loop
      vertex -55.1782 -44.071 0.5
      vertex -55.5 -45.5 0.5
      vertex -55.325 -44.1691 0.5
    endloop
  endfacet
  facet normal 0 0 -1
    outer loop
      vertex -55.325 -44.1691 0.5
      vertex -55.5 -45.5 0.5
      vertex -55.4834 -44.2472 0.5
    endloop
  endfacet
  facet normal 0 0 -1
    outer loop
      vertex -55.5 -45.5 0.5
      vertex -55.6506 -44.304 0.5
      vertex -55.4834 -44.2472 0.5
    endloop
  endfacet
  facet normal 0 0 -1
    outer loop
      vertex -55.5 -45.5 0.5
      vertex -55.8238 -44.3385 0.5
      vertex -55.6506 -44.304 0.5
    endloop
  endfacet
  facet normal 0 0 -1
    outer loop
      vertex -55.8916 -45.4743 0.5
      vertex -55.8238 -44.3385 0.5
      vertex -55.5 -45.5 0.5
    endloop
  endfacet
  facet normal 0 0 -1
    outer loop
      vertex -55.8916 -45.4743 0.5
      vertex -56 -44.35 0.5
      vertex -55.8238 -44.3385 0.5
    endloop
  endfacet
  facet normal 0 0 -1
    outer loop
      vertex -56.2765 -45.3978 0.5
      vertex -56 -44.35 0.5
      vertex -55.8916 -45.4743 0.5
    endloop
  endfacet
  facet normal -0 0 -1
    outer loop
      vertex -56 -44.35 0.5
      vertex -56.2765 -45.3978 0.5
      vertex -56.1762 -44.3385 0.5
    endloop
  endfacet
  facet normal 0 0 -1
    outer loop
      vertex -56.6481 -45.2716 0.5
      vertex -56.1762 -44.3385 0.5
      vertex -56.2765 -45.3978 0.5
    endloop
  endfacet
  facet normal -0 0 -1
    outer loop
      vertex -56.1762 -44.3385 0.5
      vertex -56.6481 -45.2716 0.5
      vertex -56.3494 -44.304 0.5
    endloop
  endfacet
  facet normal -0 0 -1
    outer loop
      vertex -56.3494 -44.304 0.5
      vertex -56.6481 -45.2716 0.5
      vertex -56.5166 -44.2472 0.5
    endloop
  endfacet
  facet normal 0 0 -1
    outer loop
      vertex -57 -45.0981 0.5
      vertex -56.5166 -44.2472 0.5
      vertex -56.6481 -45.2716 0.5
    endloop
  endfacet
  facet normal -0 0 -1
    outer loop
      vertex -56.5166 -44.2472 0.5
      vertex -57 -45.0981 0.5
      vertex -56.675 -44.1691 0.5
    endloop
  endfacet
  facet normal 0 0 -1
    outer loop
      vertex -57.3263 -44.8801 0.5
      vertex -56.675 -44.1691 0.5
      vertex -57 -45.0981 0.5
    endloop
  endfacet
  facet normal -0 0 -1
    outer loop
      vertex -56.675 -44.1691 0.5
      vertex -57.3263 -44.8801 0.5
      vertex -56.8218 -44.071 0.5
    endloop
  endfacet
  facet normal 0 0 -1
    outer loop
      vertex -57.6213 -44.6213 0.5
      vertex -56.8218 -44.071 0.5
      vertex -57.3263 -44.8801 0.5
    endloop
  endfacet
  facet normal -0 0 -1
    outer loop
      vertex -56.8218 -44.071 0.5
      vertex -57.6213 -44.6213 0.5
      vertex -56.9546 -43.9546 0.5
    endloop
  endfacet
  facet normal -0 0 -1
    outer loop
      vertex -56.9546 -43.9546 0.5
      vertex -57.6213 -44.6213 0.5
      vertex -57.071 -43.8218 0.5
    endloop
  endfacet
  facet normal 0 0 -1
    outer loop
      vertex -57.8801 -44.3263 0.5
      vertex -57.071 -43.8218 0.5
      vertex -57.6213 -44.6213 0.5
    endloop
  endfacet
  facet normal -0 0 -1
    outer loop
      vertex -57.071 -43.8218 0.5
      vertex -57.8801 -44.3263 0.5
      vertex -57.1691 -43.675 0.5
    endloop
  endfacet
  facet normal 0 0 -1
    outer loop
      vertex -58.0981 -44 0.5
      vertex -57.1691 -43.675 0.5
      vertex -57.8801 -44.3263 0.5
    endloop
  endfacet
  facet normal -0 0 -1
    outer loop
      vertex -57.1691 -43.675 0.5
      vertex -58.0981 -44 0.5
      vertex -57.2472 -43.5166 0.5
    endloop
  endfacet
  facet normal -0 0 -1
    outer loop
      vertex -57.2472 -43.5166 0.5
      vertex -58.2716 -43.6481 0.5
      vertex -57.304 -43.3494 0.5
    endloop
  endfacet
  facet normal 0 0 -1
    outer loop
      vertex -58.2716 -43.6481 0.5
      vertex -57.2472 -43.5166 0.5
      vertex -58.0981 -44 0.5
    endloop
  endfacet
  facet normal 0 0 -1
    outer loop
      vertex 57.2472 43.5166 0.5
      vertex 58.2716 43.6481 0.5
      vertex 57.304 43.3494 0.5
    endloop
  endfacet
  facet normal -0 0 -1
    outer loop
      vertex 58.2716 43.6481 0.5
      vertex 57.2472 43.5166 0.5
      vertex 58.0981 44 0.5
    endloop
  endfacet
  facet normal 0 0 -1
    outer loop
      vertex 57.1691 43.675 0.5
      vertex 58.0981 44 0.5
      vertex 57.2472 43.5166 0.5
    endloop
  endfacet
  facet normal -0 0 -1
    outer loop
      vertex 58.0981 44 0.5
      vertex 57.1691 43.675 0.5
      vertex 57.8801 44.3263 0.5
    endloop
  endfacet
  facet normal 0 0 -1
    outer loop
      vertex 57.071 43.8218 0.5
      vertex 57.8801 44.3263 0.5
      vertex 57.1691 43.675 0.5
    endloop
  endfacet
  facet normal -0 0 -1
    outer loop
      vertex 57.8801 44.3263 0.5
      vertex 57.071 43.8218 0.5
      vertex 57.6213 44.6213 0.5
    endloop
  endfacet
  facet normal 0 0 -1
    outer loop
      vertex 56.9546 43.9546 0.5
      vertex 57.6213 44.6213 0.5
      vertex 57.071 43.8218 0.5
    endloop
  endfacet
  facet normal 0 0 -1
    outer loop
      vertex 56.8218 44.071 0.5
      vertex 57.6213 44.6213 0.5
      vertex 56.9546 43.9546 0.5
    endloop
  endfacet
  facet normal -0 0 -1
    outer loop
      vertex 57.6213 44.6213 0.5
      vertex 56.8218 44.071 0.5
      vertex 57.3263 44.8801 0.5
    endloop
  endfacet
  facet normal 0 0 -1
    outer loop
      vertex 56.675 44.1691 0.5
      vertex 57.3263 44.8801 0.5
      vertex 56.8218 44.071 0.5
    endloop
  endfacet
  facet normal -0 0 -1
    outer loop
      vertex 57.3263 44.8801 0.5
      vertex 56.675 44.1691 0.5
      vertex 57 45.0981 0.5
    endloop
  endfacet
  facet normal 0 0 -1
    outer loop
      vertex 56.5166 44.2472 0.5
      vertex 57 45.0981 0.5
      vertex 56.675 44.1691 0.5
    endloop
  endfacet
  facet normal -0 0 -1
    outer loop
      vertex 57 45.0981 0.5
      vertex 56.5166 44.2472 0.5
      vertex 56.6481 45.2716 0.5
    endloop
  endfacet
  facet normal 0 0 -1
    outer loop
      vertex 56.3494 44.304 0.5
      vertex 56.6481 45.2716 0.5
      vertex 56.5166 44.2472 0.5
    endloop
  endfacet
  facet normal 0 0 -1
    outer loop
      vertex 56.1762 44.3385 0.5
      vertex 56.6481 45.2716 0.5
      vertex 56.3494 44.304 0.5
    endloop
  endfacet
  facet normal -0 0 -1
    outer loop
      vertex 56.6481 45.2716 0.5
      vertex 56.1762 44.3385 0.5
      vertex 56.2765 45.3978 0.5
    endloop
  endfacet
  facet normal 0 0 -1
    outer loop
      vertex 56 44.35 0.5
      vertex 56.2765 45.3978 0.5
      vertex 56.1762 44.3385 0.5
    endloop
  endfacet
  facet normal 0 0 -1
    outer loop
      vertex 56 44.35 0.5
      vertex 55.8916 45.4743 0.5
      vertex 56.2765 45.3978 0.5
    endloop
  endfacet
  facet normal 0 0 -1
    outer loop
      vertex 55.8238 44.3385 0.5
      vertex 55.8916 45.4743 0.5
      vertex 56 44.35 0.5
    endloop
  endfacet
  facet normal 0 0 -1
    outer loop
      vertex 55.5 45.5 0.5
      vertex 55.8238 44.3385 0.5
      vertex 55.6506 44.304 0.5
    endloop
  endfacet
  facet normal 0 0 -1
    outer loop
      vertex 55.8238 44.3385 0.5
      vertex 55.5 45.5 0.5
      vertex 55.8916 45.4743 0.5
    endloop
  endfacet
  facet normal 0 0 -1
    outer loop
      vertex 55.4834 44.2472 0.5
      vertex 55.5 45.5 0.5
      vertex 55.6506 44.304 0.5
    endloop
  endfacet
  facet normal 0 0 -1
    outer loop
      vertex 55.325 44.1691 0.5
      vertex 55.5 45.5 0.5
      vertex 55.4834 44.2472 0.5
    endloop
  endfacet
  facet normal 0 0 -1
    outer loop
      vertex 55.1782 44.071 0.5
      vertex 55.5 45.5 0.5
      vertex 55.325 44.1691 0.5
    endloop
  endfacet
  facet normal 0 0 -1
    outer loop
      vertex 55.0454 43.9546 0.5
      vertex 55.5 45.5 0.5
      vertex 55.1782 44.071 0.5
    endloop
  endfacet
  facet normal 0 0 -1
    outer loop
      vertex 54.929 43.8218 0.5
      vertex 55.5 45.5 0.5
      vertex 55.0454 43.9546 0.5
    endloop
  endfacet
  facet normal 0 0 -1
    outer loop
      vertex 54.8309 43.675 0.5
      vertex 55.5 45.5 0.5
      vertex 54.929 43.8218 0.5
    endloop
  endfacet
  facet normal 0 0 -1
    outer loop
      vertex 54.7528 43.5166 0.5
      vertex 55.5 45.5 0.5
      vertex 54.8309 43.675 0.5
    endloop
  endfacet
  facet normal -0 0 -1
    outer loop
      vertex 55.1782 41.929 0.5
      vertex 49.8284 36.8284 0.5
      vertex 55.0454 42.0454 0.5
    endloop
  endfacet
  facet normal -0 0 -1
    outer loop
      vertex 55.0454 42.0454 0.5
      vertex 49.8284 36.8284 0.5
      vertex 54.929 42.1782 0.5
    endloop
  endfacet
  facet normal 0 0 -1
    outer loop
      vertex 49.435 37.1734 0.5
      vertex 54.929 42.1782 0.5
      vertex 49.8284 36.8284 0.5
    endloop
  endfacet
  facet normal -0 0 -1
    outer loop
      vertex 54.929 42.1782 0.5
      vertex 49.435 37.1734 0.5
      vertex 54.8309 42.325 0.5
    endloop
  endfacet
  facet normal 0 0 -1
    outer loop
      vertex 49 37.4641 0.5
      vertex 54.8309 42.325 0.5
      vertex 49.435 37.1734 0.5
    endloop
  endfacet
  facet normal -0 0 -1
    outer loop
      vertex 54.8309 42.325 0.5
      vertex 49 37.4641 0.5
      vertex 54.7528 42.4834 0.5
    endloop
  endfacet
  facet normal -0 0 -1
    outer loop
      vertex 54.7528 42.4834 0.5
      vertex 49 37.4641 0.5
      vertex 54.696 42.6506 0.5
    endloop
  endfacet
  facet normal 0 0 -1
    outer loop
      vertex 48.5307 37.6955 0.5
      vertex 54.696 42.6506 0.5
      vertex 49 37.4641 0.5
    endloop
  endfacet
  facet normal -0 0 -1
    outer loop
      vertex 54.696 42.6506 0.5
      vertex 48.5307 37.6955 0.5
      vertex 54.6615 42.8238 0.5
    endloop
  endfacet
  facet normal 0 0 -1
    outer loop
      vertex 48.0353 37.8637 0.5
      vertex 54.6615 42.8238 0.5
      vertex 48.5307 37.6955 0.5
    endloop
  endfacet
  facet normal -0 0 -1
    outer loop
      vertex 54.6615 42.8238 0.5
      vertex 48.0353 37.8637 0.5
      vertex 54.65 43 0.5
    endloop
  endfacet
  facet normal -0 0 -1
    outer loop
      vertex 54.65 43 0.5
      vertex 48.0353 37.8637 0.5
      vertex 54.6615 43.1762 0.5
    endloop
  endfacet
  facet normal 0 0 -1
    outer loop
      vertex 47.5221 37.9658 0.5
      vertex 54.6615 43.1762 0.5
      vertex 48.0353 37.8637 0.5
    endloop
  endfacet
  facet normal -0 0 -1
    outer loop
      vertex 54.6615 43.1762 0.5
      vertex 47.5221 37.9658 0.5
      vertex 54.696 43.3494 0.5
    endloop
  endfacet
  facet normal 0 0 -1
    outer loop
      vertex 47 38 0.5
      vertex 54.696 43.3494 0.5
      vertex 47.5221 37.9658 0.5
    endloop
  endfacet
  facet normal -0 0 -1
    outer loop
      vertex 54.696 43.3494 0.5
      vertex 47 38 0.5
      vertex 54.7528 43.5166 0.5
    endloop
  endfacet
  facet normal 0 0 -1
    outer loop
      vertex 46.4779 37.9658 0.5
      vertex 54.7528 43.5166 0.5
      vertex 47 38 0.5
    endloop
  endfacet
  facet normal -0 0 -1
    outer loop
      vertex 54.7528 43.5166 0.5
      vertex 46.4779 37.9658 0.5
      vertex 55.5 45.5 0.5
    endloop
  endfacet
  facet normal 0 0 -1
    outer loop
      vertex 45.9647 37.8637 0.5
      vertex 55.5 45.5 0.5
      vertex 46.4779 37.9658 0.5
    endloop
  endfacet
  facet normal 0 0 -1
    outer loop
      vertex 45.4693 37.6955 0.5
      vertex 55.5 45.5 0.5
      vertex 45.9647 37.8637 0.5
    endloop
  endfacet
  facet normal 0 0 -1
    outer loop
      vertex 45 37.4641 0.5
      vertex 55.5 45.5 0.5
      vertex 45.4693 37.6955 0.5
    endloop
  endfacet
  facet normal 0 0 -1
    outer loop
      vertex -45 37.4641 0.5
      vertex 45 37.4641 0.5
      vertex 44.565 37.1734 0.5
    endloop
  endfacet
  facet normal 0 0 -1
    outer loop
      vertex -4 5.5 0.5
      vertex 43.0342 34.5221 0.5
      vertex 43 34 0.5
    endloop
  endfacet
  facet normal 0 0 -1
    outer loop
      vertex -4 5.5 0.5
      vertex 43.1363 35.0353 0.5
      vertex 43.0342 34.5221 0.5
    endloop
  endfacet
  facet normal 0 0 -1
    outer loop
      vertex -4 5.5 0.5
      vertex 43.3045 35.5307 0.5
      vertex 43.1363 35.0353 0.5
    endloop
  endfacet
  facet normal 0 0 -1
    outer loop
      vertex -43.3045 35.5307 0.5
      vertex 43.3045 35.5307 0.5
      vertex -4 5.5 0.5
    endloop
  endfacet
  facet normal 0 0 -1
    outer loop
      vertex 43.3045 35.5307 0.5
      vertex -43.3045 35.5307 0.5
      vertex 43.5359 36 0.5
    endloop
  endfacet
  facet normal 0 0 -1
    outer loop
      vertex -43.5359 36 0.5
      vertex 43.5359 36 0.5
      vertex -43.3045 35.5307 0.5
    endloop
  endfacet
  facet normal 0 0 -1
    outer loop
      vertex 43.5359 36 0.5
      vertex -43.5359 36 0.5
      vertex 43.8266 36.435 0.5
    endloop
  endfacet
  facet normal 0 0 -1
    outer loop
      vertex -43.8266 36.435 0.5
      vertex 43.8266 36.435 0.5
      vertex -43.5359 36 0.5
    endloop
  endfacet
  facet normal 0 0 -1
    outer loop
      vertex -26.1871 -17.5665 0.5
      vertex -4 2 0.5
      vertex -26.1443 -17.7814 0.5
    endloop
  endfacet
  facet normal 0 0 -1
    outer loop
      vertex -26.2575 -17.359 0.5
      vertex -4 2 0.5
      vertex -26.1871 -17.5665 0.5
    endloop
  endfacet
  facet normal 0 0 -1
    outer loop
      vertex -26.3544 -17.1625 0.5
      vertex -4 2 0.5
      vertex -26.2575 -17.359 0.5
    endloop
  endfacet
  facet normal 0 0 -1
    outer loop
      vertex -26.4761 -16.9803 0.5
      vertex -4 2 0.5
      vertex -26.3544 -17.1625 0.5
    endloop
  endfacet
  facet normal 0 0 -1
    outer loop
      vertex -26.6206 -16.8156 0.5
      vertex -4 2 0.5
      vertex -26.4761 -16.9803 0.5
    endloop
  endfacet
  facet normal 0 0 -1
    outer loop
      vertex -26.7853 -16.6711 0.5
      vertex -4 2 0.5
      vertex -26.6206 -16.8156 0.5
    endloop
  endfacet
  facet normal 0 0 -1
    outer loop
      vertex -26.9675 -16.5494 0.5
      vertex -4 2 0.5
      vertex -26.7853 -16.6711 0.5
    endloop
  endfacet
  facet normal 0 0 -1
    outer loop
      vertex -27.164 -16.4525 0.5
      vertex -4 2 0.5
      vertex -26.9675 -16.5494 0.5
    endloop
  endfacet
  facet normal 0 0 -1
    outer loop
      vertex -27.3715 -16.3821 0.5
      vertex -4 2 0.5
      vertex -27.164 -16.4525 0.5
    endloop
  endfacet
  facet normal 0 0 -1
    outer loop
      vertex -27.5864 -16.3393 0.5
      vertex -4 2 0.5
      vertex -27.3715 -16.3821 0.5
    endloop
  endfacet
  facet normal -0 0 -1
    outer loop
      vertex -4 2 0.5
      vertex -27.5864 -16.3393 0.5
      vertex -4 5.5 0.5
    endloop
  endfacet
  facet normal 0 0 -1
    outer loop
      vertex -27.805 -16.325 0.5
      vertex -4 5.5 0.5
      vertex -27.5864 -16.3393 0.5
    endloop
  endfacet
  facet normal 0 0 -1
    outer loop
      vertex -35 -15 0.5
      vertex -27.805 -16.325 0.5
      vertex -28.0236 -16.3393 0.5
    endloop
  endfacet
  facet normal 0 0 -1
    outer loop
      vertex -35 -15 0.5
      vertex -28.0236 -16.3393 0.5
      vertex -28.2385 -16.3821 0.5
    endloop
  endfacet
  facet normal 0 0 -1
    outer loop
      vertex -35 -15 0.5
      vertex -28.2385 -16.3821 0.5
      vertex -28.446 -16.4525 0.5
    endloop
  endfacet
  facet normal 0 0 -1
    outer loop
      vertex -35 -15 0.5
      vertex -28.446 -16.4525 0.5
      vertex -28.6425 -16.5494 0.5
    endloop
  endfacet
  facet normal 0 0 -1
    outer loop
      vertex -35 -15 0.5
      vertex -28.6425 -16.5494 0.5
      vertex -28.8247 -16.6711 0.5
    endloop
  endfacet
  facet normal 0 0 -1
    outer loop
      vertex -35 -15 0.5
      vertex -28.8247 -16.6711 0.5
      vertex -28.9894 -16.8156 0.5
    endloop
  endfacet
  facet normal 0 0 -1
    outer loop
      vertex -35 -20 0.5
      vertex -29.4657 -17.7814 0.5
      vertex -29.48 -18 0.5
    endloop
  endfacet
  facet normal 0 0 -1
    outer loop
      vertex -35 -15 0.5
      vertex -29.4657 -17.7814 0.5
      vertex -35 -20 0.5
    endloop
  endfacet
  facet normal 0 0 -1
    outer loop
      vertex -29.4657 -17.7814 0.5
      vertex -35 -15 0.5
      vertex -29.4229 -17.5665 0.5
    endloop
  endfacet
  facet normal 0 0 -1
    outer loop
      vertex -29.4229 -17.5665 0.5
      vertex -35 -15 0.5
      vertex -29.3525 -17.359 0.5
    endloop
  endfacet
  facet normal 0 0 -1
    outer loop
      vertex -29.3525 -17.359 0.5
      vertex -35 -15 0.5
      vertex -29.2556 -17.1625 0.5
    endloop
  endfacet
  facet normal 0 0 -1
    outer loop
      vertex -29.2556 -17.1625 0.5
      vertex -35 -15 0.5
      vertex -29.1339 -16.9803 0.5
    endloop
  endfacet
  facet normal 0 0 -1
    outer loop
      vertex -29.1339 -16.9803 0.5
      vertex -35 -15 0.5
      vertex -28.9894 -16.8156 0.5
    endloop
  endfacet
  facet normal 0 0 -1
    outer loop
      vertex -27.805 -16.325 0.5
      vertex -35 -15 0.5
      vertex -4 5.5 0.5
    endloop
  endfacet
  facet normal 0 0 -1
    outer loop
      vertex -44.565 30.8266 0.5
      vertex -4 5.5 0.5
      vertex -35 -15 0.5
    endloop
  endfacet
  facet normal 0 0 -1
    outer loop
      vertex -43.0342 34.5221 0.5
      vertex -4 5.5 0.5
      vertex -43 34 0.5
    endloop
  endfacet
  facet normal 0 0 -1
    outer loop
      vertex -43.1363 35.0353 0.5
      vertex -4 5.5 0.5
      vertex -43.0342 34.5221 0.5
    endloop
  endfacet
  facet normal 0 0 -1
    outer loop
      vertex -43.3045 35.5307 0.5
      vertex -4 5.5 0.5
      vertex -43.1363 35.0353 0.5
    endloop
  endfacet
  facet normal 0 0 -1
    outer loop
      vertex 43.8266 36.435 0.5
      vertex -43.8266 36.435 0.5
      vertex 44.1716 36.8284 0.5
    endloop
  endfacet
  facet normal 0 0 -1
    outer loop
      vertex -44.1716 36.8284 0.5
      vertex 44.1716 36.8284 0.5
      vertex -43.8266 36.435 0.5
    endloop
  endfacet
  facet normal 0 0 -1
    outer loop
      vertex 44.1716 36.8284 0.5
      vertex -44.1716 36.8284 0.5
      vertex 44.565 37.1734 0.5
    endloop
  endfacet
  facet normal 0 0 -1
    outer loop
      vertex -44.565 37.1734 0.5
      vertex 44.565 37.1734 0.5
      vertex -44.1716 36.8284 0.5
    endloop
  endfacet
  facet normal 0 0 -1
    outer loop
      vertex -45 37.4641 0.5
      vertex 44.565 37.1734 0.5
      vertex -44.565 37.1734 0.5
    endloop
  endfacet
  facet normal 0 0 -1
    outer loop
      vertex 45 37.4641 0.5
      vertex -45 37.4641 0.5
      vertex 55.5 45.5 0.5
    endloop
  endfacet
  facet normal 0 0 -1
    outer loop
      vertex -55.5 45.5 0.5
      vertex -45 37.4641 0.5
      vertex -45.4693 37.6955 0.5
    endloop
  endfacet
  facet normal 0 0 -1
    outer loop
      vertex -55.5 45.5 0.5
      vertex -45.4693 37.6955 0.5
      vertex -45.9647 37.8637 0.5
    endloop
  endfacet
  facet normal 0 0 -1
    outer loop
      vertex -55.5 45.5 0.5
      vertex -45.9647 37.8637 0.5
      vertex -46.4779 37.9658 0.5
    endloop
  endfacet
  facet normal 0 0 -1
    outer loop
      vertex -54.7528 43.5166 0.5
      vertex -46.4779 37.9658 0.5
      vertex -47 38 0.5
    endloop
  endfacet
  facet normal 0 0 -1
    outer loop
      vertex -54.696 43.3494 0.5
      vertex -47 38 0.5
      vertex -47.5221 37.9658 0.5
    endloop
  endfacet
  facet normal 0 0 -1
    outer loop
      vertex -50.9658 33.4779 0.5
      vertex -54.65 43 0.5
      vertex -51 34 0.5
    endloop
  endfacet
  facet normal 0 0 -1
    outer loop
      vertex -54.65 43 0.5
      vertex -50.9658 34.5221 0.5
      vertex -51 34 0.5
    endloop
  endfacet
  facet normal 0 0 -1
    outer loop
      vertex -54.65 43 0.5
      vertex -50.8637 35.0353 0.5
      vertex -50.9658 34.5221 0.5
    endloop
  endfacet
  facet normal 0 0 -1
    outer loop
      vertex -54.65 43 0.5
      vertex -50.6955 35.5307 0.5
      vertex -50.8637 35.0353 0.5
    endloop
  endfacet
  facet normal 0 0 -1
    outer loop
      vertex -54.65 43 0.5
      vertex -50.4641 36 0.5
      vertex -50.6955 35.5307 0.5
    endloop
  endfacet
  facet normal 0 0 -1
    outer loop
      vertex -54.65 43 0.5
      vertex -50.1734 36.435 0.5
      vertex -50.4641 36 0.5
    endloop
  endfacet
  facet normal 0 0 -1
    outer loop
      vertex -54.65 43 0.5
      vertex -49.8284 36.8284 0.5
      vertex -50.1734 36.435 0.5
    endloop
  endfacet
  facet normal 0 0 -1
    outer loop
      vertex -54.65 43 0.5
      vertex -49.435 37.1734 0.5
      vertex -49.8284 36.8284 0.5
    endloop
  endfacet
  facet normal 0 0 -1
    outer loop
      vertex -54.65 43 0.5
      vertex -49 37.4641 0.5
      vertex -49.435 37.1734 0.5
    endloop
  endfacet
  facet normal 0 0 -1
    outer loop
      vertex -54.65 43 0.5
      vertex -48.5307 37.6955 0.5
      vertex -49 37.4641 0.5
    endloop
  endfacet
  facet normal 0 0 -1
    outer loop
      vertex -54.65 43 0.5
      vertex -48.0353 37.8637 0.5
      vertex -48.5307 37.6955 0.5
    endloop
  endfacet
  facet normal 0 0 -1
    outer loop
      vertex -54.6615 43.1762 0.5
      vertex -48.0353 37.8637 0.5
      vertex -54.65 43 0.5
    endloop
  endfacet
  facet normal 0 0 -1
    outer loop
      vertex -48.0353 37.8637 0.5
      vertex -54.6615 43.1762 0.5
      vertex -47.5221 37.9658 0.5
    endloop
  endfacet
  facet normal 0 0 -1
    outer loop
      vertex -54.696 43.3494 0.5
      vertex -47.5221 37.9658 0.5
      vertex -54.6615 43.1762 0.5
    endloop
  endfacet
  facet normal 0 0 -1
    outer loop
      vertex -47 38 0.5
      vertex -54.696 43.3494 0.5
      vertex -54.7528 43.5166 0.5
    endloop
  endfacet
  facet normal 0 0 -1
    outer loop
      vertex -46.4779 37.9658 0.5
      vertex -54.7528 43.5166 0.5
      vertex -55.5 45.5 0.5
    endloop
  endfacet
  facet normal 0 0 -1
    outer loop
      vertex -55.5 45.5 0.5
      vertex -54.7528 43.5166 0.5
      vertex -54.8309 43.675 0.5
    endloop
  endfacet
  facet normal 0 0 -1
    outer loop
      vertex -55.5 45.5 0.5
      vertex -54.8309 43.675 0.5
      vertex -54.929 43.8218 0.5
    endloop
  endfacet
  facet normal 0 0 -1
    outer loop
      vertex -55.5 45.5 0.5
      vertex -54.929 43.8218 0.5
      vertex -55.0454 43.9546 0.5
    endloop
  endfacet
  facet normal 0 0 -1
    outer loop
      vertex -55.5 45.5 0.5
      vertex -55.0454 43.9546 0.5
      vertex -55.1782 44.071 0.5
    endloop
  endfacet
  facet normal 0 0 -1
    outer loop
      vertex -55.5 45.5 0.5
      vertex -55.1782 44.071 0.5
      vertex -55.325 44.1691 0.5
    endloop
  endfacet
  facet normal 0 0 -1
    outer loop
      vertex -55.5 45.5 0.5
      vertex -55.325 44.1691 0.5
      vertex -55.4834 44.2472 0.5
    endloop
  endfacet
  facet normal 0 0 -1
    outer loop
      vertex -45 37.4641 0.5
      vertex -55.5 45.5 0.5
      vertex 55.5 45.5 0.5
    endloop
  endfacet
  facet normal 0 0 -1
    outer loop
      vertex -55.6506 44.304 0.5
      vertex -55.5 45.5 0.5
      vertex -55.4834 44.2472 0.5
    endloop
  endfacet
  facet normal 0 0 -1
    outer loop
      vertex -55.8238 44.3385 0.5
      vertex -55.5 45.5 0.5
      vertex -55.6506 44.304 0.5
    endloop
  endfacet
  facet normal 0 0 -1
    outer loop
      vertex -55.8238 44.3385 0.5
      vertex -55.8916 45.4743 0.5
      vertex -55.5 45.5 0.5
    endloop
  endfacet
  facet normal 0 0 -1
    outer loop
      vertex -56 44.35 0.5
      vertex -55.8916 45.4743 0.5
      vertex -55.8238 44.3385 0.5
    endloop
  endfacet
  facet normal 0 0 -1
    outer loop
      vertex -56.2765 45.3978 0.5
      vertex -56 44.35 0.5
      vertex -56.1762 44.3385 0.5
    endloop
  endfacet
  facet normal 0 0 -1
    outer loop
      vertex -56 44.35 0.5
      vertex -56.2765 45.3978 0.5
      vertex -55.8916 45.4743 0.5
    endloop
  endfacet
  facet normal 0 0 -1
    outer loop
      vertex -56.6481 45.2716 0.5
      vertex -56.1762 44.3385 0.5
      vertex -56.3494 44.304 0.5
    endloop
  endfacet
  facet normal 0 0 -1
    outer loop
      vertex -56.6481 45.2716 0.5
      vertex -56.3494 44.304 0.5
      vertex -56.5166 44.2472 0.5
    endloop
  endfacet
  facet normal 0 0 -1
    outer loop
      vertex -56.1762 44.3385 0.5
      vertex -56.6481 45.2716 0.5
      vertex -56.2765 45.3978 0.5
    endloop
  endfacet
  facet normal 0 0 -1
    outer loop
      vertex -57 45.0981 0.5
      vertex -56.5166 44.2472 0.5
      vertex -56.675 44.1691 0.5
    endloop
  endfacet
  facet normal 0 0 -1
    outer loop
      vertex -57.3263 44.8801 0.5
      vertex -56.675 44.1691 0.5
      vertex -56.8218 44.071 0.5
    endloop
  endfacet
  facet normal 0 0 -1
    outer loop
      vertex -57.6213 44.6213 0.5
      vertex -56.8218 44.071 0.5
      vertex -56.9546 43.9546 0.5
    endloop
  endfacet
  facet normal 0 0 -1
    outer loop
      vertex -56.5166 44.2472 0.5
      vertex -57 45.0981 0.5
      vertex -56.6481 45.2716 0.5
    endloop
  endfacet
  facet normal 0 0 -1
    outer loop
      vertex -57.6213 44.6213 0.5
      vertex -56.9546 43.9546 0.5
      vertex -57.071 43.8218 0.5
    endloop
  endfacet
  facet normal 0 0 -1
    outer loop
      vertex -57.8801 44.3263 0.5
      vertex -57.071 43.8218 0.5
      vertex -57.1691 43.675 0.5
    endloop
  endfacet
  facet normal 0 0 -1
    outer loop
      vertex -58.0981 44 0.5
      vertex -57.1691 43.675 0.5
      vertex -57.2472 43.5166 0.5
    endloop
  endfacet
  facet normal 0 0 -1
    outer loop
      vertex -58.2716 43.6481 0.5
      vertex -57.2472 43.5166 0.5
      vertex -57.304 43.3494 0.5
    endloop
  endfacet
  facet normal 0 0 -1
    outer loop
      vertex -56.675 44.1691 0.5
      vertex -57.3263 44.8801 0.5
      vertex -57 45.0981 0.5
    endloop
  endfacet
  facet normal 0 0 -1
    outer loop
      vertex -58.2716 43.6481 0.5
      vertex -57.304 43.3494 0.5
      vertex -57.3385 43.1762 0.5
    endloop
  endfacet
  facet normal 0 0 -1
    outer loop
      vertex -58.3978 43.2765 0.5
      vertex -57.3385 43.1762 0.5
      vertex -57.35 43 0.5
    endloop
  endfacet
  facet normal 0 0 -1
    outer loop
      vertex -56.8218 44.071 0.5
      vertex -57.6213 44.6213 0.5
      vertex -57.3263 44.8801 0.5
    endloop
  endfacet
  facet normal -0 0 -1
    outer loop
      vertex -57.304 42.6506 0.5
      vertex -58.5 42.5 0.5
      vertex -57.3385 42.8238 0.5
    endloop
  endfacet
  facet normal -0 0 -1
    outer loop
      vertex -57.304 -43.3494 0.5
      vertex -58.2716 -43.6481 0.5
      vertex -57.3385 -43.1762 0.5
    endloop
  endfacet
  facet normal 0 -0 -1
    outer loop
      vertex -58.4743 42.8916 0.5
      vertex -57.3385 42.8238 0.5
      vertex -58.5 42.5 0.5
    endloop
  endfacet
  facet normal 0 0 -1
    outer loop
      vertex -58.3978 -43.2765 0.5
      vertex -57.3385 -43.1762 0.5
      vertex -58.2716 -43.6481 0.5
    endloop
  endfacet
  facet normal 0 0 -1
    outer loop
      vertex -57.3385 42.8238 0.5
      vertex -58.4743 42.8916 0.5
      vertex -57.35 43 0.5
    endloop
  endfacet
  facet normal -0 0 -1
    outer loop
      vertex -57.3385 -43.1762 0.5
      vertex -58.3978 -43.2765 0.5
      vertex -57.35 -43 0.5
    endloop
  endfacet
  facet normal 0 0 -1
    outer loop
      vertex -57.071 43.8218 0.5
      vertex -57.8801 44.3263 0.5
      vertex -57.6213 44.6213 0.5
    endloop
  endfacet
  facet normal 0 0 -1
    outer loop
      vertex -58.4743 -42.8916 0.5
      vertex -57.35 -43 0.5
      vertex -58.3978 -43.2765 0.5
    endloop
  endfacet
  facet normal 0 0 -1
    outer loop
      vertex -57.1691 43.675 0.5
      vertex -58.0981 44 0.5
      vertex -57.8801 44.3263 0.5
    endloop
  endfacet
  facet normal -0 0 -1
    outer loop
      vertex -57.3385 -42.8238 0.5
      vertex -58.4743 -42.8916 0.5
      vertex -58.5 -42.5 0.5
    endloop
  endfacet
  facet normal 0 0 -1
    outer loop
      vertex -57.2472 43.5166 0.5
      vertex -58.2716 43.6481 0.5
      vertex -58.0981 44 0.5
    endloop
  endfacet
  facet normal 0 0 -1
    outer loop
      vertex -57.3385 43.1762 0.5
      vertex -58.3978 43.2765 0.5
      vertex -58.2716 43.6481 0.5
    endloop
  endfacet
  facet normal -0 0 -1
    outer loop
      vertex -57.35 43 0.5
      vertex -58.4743 42.8916 0.5
      vertex -58.3978 43.2765 0.5
    endloop
  endfacet
  facet normal -0 0 -1
    outer loop
      vertex 45.4693 30.3045 0.5
      vertex 44 5.5 0.5
      vertex 45 30.5359 0.5
    endloop
  endfacet
  facet normal -0 0 -1
    outer loop
      vertex 45 30.5359 0.5
      vertex 44 5.5 0.5
      vertex 44.565 30.8266 0.5
    endloop
  endfacet
  facet normal -0 0 -1
    outer loop
      vertex 44.565 30.8266 0.5
      vertex 44 5.5 0.5
      vertex 44.1716 31.1716 0.5
    endloop
  endfacet
  facet normal 0 0 -1
    outer loop
      vertex 44 5.5 0.5
      vertex 43.8266 31.565 0.5
      vertex 44.1716 31.1716 0.5
    endloop
  endfacet
  facet normal 0 0 -1
    outer loop
      vertex 44 5.5 0.5
      vertex 43.5359 32 0.5
      vertex 43.8266 31.565 0.5
    endloop
  endfacet
  facet normal 0 0 -1
    outer loop
      vertex -4 5.5 0.5
      vertex 43.5359 32 0.5
      vertex 44 5.5 0.5
    endloop
  endfacet
  facet normal -0 0 -1
    outer loop
      vertex 43.5359 32 0.5
      vertex -4 5.5 0.5
      vertex 43.3045 32.4693 0.5
    endloop
  endfacet
  facet normal -0 0 -1
    outer loop
      vertex 43.3045 32.4693 0.5
      vertex -4 5.5 0.5
      vertex 43.1363 32.9647 0.5
    endloop
  endfacet
  facet normal -0 0 -1
    outer loop
      vertex 43.1363 32.9647 0.5
      vertex -4 5.5 0.5
      vertex 43.0342 33.4779 0.5
    endloop
  endfacet
  facet normal -0 0 -1
    outer loop
      vertex 43.0342 33.4779 0.5
      vertex -4 5.5 0.5
      vertex 43 34 0.5
    endloop
  endfacet
  facet normal -0.195354 -0.980733 0
    outer loop
      vertex -55.8238 -41.6615 0.5
      vertex -55.6506 -41.696 2.9
      vertex -55.8238 -41.6615 2.9
    endloop
  endfacet
  facet normal -0.195354 -0.980733 -0
    outer loop
      vertex -55.6506 -41.696 2.9
      vertex -55.8238 -41.6615 0.5
      vertex -55.6506 -41.696 0.5
    endloop
  endfacet
  facet normal -0.980733 -0.195354 0
    outer loop
      vertex -54.6615 -42.8238 0.5
      vertex -54.696 -42.6506 2.9
      vertex -54.696 -42.6506 0.5
    endloop
  endfacet
  facet normal -0.980733 -0.195354 0
    outer loop
      vertex -54.696 -42.6506 2.9
      vertex -54.6615 -42.8238 0.5
      vertex -54.6615 -42.8238 2.9
    endloop
  endfacet
  facet normal -0.997877 -0.0651282 0
    outer loop
      vertex -54.65 -43 0.5
      vertex -54.6615 -42.8238 2.9
      vertex -54.6615 -42.8238 0.5
    endloop
  endfacet
  facet normal -0.997877 -0.0651282 0
    outer loop
      vertex -54.6615 -42.8238 2.9
      vertex -54.65 -43 0.5
      vertex -54.65 -43 2.9
    endloop
  endfacet
  facet normal -0.946856 -0.321659 0
    outer loop
      vertex -54.696 -42.6506 0.5
      vertex -54.7528 -42.4834 2.9
      vertex -54.7528 -42.4834 0.5
    endloop
  endfacet
  facet normal -0.946856 -0.321659 0
    outer loop
      vertex -54.7528 -42.4834 2.9
      vertex -54.696 -42.6506 0.5
      vertex -54.696 -42.6506 2.9
    endloop
  endfacet
  facet normal -0.83144 -0.555615 0
    outer loop
      vertex -54.8309 -42.325 0.5
      vertex -54.929 -42.1782 2.9
      vertex -54.929 -42.1782 0.5
    endloop
  endfacet
  facet normal -0.83144 -0.555615 0
    outer loop
      vertex -54.929 -42.1782 2.9
      vertex -54.8309 -42.325 0.5
      vertex -54.8309 -42.325 2.9
    endloop
  endfacet
  facet normal -0.321659 -0.946856 0
    outer loop
      vertex -55.6506 -41.696 0.5
      vertex -55.4834 -41.7528 2.9
      vertex -55.6506 -41.696 2.9
    endloop
  endfacet
  facet normal -0.321659 -0.946856 -0
    outer loop
      vertex -55.4834 -41.7528 2.9
      vertex -55.6506 -41.696 0.5
      vertex -55.4834 -41.7528 0.5
    endloop
  endfacet
  facet normal 0.980733 0.195354 0
    outer loop
      vertex -57.304 -43.3494 2.9
      vertex -57.3385 -43.1762 0.5
      vertex -57.3385 -43.1762 2.9
    endloop
  endfacet
  facet normal 0.980733 0.195354 0
    outer loop
      vertex -57.3385 -43.1762 0.5
      vertex -57.304 -43.3494 2.9
      vertex -57.304 -43.3494 0.5
    endloop
  endfacet
  facet normal -0.997877 0.0651282 0
    outer loop
      vertex -54.6615 -43.1762 0.5
      vertex -54.65 -43 2.9
      vertex -54.65 -43 0.5
    endloop
  endfacet
  facet normal -0.997877 0.0651282 0
    outer loop
      vertex -54.65 -43 2.9
      vertex -54.6615 -43.1762 0.5
      vertex -54.6615 -43.1762 2.9
    endloop
  endfacet
  facet normal 0.555615 0.83144 -0
    outer loop
      vertex -56.675 -44.1691 0.5
      vertex -56.8218 -44.071 2.9
      vertex -56.675 -44.1691 2.9
    endloop
  endfacet
  facet normal 0.555615 0.83144 0
    outer loop
      vertex -56.8218 -44.071 2.9
      vertex -56.675 -44.1691 0.5
      vertex -56.8218 -44.071 0.5
    endloop
  endfacet
  facet normal 0.997877 0.0651282 0
    outer loop
      vertex -57.3385 -43.1762 2.9
      vertex -57.35 -43 0.5
      vertex -57.35 -43 2.9
    endloop
  endfacet
  facet normal 0.997877 0.0651282 0
    outer loop
      vertex -57.35 -43 0.5
      vertex -57.3385 -43.1762 2.9
      vertex -57.3385 -43.1762 0.5
    endloop
  endfacet
  facet normal 0.321659 0.946856 -0
    outer loop
      vertex -56.3494 -44.304 0.5
      vertex -56.5166 -44.2472 2.9
      vertex -56.3494 -44.304 2.9
    endloop
  endfacet
  facet normal 0.321659 0.946856 0
    outer loop
      vertex -56.5166 -44.2472 2.9
      vertex -56.3494 -44.304 0.5
      vertex -56.5166 -44.2472 0.5
    endloop
  endfacet
  facet normal -0.896905 -0.442224 0
    outer loop
      vertex -54.7528 -42.4834 0.5
      vertex -54.8309 -42.325 2.9
      vertex -54.8309 -42.325 0.5
    endloop
  endfacet
  facet normal -0.896905 -0.442224 0
    outer loop
      vertex -54.8309 -42.325 2.9
      vertex -54.7528 -42.4834 0.5
      vertex -54.7528 -42.4834 2.9
    endloop
  endfacet
  facet normal -0.752015 -0.659146 0
    outer loop
      vertex -54.929 -42.1782 0.5
      vertex -55.0454 -42.0454 2.9
      vertex -55.0454 -42.0454 0.5
    endloop
  endfacet
  facet normal -0.752015 -0.659146 0
    outer loop
      vertex -55.0454 -42.0454 2.9
      vertex -54.929 -42.1782 0.5
      vertex -54.929 -42.1782 2.9
    endloop
  endfacet
  facet normal -0.946856 0.321659 0
    outer loop
      vertex -54.7528 -43.5166 0.5
      vertex -54.696 -43.3494 2.9
      vertex -54.696 -43.3494 0.5
    endloop
  endfacet
  facet normal -0.946856 0.321659 0
    outer loop
      vertex -54.696 -43.3494 2.9
      vertex -54.7528 -43.5166 0.5
      vertex -54.7528 -43.5166 2.9
    endloop
  endfacet
  facet normal 0.752015 0.659146 0
    outer loop
      vertex -56.9546 -43.9546 2.9
      vertex -57.071 -43.8218 0.5
      vertex -57.071 -43.8218 2.9
    endloop
  endfacet
  facet normal 0.752015 0.659146 0
    outer loop
      vertex -57.071 -43.8218 0.5
      vertex -56.9546 -43.9546 2.9
      vertex -56.9546 -43.9546 0.5
    endloop
  endfacet
  facet normal -0.980733 0.195354 0
    outer loop
      vertex -54.696 -43.3494 0.5
      vertex -54.6615 -43.1762 2.9
      vertex -54.6615 -43.1762 0.5
    endloop
  endfacet
  facet normal -0.980733 0.195354 0
    outer loop
      vertex -54.6615 -43.1762 2.9
      vertex -54.696 -43.3494 0.5
      vertex -54.696 -43.3494 2.9
    endloop
  endfacet
  facet normal -0.0651282 0.997877 0
    outer loop
      vertex -55.8238 -44.3385 0.5
      vertex -56 -44.35 2.9
      vertex -55.8238 -44.3385 2.9
    endloop
  endfacet
  facet normal -0.0651282 0.997877 0
    outer loop
      vertex -56 -44.35 2.9
      vertex -55.8238 -44.3385 0.5
      vertex -56 -44.35 0.5
    endloop
  endfacet
  facet normal 0.946856 0.321659 0
    outer loop
      vertex -57.2472 -43.5166 2.9
      vertex -57.304 -43.3494 0.5
      vertex -57.304 -43.3494 2.9
    endloop
  endfacet
  facet normal 0.946856 0.321659 0
    outer loop
      vertex -57.304 -43.3494 0.5
      vertex -57.2472 -43.5166 2.9
      vertex -57.2472 -43.5166 0.5
    endloop
  endfacet
  facet normal -0.83144 0.555615 0
    outer loop
      vertex -54.929 -43.8218 0.5
      vertex -54.8309 -43.675 2.9
      vertex -54.8309 -43.675 0.5
    endloop
  endfacet
  facet normal -0.83144 0.555615 0
    outer loop
      vertex -54.8309 -43.675 2.9
      vertex -54.929 -43.8218 0.5
      vertex -54.929 -43.8218 2.9
    endloop
  endfacet
  facet normal -0.442224 -0.896905 0
    outer loop
      vertex -55.4834 -41.7528 0.5
      vertex -55.325 -41.8309 2.9
      vertex -55.4834 -41.7528 2.9
    endloop
  endfacet
  facet normal -0.442224 -0.896905 -0
    outer loop
      vertex -55.325 -41.8309 2.9
      vertex -55.4834 -41.7528 0.5
      vertex -55.325 -41.8309 0.5
    endloop
  endfacet
  facet normal 0.442224 -0.896905 0
    outer loop
      vertex -56.675 -41.8309 0.5
      vertex -56.5166 -41.7528 2.9
      vertex -56.675 -41.8309 2.9
    endloop
  endfacet
  facet normal 0.442224 -0.896905 0
    outer loop
      vertex -56.5166 -41.7528 2.9
      vertex -56.675 -41.8309 0.5
      vertex -56.5166 -41.7528 0.5
    endloop
  endfacet
  facet normal -0.442224 0.896905 0
    outer loop
      vertex -55.325 -44.1691 0.5
      vertex -55.4834 -44.2472 2.9
      vertex -55.325 -44.1691 2.9
    endloop
  endfacet
  facet normal -0.442224 0.896905 0
    outer loop
      vertex -55.4834 -44.2472 2.9
      vertex -55.325 -44.1691 0.5
      vertex -55.4834 -44.2472 0.5
    endloop
  endfacet
  facet normal -0.321659 0.946856 0
    outer loop
      vertex -55.4834 -44.2472 0.5
      vertex -55.6506 -44.304 2.9
      vertex -55.4834 -44.2472 2.9
    endloop
  endfacet
  facet normal -0.321659 0.946856 0
    outer loop
      vertex -55.6506 -44.304 2.9
      vertex -55.4834 -44.2472 0.5
      vertex -55.6506 -44.304 0.5
    endloop
  endfacet
  facet normal 0.195354 0.980733 -0
    outer loop
      vertex -56.1762 -44.3385 0.5
      vertex -56.3494 -44.304 2.9
      vertex -56.1762 -44.3385 2.9
    endloop
  endfacet
  facet normal 0.195354 0.980733 0
    outer loop
      vertex -56.3494 -44.304 2.9
      vertex -56.1762 -44.3385 0.5
      vertex -56.3494 -44.304 0.5
    endloop
  endfacet
  facet normal 0.946856 -0.321659 0
    outer loop
      vertex -57.304 -42.6506 2.9
      vertex -57.2472 -42.4834 0.5
      vertex -57.2472 -42.4834 2.9
    endloop
  endfacet
  facet normal 0.946856 -0.321659 0
    outer loop
      vertex -57.2472 -42.4834 0.5
      vertex -57.304 -42.6506 2.9
      vertex -57.304 -42.6506 0.5
    endloop
  endfacet
  facet normal 0.195354 -0.980733 0
    outer loop
      vertex -56.3494 -41.696 0.5
      vertex -56.1762 -41.6615 2.9
      vertex -56.3494 -41.696 2.9
    endloop
  endfacet
  facet normal 0.195354 -0.980733 0
    outer loop
      vertex -56.1762 -41.6615 2.9
      vertex -56.3494 -41.696 0.5
      vertex -56.1762 -41.6615 0.5
    endloop
  endfacet
  facet normal 0.555615 -0.83144 0
    outer loop
      vertex -56.8218 -41.929 0.5
      vertex -56.675 -41.8309 2.9
      vertex -56.8218 -41.929 2.9
    endloop
  endfacet
  facet normal 0.555615 -0.83144 0
    outer loop
      vertex -56.675 -41.8309 2.9
      vertex -56.8218 -41.929 0.5
      vertex -56.675 -41.8309 0.5
    endloop
  endfacet
  facet normal -0.555615 0.83144 0
    outer loop
      vertex -55.1782 -44.071 0.5
      vertex -55.325 -44.1691 2.9
      vertex -55.1782 -44.071 2.9
    endloop
  endfacet
  facet normal -0.555615 0.83144 0
    outer loop
      vertex -55.325 -44.1691 2.9
      vertex -55.1782 -44.071 0.5
      vertex -55.325 -44.1691 0.5
    endloop
  endfacet
  facet normal -0.195354 0.980733 0
    outer loop
      vertex -55.6506 -44.304 0.5
      vertex -55.8238 -44.3385 2.9
      vertex -55.6506 -44.304 2.9
    endloop
  endfacet
  facet normal -0.195354 0.980733 0
    outer loop
      vertex -55.8238 -44.3385 2.9
      vertex -55.6506 -44.304 0.5
      vertex -55.8238 -44.3385 0.5
    endloop
  endfacet
  facet normal 0.896905 -0.442224 0
    outer loop
      vertex -57.2472 -42.4834 2.9
      vertex -57.1691 -42.325 0.5
      vertex -57.1691 -42.325 2.9
    endloop
  endfacet
  facet normal 0.896905 -0.442224 0
    outer loop
      vertex -57.1691 -42.325 0.5
      vertex -57.2472 -42.4834 2.9
      vertex -57.2472 -42.4834 0.5
    endloop
  endfacet
  facet normal -0.659146 -0.752015 0
    outer loop
      vertex -55.1782 -41.929 0.5
      vertex -55.0454 -42.0454 2.9
      vertex -55.1782 -41.929 2.9
    endloop
  endfacet
  facet normal -0.659146 -0.752015 -0
    outer loop
      vertex -55.0454 -42.0454 2.9
      vertex -55.1782 -41.929 0.5
      vertex -55.0454 -42.0454 0.5
    endloop
  endfacet
  facet normal 0.83144 -0.555615 0
    outer loop
      vertex -57.1691 -42.325 2.9
      vertex -57.071 -42.1782 0.5
      vertex -57.071 -42.1782 2.9
    endloop
  endfacet
  facet normal 0.83144 -0.555615 0
    outer loop
      vertex -57.071 -42.1782 0.5
      vertex -57.1691 -42.325 2.9
      vertex -57.1691 -42.325 0.5
    endloop
  endfacet
  facet normal 0.0651282 0.997877 -0
    outer loop
      vertex -56 -44.35 0.5
      vertex -56.1762 -44.3385 2.9
      vertex -56 -44.35 2.9
    endloop
  endfacet
  facet normal 0.0651282 0.997877 0
    outer loop
      vertex -56.1762 -44.3385 2.9
      vertex -56 -44.35 0.5
      vertex -56.1762 -44.3385 0.5
    endloop
  endfacet
  facet normal 0.0651282 -0.997877 0
    outer loop
      vertex -56.1762 -41.6615 0.5
      vertex -56 -41.65 2.9
      vertex -56.1762 -41.6615 2.9
    endloop
  endfacet
  facet normal 0.0651282 -0.997877 0
    outer loop
      vertex -56 -41.65 2.9
      vertex -56.1762 -41.6615 0.5
      vertex -56 -41.65 0.5
    endloop
  endfacet
  facet normal 0.659146 -0.752015 0
    outer loop
      vertex -56.9546 -42.0454 0.5
      vertex -56.8218 -41.929 2.9
      vertex -56.9546 -42.0454 2.9
    endloop
  endfacet
  facet normal 0.659146 -0.752015 0
    outer loop
      vertex -56.8218 -41.929 2.9
      vertex -56.9546 -42.0454 0.5
      vertex -56.8218 -41.929 0.5
    endloop
  endfacet
  facet normal 0.659146 0.752015 -0
    outer loop
      vertex -56.8218 -44.071 0.5
      vertex -56.9546 -43.9546 2.9
      vertex -56.8218 -44.071 2.9
    endloop
  endfacet
  facet normal 0.659146 0.752015 0
    outer loop
      vertex -56.9546 -43.9546 2.9
      vertex -56.8218 -44.071 0.5
      vertex -56.9546 -43.9546 0.5
    endloop
  endfacet
  facet normal 0.752015 -0.659146 0
    outer loop
      vertex -57.071 -42.1782 2.9
      vertex -56.9546 -42.0454 0.5
      vertex -56.9546 -42.0454 2.9
    endloop
  endfacet
  facet normal 0.752015 -0.659146 0
    outer loop
      vertex -56.9546 -42.0454 0.5
      vertex -57.071 -42.1782 2.9
      vertex -57.071 -42.1782 0.5
    endloop
  endfacet
  facet normal -0.752015 0.659146 0
    outer loop
      vertex -55.0454 -43.9546 0.5
      vertex -54.929 -43.8218 2.9
      vertex -54.929 -43.8218 0.5
    endloop
  endfacet
  facet normal -0.752015 0.659146 0
    outer loop
      vertex -54.929 -43.8218 2.9
      vertex -55.0454 -43.9546 0.5
      vertex -55.0454 -43.9546 2.9
    endloop
  endfacet
  facet normal -0.896905 0.442224 0
    outer loop
      vertex -54.8309 -43.675 0.5
      vertex -54.7528 -43.5166 2.9
      vertex -54.7528 -43.5166 0.5
    endloop
  endfacet
  facet normal -0.896905 0.442224 0
    outer loop
      vertex -54.7528 -43.5166 2.9
      vertex -54.8309 -43.675 0.5
      vertex -54.8309 -43.675 2.9
    endloop
  endfacet
  facet normal 0.980733 -0.195354 0
    outer loop
      vertex -57.3385 -42.8238 2.9
      vertex -57.304 -42.6506 0.5
      vertex -57.304 -42.6506 2.9
    endloop
  endfacet
  facet normal 0.980733 -0.195354 0
    outer loop
      vertex -57.304 -42.6506 0.5
      vertex -57.3385 -42.8238 2.9
      vertex -57.3385 -42.8238 0.5
    endloop
  endfacet
  facet normal -0.0651282 -0.997877 0
    outer loop
      vertex -56 -41.65 0.5
      vertex -55.8238 -41.6615 2.9
      vertex -56 -41.65 2.9
    endloop
  endfacet
  facet normal -0.0651282 -0.997877 -0
    outer loop
      vertex -55.8238 -41.6615 2.9
      vertex -56 -41.65 0.5
      vertex -55.8238 -41.6615 0.5
    endloop
  endfacet
  facet normal -0.555615 -0.83144 0
    outer loop
      vertex -55.325 -41.8309 0.5
      vertex -55.1782 -41.929 2.9
      vertex -55.325 -41.8309 2.9
    endloop
  endfacet
  facet normal -0.555615 -0.83144 -0
    outer loop
      vertex -55.1782 -41.929 2.9
      vertex -55.325 -41.8309 0.5
      vertex -55.1782 -41.929 0.5
    endloop
  endfacet
  facet normal 0.321659 -0.946856 0
    outer loop
      vertex -56.5166 -41.7528 0.5
      vertex -56.3494 -41.696 2.9
      vertex -56.5166 -41.7528 2.9
    endloop
  endfacet
  facet normal 0.321659 -0.946856 0
    outer loop
      vertex -56.3494 -41.696 2.9
      vertex -56.5166 -41.7528 0.5
      vertex -56.3494 -41.696 0.5
    endloop
  endfacet
  facet normal 0.997877 -0.0651282 0
    outer loop
      vertex -57.35 -43 2.9
      vertex -57.3385 -42.8238 0.5
      vertex -57.3385 -42.8238 2.9
    endloop
  endfacet
  facet normal 0.997877 -0.0651282 0
    outer loop
      vertex -57.3385 -42.8238 0.5
      vertex -57.35 -43 2.9
      vertex -57.35 -43 0.5
    endloop
  endfacet
  facet normal 0.442224 0.896905 -0
    outer loop
      vertex -56.5166 -44.2472 0.5
      vertex -56.675 -44.1691 2.9
      vertex -56.5166 -44.2472 2.9
    endloop
  endfacet
  facet normal 0.442224 0.896905 0
    outer loop
      vertex -56.675 -44.1691 2.9
      vertex -56.5166 -44.2472 0.5
      vertex -56.675 -44.1691 0.5
    endloop
  endfacet
  facet normal -0.659146 0.752015 0
    outer loop
      vertex -55.0454 -43.9546 0.5
      vertex -55.1782 -44.071 2.9
      vertex -55.0454 -43.9546 2.9
    endloop
  endfacet
  facet normal -0.659146 0.752015 0
    outer loop
      vertex -55.1782 -44.071 2.9
      vertex -55.0454 -43.9546 0.5
      vertex -55.1782 -44.071 0.5
    endloop
  endfacet
  facet normal 0.83144 0.555615 0
    outer loop
      vertex -57.071 -43.8218 2.9
      vertex -57.1691 -43.675 0.5
      vertex -57.1691 -43.675 2.9
    endloop
  endfacet
  facet normal 0.83144 0.555615 0
    outer loop
      vertex -57.1691 -43.675 0.5
      vertex -57.071 -43.8218 2.9
      vertex -57.071 -43.8218 0.5
    endloop
  endfacet
  facet normal 0.896905 0.442224 0
    outer loop
      vertex -57.1691 -43.675 2.9
      vertex -57.2472 -43.5166 0.5
      vertex -57.2472 -43.5166 2.9
    endloop
  endfacet
  facet normal 0.896905 0.442224 0
    outer loop
      vertex -57.2472 -43.5166 0.5
      vertex -57.1691 -43.675 2.9
      vertex -57.1691 -43.675 0.5
    endloop
  endfacet
  facet normal -0.896905 0.442224 0
    outer loop
      vertex 57.1691 -43.675 0.5
      vertex 57.2472 -43.5166 2.9
      vertex 57.2472 -43.5166 0.5
    endloop
  endfacet
  facet normal -0.896905 0.442224 0
    outer loop
      vertex 57.2472 -43.5166 2.9
      vertex 57.1691 -43.675 0.5
      vertex 57.1691 -43.675 2.9
    endloop
  endfacet
  facet normal -0.195354 0.980733 0
    outer loop
      vertex 56.3494 -44.304 0.5
      vertex 56.1762 -44.3385 2.9
      vertex 56.3494 -44.304 2.9
    endloop
  endfacet
  facet normal -0.195354 0.980733 0
    outer loop
      vertex 56.1762 -44.3385 2.9
      vertex 56.3494 -44.304 0.5
      vertex 56.1762 -44.3385 0.5
    endloop
  endfacet
  facet normal -0.896905 -0.442224 0
    outer loop
      vertex 57.2472 -42.4834 0.5
      vertex 57.1691 -42.325 2.9
      vertex 57.1691 -42.325 0.5
    endloop
  endfacet
  facet normal -0.896905 -0.442224 0
    outer loop
      vertex 57.1691 -42.325 2.9
      vertex 57.2472 -42.4834 0.5
      vertex 57.2472 -42.4834 2.9
    endloop
  endfacet
  facet normal 0.980733 -0.195354 0
    outer loop
      vertex 54.6615 -42.8238 2.9
      vertex 54.696 -42.6506 0.5
      vertex 54.696 -42.6506 2.9
    endloop
  endfacet
  facet normal 0.980733 -0.195354 0
    outer loop
      vertex 54.696 -42.6506 0.5
      vertex 54.6615 -42.8238 2.9
      vertex 54.6615 -42.8238 0.5
    endloop
  endfacet
  facet normal 0.659146 0.752015 -0
    outer loop
      vertex 55.1782 -44.071 0.5
      vertex 55.0454 -43.9546 2.9
      vertex 55.1782 -44.071 2.9
    endloop
  endfacet
  facet normal 0.659146 0.752015 0
    outer loop
      vertex 55.0454 -43.9546 2.9
      vertex 55.1782 -44.071 0.5
      vertex 55.0454 -43.9546 0.5
    endloop
  endfacet
  facet normal -0.752015 -0.659146 0
    outer loop
      vertex 57.071 -42.1782 0.5
      vertex 56.9546 -42.0454 2.9
      vertex 56.9546 -42.0454 0.5
    endloop
  endfacet
  facet normal -0.752015 -0.659146 0
    outer loop
      vertex 56.9546 -42.0454 2.9
      vertex 57.071 -42.1782 0.5
      vertex 57.071 -42.1782 2.9
    endloop
  endfacet
  facet normal -0.752015 0.659146 0
    outer loop
      vertex 56.9546 -43.9546 0.5
      vertex 57.071 -43.8218 2.9
      vertex 57.071 -43.8218 0.5
    endloop
  endfacet
  facet normal -0.752015 0.659146 0
    outer loop
      vertex 57.071 -43.8218 2.9
      vertex 56.9546 -43.9546 0.5
      vertex 56.9546 -43.9546 2.9
    endloop
  endfacet
  facet normal 0.195354 -0.980733 0
    outer loop
      vertex 55.6506 -41.696 0.5
      vertex 55.8238 -41.6615 2.9
      vertex 55.6506 -41.696 2.9
    endloop
  endfacet
  facet normal 0.195354 -0.980733 0
    outer loop
      vertex 55.8238 -41.6615 2.9
      vertex 55.6506 -41.696 0.5
      vertex 55.8238 -41.6615 0.5
    endloop
  endfacet
  facet normal 0.997877 -0.0651282 0
    outer loop
      vertex 54.65 -43 2.9
      vertex 54.6615 -42.8238 0.5
      vertex 54.6615 -42.8238 2.9
    endloop
  endfacet
  facet normal 0.997877 -0.0651282 0
    outer loop
      vertex 54.6615 -42.8238 0.5
      vertex 54.65 -43 2.9
      vertex 54.65 -43 0.5
    endloop
  endfacet
  facet normal 0.752015 -0.659146 0
    outer loop
      vertex 54.929 -42.1782 2.9
      vertex 55.0454 -42.0454 0.5
      vertex 55.0454 -42.0454 2.9
    endloop
  endfacet
  facet normal 0.752015 -0.659146 0
    outer loop
      vertex 55.0454 -42.0454 0.5
      vertex 54.929 -42.1782 2.9
      vertex 54.929 -42.1782 0.5
    endloop
  endfacet
  facet normal 0.555615 -0.83144 0
    outer loop
      vertex 55.1782 -41.929 0.5
      vertex 55.325 -41.8309 2.9
      vertex 55.1782 -41.929 2.9
    endloop
  endfacet
  facet normal 0.555615 -0.83144 0
    outer loop
      vertex 55.325 -41.8309 2.9
      vertex 55.1782 -41.929 0.5
      vertex 55.325 -41.8309 0.5
    endloop
  endfacet
  facet normal 0.83144 -0.555615 0
    outer loop
      vertex 54.8309 -42.325 2.9
      vertex 54.929 -42.1782 0.5
      vertex 54.929 -42.1782 2.9
    endloop
  endfacet
  facet normal 0.83144 -0.555615 0
    outer loop
      vertex 54.929 -42.1782 0.5
      vertex 54.8309 -42.325 2.9
      vertex 54.8309 -42.325 0.5
    endloop
  endfacet
  facet normal -0.997877 0.0651282 0
    outer loop
      vertex 57.3385 -43.1762 0.5
      vertex 57.35 -43 2.9
      vertex 57.35 -43 0.5
    endloop
  endfacet
  facet normal -0.997877 0.0651282 0
    outer loop
      vertex 57.35 -43 2.9
      vertex 57.3385 -43.1762 0.5
      vertex 57.3385 -43.1762 2.9
    endloop
  endfacet
  facet normal -0.980733 -0.195354 0
    outer loop
      vertex 57.3385 -42.8238 0.5
      vertex 57.304 -42.6506 2.9
      vertex 57.304 -42.6506 0.5
    endloop
  endfacet
  facet normal -0.980733 -0.195354 0
    outer loop
      vertex 57.304 -42.6506 2.9
      vertex 57.3385 -42.8238 0.5
      vertex 57.3385 -42.8238 2.9
    endloop
  endfacet
  facet normal -0.0651282 -0.997877 0
    outer loop
      vertex 56 -41.65 0.5
      vertex 56.1762 -41.6615 2.9
      vertex 56 -41.65 2.9
    endloop
  endfacet
  facet normal -0.0651282 -0.997877 -0
    outer loop
      vertex 56.1762 -41.6615 2.9
      vertex 56 -41.65 0.5
      vertex 56.1762 -41.6615 0.5
    endloop
  endfacet
  facet normal 0.0651282 -0.997877 0
    outer loop
      vertex 55.8238 -41.6615 0.5
      vertex 56 -41.65 2.9
      vertex 55.8238 -41.6615 2.9
    endloop
  endfacet
  facet normal 0.0651282 -0.997877 0
    outer loop
      vertex 56 -41.65 2.9
      vertex 55.8238 -41.6615 0.5
      vertex 56 -41.65 0.5
    endloop
  endfacet
  facet normal 0.83144 0.555615 0
    outer loop
      vertex 54.929 -43.8218 2.9
      vertex 54.8309 -43.675 0.5
      vertex 54.8309 -43.675 2.9
    endloop
  endfacet
  facet normal 0.83144 0.555615 0
    outer loop
      vertex 54.8309 -43.675 0.5
      vertex 54.929 -43.8218 2.9
      vertex 54.929 -43.8218 0.5
    endloop
  endfacet
  facet normal -0.442224 0.896905 0
    outer loop
      vertex 56.675 -44.1691 0.5
      vertex 56.5166 -44.2472 2.9
      vertex 56.675 -44.1691 2.9
    endloop
  endfacet
  facet normal -0.442224 0.896905 0
    outer loop
      vertex 56.5166 -44.2472 2.9
      vertex 56.675 -44.1691 0.5
      vertex 56.5166 -44.2472 0.5
    endloop
  endfacet
  facet normal -0.997877 -0.0651282 0
    outer loop
      vertex 57.35 -43 0.5
      vertex 57.3385 -42.8238 2.9
      vertex 57.3385 -42.8238 0.5
    endloop
  endfacet
  facet normal -0.997877 -0.0651282 0
    outer loop
      vertex 57.3385 -42.8238 2.9
      vertex 57.35 -43 0.5
      vertex 57.35 -43 2.9
    endloop
  endfacet
  facet normal -0.659146 0.752015 0
    outer loop
      vertex 56.9546 -43.9546 0.5
      vertex 56.8218 -44.071 2.9
      vertex 56.9546 -43.9546 2.9
    endloop
  endfacet
  facet normal -0.659146 0.752015 0
    outer loop
      vertex 56.8218 -44.071 2.9
      vertex 56.9546 -43.9546 0.5
      vertex 56.8218 -44.071 0.5
    endloop
  endfacet
  facet normal 0.442224 0.896905 -0
    outer loop
      vertex 55.4834 -44.2472 0.5
      vertex 55.325 -44.1691 2.9
      vertex 55.4834 -44.2472 2.9
    endloop
  endfacet
  facet normal 0.442224 0.896905 0
    outer loop
      vertex 55.325 -44.1691 2.9
      vertex 55.4834 -44.2472 0.5
      vertex 55.325 -44.1691 0.5
    endloop
  endfacet
  facet normal -0.555615 -0.83144 0
    outer loop
      vertex 56.675 -41.8309 0.5
      vertex 56.8218 -41.929 2.9
      vertex 56.675 -41.8309 2.9
    endloop
  endfacet
  facet normal -0.555615 -0.83144 -0
    outer loop
      vertex 56.8218 -41.929 2.9
      vertex 56.675 -41.8309 0.5
      vertex 56.8218 -41.929 0.5
    endloop
  endfacet
  facet normal -0.555615 0.83144 0
    outer loop
      vertex 56.8218 -44.071 0.5
      vertex 56.675 -44.1691 2.9
      vertex 56.8218 -44.071 2.9
    endloop
  endfacet
  facet normal -0.555615 0.83144 0
    outer loop
      vertex 56.675 -44.1691 2.9
      vertex 56.8218 -44.071 0.5
      vertex 56.675 -44.1691 0.5
    endloop
  endfacet
  facet normal -0.946856 0.321659 0
    outer loop
      vertex 57.2472 -43.5166 0.5
      vertex 57.304 -43.3494 2.9
      vertex 57.304 -43.3494 0.5
    endloop
  endfacet
  facet normal -0.946856 0.321659 0
    outer loop
      vertex 57.304 -43.3494 2.9
      vertex 57.2472 -43.5166 0.5
      vertex 57.2472 -43.5166 2.9
    endloop
  endfacet
  facet normal 0.321659 0.946856 -0
    outer loop
      vertex 55.6506 -44.304 0.5
      vertex 55.4834 -44.2472 2.9
      vertex 55.6506 -44.304 2.9
    endloop
  endfacet
  facet normal 0.321659 0.946856 0
    outer loop
      vertex 55.4834 -44.2472 2.9
      vertex 55.6506 -44.304 0.5
      vertex 55.4834 -44.2472 0.5
    endloop
  endfacet
  facet normal -0.0651282 0.997877 0
    outer loop
      vertex 56.1762 -44.3385 0.5
      vertex 56 -44.35 2.9
      vertex 56.1762 -44.3385 2.9
    endloop
  endfacet
  facet normal -0.0651282 0.997877 0
    outer loop
      vertex 56 -44.35 2.9
      vertex 56.1762 -44.3385 0.5
      vertex 56 -44.35 0.5
    endloop
  endfacet
  facet normal -0.946856 -0.321659 0
    outer loop
      vertex 57.304 -42.6506 0.5
      vertex 57.2472 -42.4834 2.9
      vertex 57.2472 -42.4834 0.5
    endloop
  endfacet
  facet normal -0.946856 -0.321659 0
    outer loop
      vertex 57.2472 -42.4834 2.9
      vertex 57.304 -42.6506 0.5
      vertex 57.304 -42.6506 2.9
    endloop
  endfacet
  facet normal 0.946856 -0.321659 0
    outer loop
      vertex 54.696 -42.6506 2.9
      vertex 54.7528 -42.4834 0.5
      vertex 54.7528 -42.4834 2.9
    endloop
  endfacet
  facet normal 0.946856 -0.321659 0
    outer loop
      vertex 54.7528 -42.4834 0.5
      vertex 54.696 -42.6506 2.9
      vertex 54.696 -42.6506 0.5
    endloop
  endfacet
  facet normal 0.321659 -0.946856 0
    outer loop
      vertex 55.4834 -41.7528 0.5
      vertex 55.6506 -41.696 2.9
      vertex 55.4834 -41.7528 2.9
    endloop
  endfacet
  facet normal 0.321659 -0.946856 0
    outer loop
      vertex 55.6506 -41.696 2.9
      vertex 55.4834 -41.7528 0.5
      vertex 55.6506 -41.696 0.5
    endloop
  endfacet
  facet normal -0.83144 -0.555615 0
    outer loop
      vertex 57.1691 -42.325 0.5
      vertex 57.071 -42.1782 2.9
      vertex 57.071 -42.1782 0.5
    endloop
  endfacet
  facet normal -0.83144 -0.555615 0
    outer loop
      vertex 57.071 -42.1782 2.9
      vertex 57.1691 -42.325 0.5
      vertex 57.1691 -42.325 2.9
    endloop
  endfacet
  facet normal -0.321659 -0.946856 0
    outer loop
      vertex 56.3494 -41.696 0.5
      vertex 56.5166 -41.7528 2.9
      vertex 56.3494 -41.696 2.9
    endloop
  endfacet
  facet normal -0.321659 -0.946856 -0
    outer loop
      vertex 56.5166 -41.7528 2.9
      vertex 56.3494 -41.696 0.5
      vertex 56.5166 -41.7528 0.5
    endloop
  endfacet
  facet normal 0.946856 0.321659 0
    outer loop
      vertex 54.7528 -43.5166 2.9
      vertex 54.696 -43.3494 0.5
      vertex 54.696 -43.3494 2.9
    endloop
  endfacet
  facet normal 0.946856 0.321659 0
    outer loop
      vertex 54.696 -43.3494 0.5
      vertex 54.7528 -43.5166 2.9
      vertex 54.7528 -43.5166 0.5
    endloop
  endfacet
  facet normal 0.0651282 0.997877 -0
    outer loop
      vertex 56 -44.35 0.5
      vertex 55.8238 -44.3385 2.9
      vertex 56 -44.35 2.9
    endloop
  endfacet
  facet normal 0.0651282 0.997877 0
    outer loop
      vertex 55.8238 -44.3385 2.9
      vertex 56 -44.35 0.5
      vertex 55.8238 -44.3385 0.5
    endloop
  endfacet
  facet normal -0.83144 0.555615 0
    outer loop
      vertex 57.071 -43.8218 0.5
      vertex 57.1691 -43.675 2.9
      vertex 57.1691 -43.675 0.5
    endloop
  endfacet
  facet normal -0.83144 0.555615 0
    outer loop
      vertex 57.1691 -43.675 2.9
      vertex 57.071 -43.8218 0.5
      vertex 57.071 -43.8218 2.9
    endloop
  endfacet
  facet normal 0.442224 -0.896905 0
    outer loop
      vertex 55.325 -41.8309 0.5
      vertex 55.4834 -41.7528 2.9
      vertex 55.325 -41.8309 2.9
    endloop
  endfacet
  facet normal 0.442224 -0.896905 0
    outer loop
      vertex 55.4834 -41.7528 2.9
      vertex 55.325 -41.8309 0.5
      vertex 55.4834 -41.7528 0.5
    endloop
  endfacet
  facet normal 0.555615 0.83144 -0
    outer loop
      vertex 55.325 -44.1691 0.5
      vertex 55.1782 -44.071 2.9
      vertex 55.325 -44.1691 2.9
    endloop
  endfacet
  facet normal 0.555615 0.83144 0
    outer loop
      vertex 55.1782 -44.071 2.9
      vertex 55.325 -44.1691 0.5
      vertex 55.1782 -44.071 0.5
    endloop
  endfacet
  facet normal -0.980733 0.195354 0
    outer loop
      vertex 57.304 -43.3494 0.5
      vertex 57.3385 -43.1762 2.9
      vertex 57.3385 -43.1762 0.5
    endloop
  endfacet
  facet normal -0.980733 0.195354 0
    outer loop
      vertex 57.3385 -43.1762 2.9
      vertex 57.304 -43.3494 0.5
      vertex 57.304 -43.3494 2.9
    endloop
  endfacet
  facet normal -0.195354 -0.980733 0
    outer loop
      vertex 56.1762 -41.6615 0.5
      vertex 56.3494 -41.696 2.9
      vertex 56.1762 -41.6615 2.9
    endloop
  endfacet
  facet normal -0.195354 -0.980733 -0
    outer loop
      vertex 56.3494 -41.696 2.9
      vertex 56.1762 -41.6615 0.5
      vertex 56.3494 -41.696 0.5
    endloop
  endfacet
  facet normal -0.321659 0.946856 0
    outer loop
      vertex 56.5166 -44.2472 0.5
      vertex 56.3494 -44.304 2.9
      vertex 56.5166 -44.2472 2.9
    endloop
  endfacet
  facet normal -0.321659 0.946856 0
    outer loop
      vertex 56.3494 -44.304 2.9
      vertex 56.5166 -44.2472 0.5
      vertex 56.3494 -44.304 0.5
    endloop
  endfacet
  facet normal 0.752015 0.659146 0
    outer loop
      vertex 55.0454 -43.9546 2.9
      vertex 54.929 -43.8218 0.5
      vertex 54.929 -43.8218 2.9
    endloop
  endfacet
  facet normal 0.752015 0.659146 0
    outer loop
      vertex 54.929 -43.8218 0.5
      vertex 55.0454 -43.9546 2.9
      vertex 55.0454 -43.9546 0.5
    endloop
  endfacet
  facet normal -0.442224 -0.896905 0
    outer loop
      vertex 56.5166 -41.7528 0.5
      vertex 56.675 -41.8309 2.9
      vertex 56.5166 -41.7528 2.9
    endloop
  endfacet
  facet normal -0.442224 -0.896905 -0
    outer loop
      vertex 56.675 -41.8309 2.9
      vertex 56.5166 -41.7528 0.5
      vertex 56.675 -41.8309 0.5
    endloop
  endfacet
  facet normal 0.195354 0.980733 -0
    outer loop
      vertex 55.8238 -44.3385 0.5
      vertex 55.6506 -44.304 2.9
      vertex 55.8238 -44.3385 2.9
    endloop
  endfacet
  facet normal 0.195354 0.980733 0
    outer loop
      vertex 55.6506 -44.304 2.9
      vertex 55.8238 -44.3385 0.5
      vertex 55.6506 -44.304 0.5
    endloop
  endfacet
  facet normal 0.659146 -0.752015 0
    outer loop
      vertex 55.0454 -42.0454 0.5
      vertex 55.1782 -41.929 2.9
      vertex 55.0454 -42.0454 2.9
    endloop
  endfacet
  facet normal 0.659146 -0.752015 0
    outer loop
      vertex 55.1782 -41.929 2.9
      vertex 55.0454 -42.0454 0.5
      vertex 55.1782 -41.929 0.5
    endloop
  endfacet
  facet normal -0.659146 -0.752015 0
    outer loop
      vertex 56.8218 -41.929 0.5
      vertex 56.9546 -42.0454 2.9
      vertex 56.8218 -41.929 2.9
    endloop
  endfacet
  facet normal -0.659146 -0.752015 -0
    outer loop
      vertex 56.9546 -42.0454 2.9
      vertex 56.8218 -41.929 0.5
      vertex 56.9546 -42.0454 0.5
    endloop
  endfacet
  facet normal 0.980733 0.195354 0
    outer loop
      vertex 54.696 -43.3494 2.9
      vertex 54.6615 -43.1762 0.5
      vertex 54.6615 -43.1762 2.9
    endloop
  endfacet
  facet normal 0.980733 0.195354 0
    outer loop
      vertex 54.6615 -43.1762 0.5
      vertex 54.696 -43.3494 2.9
      vertex 54.696 -43.3494 0.5
    endloop
  endfacet
  facet normal 0.997877 0.0651282 0
    outer loop
      vertex 54.6615 -43.1762 2.9
      vertex 54.65 -43 0.5
      vertex 54.65 -43 2.9
    endloop
  endfacet
  facet normal 0.997877 0.0651282 0
    outer loop
      vertex 54.65 -43 0.5
      vertex 54.6615 -43.1762 2.9
      vertex 54.6615 -43.1762 0.5
    endloop
  endfacet
  facet normal 0.896905 -0.442224 0
    outer loop
      vertex 54.7528 -42.4834 2.9
      vertex 54.8309 -42.325 0.5
      vertex 54.8309 -42.325 2.9
    endloop
  endfacet
  facet normal 0.896905 -0.442224 0
    outer loop
      vertex 54.8309 -42.325 0.5
      vertex 54.7528 -42.4834 2.9
      vertex 54.7528 -42.4834 0.5
    endloop
  endfacet
  facet normal 0.896905 0.442224 0
    outer loop
      vertex 54.8309 -43.675 2.9
      vertex 54.7528 -43.5166 0.5
      vertex 54.7528 -43.5166 2.9
    endloop
  endfacet
  facet normal 0.896905 0.442224 0
    outer loop
      vertex 54.7528 -43.5166 0.5
      vertex 54.8309 -43.675 2.9
      vertex 54.8309 -43.675 0.5
    endloop
  endfacet
  facet normal -0.980733 -0.195354 0
    outer loop
      vertex -54.6615 43.1762 0.5
      vertex -54.696 43.3494 2.9
      vertex -54.696 43.3494 0.5
    endloop
  endfacet
  facet normal -0.980733 -0.195354 0
    outer loop
      vertex -54.696 43.3494 2.9
      vertex -54.6615 43.1762 0.5
      vertex -54.6615 43.1762 2.9
    endloop
  endfacet
  facet normal -0.997877 -0.0651282 0
    outer loop
      vertex -54.65 43 0.5
      vertex -54.6615 43.1762 2.9
      vertex -54.6615 43.1762 0.5
    endloop
  endfacet
  facet normal -0.997877 -0.0651282 0
    outer loop
      vertex -54.6615 43.1762 2.9
      vertex -54.65 43 0.5
      vertex -54.65 43 2.9
    endloop
  endfacet
  facet normal -0.946856 -0.321659 0
    outer loop
      vertex -54.696 43.3494 0.5
      vertex -54.7528 43.5166 2.9
      vertex -54.7528 43.5166 0.5
    endloop
  endfacet
  facet normal -0.946856 -0.321659 0
    outer loop
      vertex -54.7528 43.5166 2.9
      vertex -54.696 43.3494 0.5
      vertex -54.696 43.3494 2.9
    endloop
  endfacet
  facet normal -0.83144 -0.555615 0
    outer loop
      vertex -54.8309 43.675 0.5
      vertex -54.929 43.8218 2.9
      vertex -54.929 43.8218 0.5
    endloop
  endfacet
  facet normal -0.83144 -0.555615 0
    outer loop
      vertex -54.929 43.8218 2.9
      vertex -54.8309 43.675 0.5
      vertex -54.8309 43.675 2.9
    endloop
  endfacet
  facet normal 0.946856 0.321659 0
    outer loop
      vertex -57.2472 42.4834 2.9
      vertex -57.304 42.6506 0.5
      vertex -57.304 42.6506 2.9
    endloop
  endfacet
  facet normal 0.946856 0.321659 0
    outer loop
      vertex -57.304 42.6506 0.5
      vertex -57.2472 42.4834 2.9
      vertex -57.2472 42.4834 0.5
    endloop
  endfacet
  facet normal -0.321659 0.946856 0
    outer loop
      vertex -55.4834 41.7528 0.5
      vertex -55.6506 41.696 2.9
      vertex -55.4834 41.7528 2.9
    endloop
  endfacet
  facet normal -0.321659 0.946856 0
    outer loop
      vertex -55.6506 41.696 2.9
      vertex -55.4834 41.7528 0.5
      vertex -55.6506 41.696 0.5
    endloop
  endfacet
  facet normal -0.896905 -0.442224 0
    outer loop
      vertex -54.7528 43.5166 0.5
      vertex -54.8309 43.675 2.9
      vertex -54.8309 43.675 0.5
    endloop
  endfacet
  facet normal -0.896905 -0.442224 0
    outer loop
      vertex -54.8309 43.675 2.9
      vertex -54.7528 43.5166 0.5
      vertex -54.7528 43.5166 2.9
    endloop
  endfacet
  facet normal 0.555615 -0.83144 0
    outer loop
      vertex -56.8218 44.071 0.5
      vertex -56.675 44.1691 2.9
      vertex -56.8218 44.071 2.9
    endloop
  endfacet
  facet normal 0.555615 -0.83144 0
    outer loop
      vertex -56.675 44.1691 2.9
      vertex -56.8218 44.071 0.5
      vertex -56.675 44.1691 0.5
    endloop
  endfacet
  facet normal -0.980733 0.195354 0
    outer loop
      vertex -54.696 42.6506 0.5
      vertex -54.6615 42.8238 2.9
      vertex -54.6615 42.8238 0.5
    endloop
  endfacet
  facet normal -0.980733 0.195354 0
    outer loop
      vertex -54.6615 42.8238 2.9
      vertex -54.696 42.6506 0.5
      vertex -54.696 42.6506 2.9
    endloop
  endfacet
  facet normal -0.321659 -0.946856 0
    outer loop
      vertex -55.6506 44.304 0.5
      vertex -55.4834 44.2472 2.9
      vertex -55.6506 44.304 2.9
    endloop
  endfacet
  facet normal -0.321659 -0.946856 -0
    outer loop
      vertex -55.4834 44.2472 2.9
      vertex -55.6506 44.304 0.5
      vertex -55.4834 44.2472 0.5
    endloop
  endfacet
  facet normal 0.659146 -0.752015 0
    outer loop
      vertex -56.9546 43.9546 0.5
      vertex -56.8218 44.071 2.9
      vertex -56.9546 43.9546 2.9
    endloop
  endfacet
  facet normal 0.659146 -0.752015 0
    outer loop
      vertex -56.8218 44.071 2.9
      vertex -56.9546 43.9546 0.5
      vertex -56.8218 44.071 0.5
    endloop
  endfacet
  facet normal -0.555615 0.83144 0
    outer loop
      vertex -55.1782 41.929 0.5
      vertex -55.325 41.8309 2.9
      vertex -55.1782 41.929 2.9
    endloop
  endfacet
  facet normal -0.555615 0.83144 0
    outer loop
      vertex -55.325 41.8309 2.9
      vertex -55.1782 41.929 0.5
      vertex -55.325 41.8309 0.5
    endloop
  endfacet
  facet normal 0.195354 -0.980733 0
    outer loop
      vertex -56.3494 44.304 0.5
      vertex -56.1762 44.3385 2.9
      vertex -56.3494 44.304 2.9
    endloop
  endfacet
  facet normal 0.195354 -0.980733 0
    outer loop
      vertex -56.1762 44.3385 2.9
      vertex -56.3494 44.304 0.5
      vertex -56.1762 44.3385 0.5
    endloop
  endfacet
  facet normal 0.997877 0.0651282 0
    outer loop
      vertex -57.3385 42.8238 2.9
      vertex -57.35 43 0.5
      vertex -57.35 43 2.9
    endloop
  endfacet
  facet normal 0.997877 0.0651282 0
    outer loop
      vertex -57.35 43 0.5
      vertex -57.3385 42.8238 2.9
      vertex -57.3385 42.8238 0.5
    endloop
  endfacet
  facet normal 0.896905 0.442224 0
    outer loop
      vertex -57.1691 42.325 2.9
      vertex -57.2472 42.4834 0.5
      vertex -57.2472 42.4834 2.9
    endloop
  endfacet
  facet normal 0.896905 0.442224 0
    outer loop
      vertex -57.2472 42.4834 0.5
      vertex -57.1691 42.325 2.9
      vertex -57.1691 42.325 0.5
    endloop
  endfacet
  facet normal -0.0651282 -0.997877 0
    outer loop
      vertex -56 44.35 0.5
      vertex -55.8238 44.3385 2.9
      vertex -56 44.35 2.9
    endloop
  endfacet
  facet normal -0.0651282 -0.997877 -0
    outer loop
      vertex -55.8238 44.3385 2.9
      vertex -56 44.35 0.5
      vertex -55.8238 44.3385 0.5
    endloop
  endfacet
  facet normal 0.321659 0.946856 -0
    outer loop
      vertex -56.3494 41.696 0.5
      vertex -56.5166 41.7528 2.9
      vertex -56.3494 41.696 2.9
    endloop
  endfacet
  facet normal 0.321659 0.946856 0
    outer loop
      vertex -56.5166 41.7528 2.9
      vertex -56.3494 41.696 0.5
      vertex -56.5166 41.7528 0.5
    endloop
  endfacet
  facet normal -0.195354 0.980733 0
    outer loop
      vertex -55.6506 41.696 0.5
      vertex -55.8238 41.6615 2.9
      vertex -55.6506 41.696 2.9
    endloop
  endfacet
  facet normal -0.195354 0.980733 0
    outer loop
      vertex -55.8238 41.6615 2.9
      vertex -55.6506 41.696 0.5
      vertex -55.8238 41.6615 0.5
    endloop
  endfacet
  facet normal 0.442224 -0.896905 0
    outer loop
      vertex -56.675 44.1691 0.5
      vertex -56.5166 44.2472 2.9
      vertex -56.675 44.1691 2.9
    endloop
  endfacet
  facet normal 0.442224 -0.896905 0
    outer loop
      vertex -56.5166 44.2472 2.9
      vertex -56.675 44.1691 0.5
      vertex -56.5166 44.2472 0.5
    endloop
  endfacet
  facet normal -0.442224 -0.896905 0
    outer loop
      vertex -55.4834 44.2472 0.5
      vertex -55.325 44.1691 2.9
      vertex -55.4834 44.2472 2.9
    endloop
  endfacet
  facet normal -0.442224 -0.896905 -0
    outer loop
      vertex -55.325 44.1691 2.9
      vertex -55.4834 44.2472 0.5
      vertex -55.325 44.1691 0.5
    endloop
  endfacet
  facet normal -0.442224 0.896905 0
    outer loop
      vertex -55.325 41.8309 0.5
      vertex -55.4834 41.7528 2.9
      vertex -55.325 41.8309 2.9
    endloop
  endfacet
  facet normal -0.442224 0.896905 0
    outer loop
      vertex -55.4834 41.7528 2.9
      vertex -55.325 41.8309 0.5
      vertex -55.4834 41.7528 0.5
    endloop
  endfacet
  facet normal 0.980733 0.195354 0
    outer loop
      vertex -57.304 42.6506 2.9
      vertex -57.3385 42.8238 0.5
      vertex -57.3385 42.8238 2.9
    endloop
  endfacet
  facet normal 0.980733 0.195354 0
    outer loop
      vertex -57.3385 42.8238 0.5
      vertex -57.304 42.6506 2.9
      vertex -57.304 42.6506 0.5
    endloop
  endfacet
  facet normal -0.997877 0.0651282 0
    outer loop
      vertex -54.6615 42.8238 0.5
      vertex -54.65 43 2.9
      vertex -54.65 43 0.5
    endloop
  endfacet
  facet normal -0.997877 0.0651282 0
    outer loop
      vertex -54.65 43 2.9
      vertex -54.6615 42.8238 0.5
      vertex -54.6615 42.8238 2.9
    endloop
  endfacet
  facet normal 0.555615 0.83144 -0
    outer loop
      vertex -56.675 41.8309 0.5
      vertex -56.8218 41.929 2.9
      vertex -56.675 41.8309 2.9
    endloop
  endfacet
  facet normal 0.555615 0.83144 0
    outer loop
      vertex -56.8218 41.929 2.9
      vertex -56.675 41.8309 0.5
      vertex -56.8218 41.929 0.5
    endloop
  endfacet
  facet normal -0.752015 0.659146 0
    outer loop
      vertex -55.0454 42.0454 0.5
      vertex -54.929 42.1782 2.9
      vertex -54.929 42.1782 0.5
    endloop
  endfacet
  facet normal -0.752015 0.659146 0
    outer loop
      vertex -54.929 42.1782 2.9
      vertex -55.0454 42.0454 0.5
      vertex -55.0454 42.0454 2.9
    endloop
  endfacet
  facet normal -0.83144 0.555615 0
    outer loop
      vertex -54.929 42.1782 0.5
      vertex -54.8309 42.325 2.9
      vertex -54.8309 42.325 0.5
    endloop
  endfacet
  facet normal -0.83144 0.555615 0
    outer loop
      vertex -54.8309 42.325 2.9
      vertex -54.929 42.1782 0.5
      vertex -54.929 42.1782 2.9
    endloop
  endfacet
  facet normal 0.752015 0.659146 0
    outer loop
      vertex -56.9546 42.0454 2.9
      vertex -57.071 42.1782 0.5
      vertex -57.071 42.1782 2.9
    endloop
  endfacet
  facet normal 0.752015 0.659146 0
    outer loop
      vertex -57.071 42.1782 0.5
      vertex -56.9546 42.0454 2.9
      vertex -56.9546 42.0454 0.5
    endloop
  endfacet
  facet normal 0.752015 -0.659146 0
    outer loop
      vertex -57.071 43.8218 2.9
      vertex -56.9546 43.9546 0.5
      vertex -56.9546 43.9546 2.9
    endloop
  endfacet
  facet normal 0.752015 -0.659146 0
    outer loop
      vertex -56.9546 43.9546 0.5
      vertex -57.071 43.8218 2.9
      vertex -57.071 43.8218 0.5
    endloop
  endfacet
  facet normal 0.83144 -0.555615 0
    outer loop
      vertex -57.1691 43.675 2.9
      vertex -57.071 43.8218 0.5
      vertex -57.071 43.8218 2.9
    endloop
  endfacet
  facet normal 0.83144 -0.555615 0
    outer loop
      vertex -57.071 43.8218 0.5
      vertex -57.1691 43.675 2.9
      vertex -57.1691 43.675 0.5
    endloop
  endfacet
  facet normal -0.946856 0.321659 0
    outer loop
      vertex -54.7528 42.4834 0.5
      vertex -54.696 42.6506 2.9
      vertex -54.696 42.6506 0.5
    endloop
  endfacet
  facet normal -0.946856 0.321659 0
    outer loop
      vertex -54.696 42.6506 2.9
      vertex -54.7528 42.4834 0.5
      vertex -54.7528 42.4834 2.9
    endloop
  endfacet
  facet normal 0.83144 0.555615 0
    outer loop
      vertex -57.071 42.1782 2.9
      vertex -57.1691 42.325 0.5
      vertex -57.1691 42.325 2.9
    endloop
  endfacet
  facet normal 0.83144 0.555615 0
    outer loop
      vertex -57.1691 42.325 0.5
      vertex -57.071 42.1782 2.9
      vertex -57.071 42.1782 0.5
    endloop
  endfacet
  facet normal -0.896905 0.442224 0
    outer loop
      vertex -54.8309 42.325 0.5
      vertex -54.7528 42.4834 2.9
      vertex -54.7528 42.4834 0.5
    endloop
  endfacet
  facet normal -0.896905 0.442224 0
    outer loop
      vertex -54.7528 42.4834 2.9
      vertex -54.8309 42.325 0.5
      vertex -54.8309 42.325 2.9
    endloop
  endfacet
  facet normal 0.195354 0.980733 -0
    outer loop
      vertex -56.1762 41.6615 0.5
      vertex -56.3494 41.696 2.9
      vertex -56.1762 41.6615 2.9
    endloop
  endfacet
  facet normal 0.195354 0.980733 0
    outer loop
      vertex -56.3494 41.696 2.9
      vertex -56.1762 41.6615 0.5
      vertex -56.3494 41.696 0.5
    endloop
  endfacet
  facet normal -0.0651282 0.997877 0
    outer loop
      vertex -55.8238 41.6615 0.5
      vertex -56 41.65 2.9
      vertex -55.8238 41.6615 2.9
    endloop
  endfacet
  facet normal -0.0651282 0.997877 0
    outer loop
      vertex -56 41.65 2.9
      vertex -55.8238 41.6615 0.5
      vertex -56 41.65 0.5
    endloop
  endfacet
  facet normal 0.442224 0.896905 -0
    outer loop
      vertex -56.5166 41.7528 0.5
      vertex -56.675 41.8309 2.9
      vertex -56.5166 41.7528 2.9
    endloop
  endfacet
  facet normal 0.442224 0.896905 0
    outer loop
      vertex -56.675 41.8309 2.9
      vertex -56.5166 41.7528 0.5
      vertex -56.675 41.8309 0.5
    endloop
  endfacet
  facet normal -0.195354 -0.980733 0
    outer loop
      vertex -55.8238 44.3385 0.5
      vertex -55.6506 44.304 2.9
      vertex -55.8238 44.3385 2.9
    endloop
  endfacet
  facet normal -0.195354 -0.980733 -0
    outer loop
      vertex -55.6506 44.304 2.9
      vertex -55.8238 44.3385 0.5
      vertex -55.6506 44.304 0.5
    endloop
  endfacet
  facet normal -0.659146 0.752015 0
    outer loop
      vertex -55.0454 42.0454 0.5
      vertex -55.1782 41.929 2.9
      vertex -55.0454 42.0454 2.9
    endloop
  endfacet
  facet normal -0.659146 0.752015 0
    outer loop
      vertex -55.1782 41.929 2.9
      vertex -55.0454 42.0454 0.5
      vertex -55.1782 41.929 0.5
    endloop
  endfacet
  facet normal -0.555615 -0.83144 0
    outer loop
      vertex -55.325 44.1691 0.5
      vertex -55.1782 44.071 2.9
      vertex -55.325 44.1691 2.9
    endloop
  endfacet
  facet normal -0.555615 -0.83144 -0
    outer loop
      vertex -55.1782 44.071 2.9
      vertex -55.325 44.1691 0.5
      vertex -55.1782 44.071 0.5
    endloop
  endfacet
  facet normal 0.321659 -0.946856 0
    outer loop
      vertex -56.5166 44.2472 0.5
      vertex -56.3494 44.304 2.9
      vertex -56.5166 44.2472 2.9
    endloop
  endfacet
  facet normal 0.321659 -0.946856 0
    outer loop
      vertex -56.3494 44.304 2.9
      vertex -56.5166 44.2472 0.5
      vertex -56.3494 44.304 0.5
    endloop
  endfacet
  facet normal 0.0651282 0.997877 -0
    outer loop
      vertex -56 41.65 0.5
      vertex -56.1762 41.6615 2.9
      vertex -56 41.65 2.9
    endloop
  endfacet
  facet normal 0.0651282 0.997877 0
    outer loop
      vertex -56.1762 41.6615 2.9
      vertex -56 41.65 0.5
      vertex -56.1762 41.6615 0.5
    endloop
  endfacet
  facet normal 0.896905 -0.442224 0
    outer loop
      vertex -57.2472 43.5166 2.9
      vertex -57.1691 43.675 0.5
      vertex -57.1691 43.675 2.9
    endloop
  endfacet
  facet normal 0.896905 -0.442224 0
    outer loop
      vertex -57.1691 43.675 0.5
      vertex -57.2472 43.5166 2.9
      vertex -57.2472 43.5166 0.5
    endloop
  endfacet
  facet normal 0.980733 -0.195354 0
    outer loop
      vertex -57.3385 43.1762 2.9
      vertex -57.304 43.3494 0.5
      vertex -57.304 43.3494 2.9
    endloop
  endfacet
  facet normal 0.980733 -0.195354 0
    outer loop
      vertex -57.304 43.3494 0.5
      vertex -57.3385 43.1762 2.9
      vertex -57.3385 43.1762 0.5
    endloop
  endfacet
  facet normal -0.752015 -0.659146 0
    outer loop
      vertex -54.929 43.8218 0.5
      vertex -55.0454 43.9546 2.9
      vertex -55.0454 43.9546 0.5
    endloop
  endfacet
  facet normal -0.752015 -0.659146 0
    outer loop
      vertex -55.0454 43.9546 2.9
      vertex -54.929 43.8218 0.5
      vertex -54.929 43.8218 2.9
    endloop
  endfacet
  facet normal 0.659146 0.752015 -0
    outer loop
      vertex -56.8218 41.929 0.5
      vertex -56.9546 42.0454 2.9
      vertex -56.8218 41.929 2.9
    endloop
  endfacet
  facet normal 0.659146 0.752015 0
    outer loop
      vertex -56.9546 42.0454 2.9
      vertex -56.8218 41.929 0.5
      vertex -56.9546 42.0454 0.5
    endloop
  endfacet
  facet normal -0.659146 -0.752015 0
    outer loop
      vertex -55.1782 44.071 0.5
      vertex -55.0454 43.9546 2.9
      vertex -55.1782 44.071 2.9
    endloop
  endfacet
  facet normal -0.659146 -0.752015 -0
    outer loop
      vertex -55.0454 43.9546 2.9
      vertex -55.1782 44.071 0.5
      vertex -55.0454 43.9546 0.5
    endloop
  endfacet
  facet normal 0.0651282 -0.997877 0
    outer loop
      vertex -56.1762 44.3385 0.5
      vertex -56 44.35 2.9
      vertex -56.1762 44.3385 2.9
    endloop
  endfacet
  facet normal 0.0651282 -0.997877 0
    outer loop
      vertex -56 44.35 2.9
      vertex -56.1762 44.3385 0.5
      vertex -56 44.35 0.5
    endloop
  endfacet
  facet normal 0.946856 -0.321659 0
    outer loop
      vertex -57.304 43.3494 2.9
      vertex -57.2472 43.5166 0.5
      vertex -57.2472 43.5166 2.9
    endloop
  endfacet
  facet normal 0.946856 -0.321659 0
    outer loop
      vertex -57.2472 43.5166 0.5
      vertex -57.304 43.3494 2.9
      vertex -57.304 43.3494 0.5
    endloop
  endfacet
  facet normal 0.997877 -0.0651282 0
    outer loop
      vertex -57.35 43 2.9
      vertex -57.3385 43.1762 0.5
      vertex -57.3385 43.1762 2.9
    endloop
  endfacet
  facet normal 0.997877 -0.0651282 0
    outer loop
      vertex -57.3385 43.1762 0.5
      vertex -57.35 43 2.9
      vertex -57.35 43 0.5
    endloop
  endfacet
  facet normal -0.997877 -0.0651282 0
    outer loop
      vertex 57.35 43 0.5
      vertex 57.3385 43.1762 2.9
      vertex 57.3385 43.1762 0.5
    endloop
  endfacet
  facet normal -0.997877 -0.0651282 0
    outer loop
      vertex 57.3385 43.1762 2.9
      vertex 57.35 43 0.5
      vertex 57.35 43 2.9
    endloop
  endfacet
  facet normal -0.83144 -0.555615 0
    outer loop
      vertex 57.1691 43.675 0.5
      vertex 57.071 43.8218 2.9
      vertex 57.071 43.8218 0.5
    endloop
  endfacet
  facet normal -0.83144 -0.555615 0
    outer loop
      vertex 57.071 43.8218 2.9
      vertex 57.1691 43.675 0.5
      vertex 57.1691 43.675 2.9
    endloop
  endfacet
  facet normal -0.0651282 0.997877 0
    outer loop
      vertex 56.1762 41.6615 0.5
      vertex 56 41.65 2.9
      vertex 56.1762 41.6615 2.9
    endloop
  endfacet
  facet normal -0.0651282 0.997877 0
    outer loop
      vertex 56 41.65 2.9
      vertex 56.1762 41.6615 0.5
      vertex 56 41.65 0.5
    endloop
  endfacet
  facet normal -0.896905 -0.442224 0
    outer loop
      vertex 57.2472 43.5166 0.5
      vertex 57.1691 43.675 2.9
      vertex 57.1691 43.675 0.5
    endloop
  endfacet
  facet normal -0.896905 -0.442224 0
    outer loop
      vertex 57.1691 43.675 2.9
      vertex 57.2472 43.5166 0.5
      vertex 57.2472 43.5166 2.9
    endloop
  endfacet
  facet normal -0.442224 0.896905 0
    outer loop
      vertex 56.675 41.8309 0.5
      vertex 56.5166 41.7528 2.9
      vertex 56.675 41.8309 2.9
    endloop
  endfacet
  facet normal -0.442224 0.896905 0
    outer loop
      vertex 56.5166 41.7528 2.9
      vertex 56.675 41.8309 0.5
      vertex 56.5166 41.7528 0.5
    endloop
  endfacet
  facet normal -0.555615 -0.83144 0
    outer loop
      vertex 56.675 44.1691 0.5
      vertex 56.8218 44.071 2.9
      vertex 56.675 44.1691 2.9
    endloop
  endfacet
  facet normal -0.555615 -0.83144 -0
    outer loop
      vertex 56.8218 44.071 2.9
      vertex 56.675 44.1691 0.5
      vertex 56.8218 44.071 0.5
    endloop
  endfacet
  facet normal 0.321659 0.946856 -0
    outer loop
      vertex 55.6506 41.696 0.5
      vertex 55.4834 41.7528 2.9
      vertex 55.6506 41.696 2.9
    endloop
  endfacet
  facet normal 0.321659 0.946856 0
    outer loop
      vertex 55.4834 41.7528 2.9
      vertex 55.6506 41.696 0.5
      vertex 55.4834 41.7528 0.5
    endloop
  endfacet
  facet normal -0.752015 0.659146 0
    outer loop
      vertex 56.9546 42.0454 0.5
      vertex 57.071 42.1782 2.9
      vertex 57.071 42.1782 0.5
    endloop
  endfacet
  facet normal -0.752015 0.659146 0
    outer loop
      vertex 57.071 42.1782 2.9
      vertex 56.9546 42.0454 0.5
      vertex 56.9546 42.0454 2.9
    endloop
  endfacet
  facet normal -0.83144 0.555615 0
    outer loop
      vertex 57.071 42.1782 0.5
      vertex 57.1691 42.325 2.9
      vertex 57.1691 42.325 0.5
    endloop
  endfacet
  facet normal -0.83144 0.555615 0
    outer loop
      vertex 57.1691 42.325 2.9
      vertex 57.071 42.1782 0.5
      vertex 57.071 42.1782 2.9
    endloop
  endfacet
  facet normal 0.980733 -0.195354 0
    outer loop
      vertex 54.6615 43.1762 2.9
      vertex 54.696 43.3494 0.5
      vertex 54.696 43.3494 2.9
    endloop
  endfacet
  facet normal 0.980733 -0.195354 0
    outer loop
      vertex 54.696 43.3494 0.5
      vertex 54.6615 43.1762 2.9
      vertex 54.6615 43.1762 0.5
    endloop
  endfacet
  facet normal 0.555615 -0.83144 0
    outer loop
      vertex 55.1782 44.071 0.5
      vertex 55.325 44.1691 2.9
      vertex 55.1782 44.071 2.9
    endloop
  endfacet
  facet normal 0.555615 -0.83144 0
    outer loop
      vertex 55.325 44.1691 2.9
      vertex 55.1782 44.071 0.5
      vertex 55.325 44.1691 0.5
    endloop
  endfacet
  facet normal -0.946856 -0.321659 0
    outer loop
      vertex 57.304 43.3494 0.5
      vertex 57.2472 43.5166 2.9
      vertex 57.2472 43.5166 0.5
    endloop
  endfacet
  facet normal -0.946856 -0.321659 0
    outer loop
      vertex 57.2472 43.5166 2.9
      vertex 57.304 43.3494 0.5
      vertex 57.304 43.3494 2.9
    endloop
  endfacet
  facet normal -0.946856 0.321659 0
    outer loop
      vertex 57.2472 42.4834 0.5
      vertex 57.304 42.6506 2.9
      vertex 57.304 42.6506 0.5
    endloop
  endfacet
  facet normal -0.946856 0.321659 0
    outer loop
      vertex 57.304 42.6506 2.9
      vertex 57.2472 42.4834 0.5
      vertex 57.2472 42.4834 2.9
    endloop
  endfacet
  facet normal 0.0651282 0.997877 -0
    outer loop
      vertex 56 41.65 0.5
      vertex 55.8238 41.6615 2.9
      vertex 56 41.65 2.9
    endloop
  endfacet
  facet normal 0.0651282 0.997877 0
    outer loop
      vertex 55.8238 41.6615 2.9
      vertex 56 41.65 0.5
      vertex 55.8238 41.6615 0.5
    endloop
  endfacet
  facet normal 0.555615 0.83144 -0
    outer loop
      vertex 55.325 41.8309 0.5
      vertex 55.1782 41.929 2.9
      vertex 55.325 41.8309 2.9
    endloop
  endfacet
  facet normal 0.555615 0.83144 0
    outer loop
      vertex 55.1782 41.929 2.9
      vertex 55.325 41.8309 0.5
      vertex 55.1782 41.929 0.5
    endloop
  endfacet
  facet normal 0.659146 -0.752015 0
    outer loop
      vertex 55.0454 43.9546 0.5
      vertex 55.1782 44.071 2.9
      vertex 55.0454 43.9546 2.9
    endloop
  endfacet
  facet normal 0.659146 -0.752015 0
    outer loop
      vertex 55.1782 44.071 2.9
      vertex 55.0454 43.9546 0.5
      vertex 55.1782 44.071 0.5
    endloop
  endfacet
  facet normal -0.555615 0.83144 0
    outer loop
      vertex 56.8218 41.929 0.5
      vertex 56.675 41.8309 2.9
      vertex 56.8218 41.929 2.9
    endloop
  endfacet
  facet normal -0.555615 0.83144 0
    outer loop
      vertex 56.675 41.8309 2.9
      vertex 56.8218 41.929 0.5
      vertex 56.675 41.8309 0.5
    endloop
  endfacet
  facet normal -0.321659 -0.946856 0
    outer loop
      vertex 56.3494 44.304 0.5
      vertex 56.5166 44.2472 2.9
      vertex 56.3494 44.304 2.9
    endloop
  endfacet
  facet normal -0.321659 -0.946856 -0
    outer loop
      vertex 56.5166 44.2472 2.9
      vertex 56.3494 44.304 0.5
      vertex 56.5166 44.2472 0.5
    endloop
  endfacet
  facet normal -0.896905 0.442224 0
    outer loop
      vertex 57.1691 42.325 0.5
      vertex 57.2472 42.4834 2.9
      vertex 57.2472 42.4834 0.5
    endloop
  endfacet
  facet normal -0.896905 0.442224 0
    outer loop
      vertex 57.2472 42.4834 2.9
      vertex 57.1691 42.325 0.5
      vertex 57.1691 42.325 2.9
    endloop
  endfacet
  facet normal -0.980733 -0.195354 0
    outer loop
      vertex 57.3385 43.1762 0.5
      vertex 57.304 43.3494 2.9
      vertex 57.304 43.3494 0.5
    endloop
  endfacet
  facet normal -0.980733 -0.195354 0
    outer loop
      vertex 57.304 43.3494 2.9
      vertex 57.3385 43.1762 0.5
      vertex 57.3385 43.1762 2.9
    endloop
  endfacet
  facet normal 0.946856 0.321659 0
    outer loop
      vertex 54.7528 42.4834 2.9
      vertex 54.696 42.6506 0.5
      vertex 54.696 42.6506 2.9
    endloop
  endfacet
  facet normal 0.946856 0.321659 0
    outer loop
      vertex 54.696 42.6506 0.5
      vertex 54.7528 42.4834 2.9
      vertex 54.7528 42.4834 0.5
    endloop
  endfacet
  facet normal -0.997877 0.0651282 0
    outer loop
      vertex 57.3385 42.8238 0.5
      vertex 57.35 43 2.9
      vertex 57.35 43 0.5
    endloop
  endfacet
  facet normal -0.997877 0.0651282 0
    outer loop
      vertex 57.35 43 2.9
      vertex 57.3385 42.8238 0.5
      vertex 57.3385 42.8238 2.9
    endloop
  endfacet
  facet normal -0.442224 -0.896905 0
    outer loop
      vertex 56.5166 44.2472 0.5
      vertex 56.675 44.1691 2.9
      vertex 56.5166 44.2472 2.9
    endloop
  endfacet
  facet normal -0.442224 -0.896905 -0
    outer loop
      vertex 56.675 44.1691 2.9
      vertex 56.5166 44.2472 0.5
      vertex 56.675 44.1691 0.5
    endloop
  endfacet
  facet normal -0.0651282 -0.997877 0
    outer loop
      vertex 56 44.35 0.5
      vertex 56.1762 44.3385 2.9
      vertex 56 44.35 2.9
    endloop
  endfacet
  facet normal -0.0651282 -0.997877 -0
    outer loop
      vertex 56.1762 44.3385 2.9
      vertex 56 44.35 0.5
      vertex 56.1762 44.3385 0.5
    endloop
  endfacet
  facet normal 0.896905 0.442224 0
    outer loop
      vertex 54.8309 42.325 2.9
      vertex 54.7528 42.4834 0.5
      vertex 54.7528 42.4834 2.9
    endloop
  endfacet
  facet normal 0.896905 0.442224 0
    outer loop
      vertex 54.7528 42.4834 0.5
      vertex 54.8309 42.325 2.9
      vertex 54.8309 42.325 0.5
    endloop
  endfacet
  facet normal -0.321659 0.946856 0
    outer loop
      vertex 56.5166 41.7528 0.5
      vertex 56.3494 41.696 2.9
      vertex 56.5166 41.7528 2.9
    endloop
  endfacet
  facet normal -0.321659 0.946856 0
    outer loop
      vertex 56.3494 41.696 2.9
      vertex 56.5166 41.7528 0.5
      vertex 56.3494 41.696 0.5
    endloop
  endfacet
  facet normal -0.752015 -0.659146 0
    outer loop
      vertex 57.071 43.8218 0.5
      vertex 56.9546 43.9546 2.9
      vertex 56.9546 43.9546 0.5
    endloop
  endfacet
  facet normal -0.752015 -0.659146 0
    outer loop
      vertex 56.9546 43.9546 2.9
      vertex 57.071 43.8218 0.5
      vertex 57.071 43.8218 2.9
    endloop
  endfacet
  facet normal 0.997877 -0.0651282 0
    outer loop
      vertex 54.65 43 2.9
      vertex 54.6615 43.1762 0.5
      vertex 54.6615 43.1762 2.9
    endloop
  endfacet
  facet normal 0.997877 -0.0651282 0
    outer loop
      vertex 54.6615 43.1762 0.5
      vertex 54.65 43 2.9
      vertex 54.65 43 0.5
    endloop
  endfacet
  facet normal 0.752015 0.659146 0
    outer loop
      vertex 55.0454 42.0454 2.9
      vertex 54.929 42.1782 0.5
      vertex 54.929 42.1782 2.9
    endloop
  endfacet
  facet normal 0.752015 0.659146 0
    outer loop
      vertex 54.929 42.1782 0.5
      vertex 55.0454 42.0454 2.9
      vertex 55.0454 42.0454 0.5
    endloop
  endfacet
  facet normal 0.442224 -0.896905 0
    outer loop
      vertex 55.325 44.1691 0.5
      vertex 55.4834 44.2472 2.9
      vertex 55.325 44.1691 2.9
    endloop
  endfacet
  facet normal 0.442224 -0.896905 0
    outer loop
      vertex 55.4834 44.2472 2.9
      vertex 55.325 44.1691 0.5
      vertex 55.4834 44.2472 0.5
    endloop
  endfacet
  facet normal 0.896905 -0.442224 0
    outer loop
      vertex 54.7528 43.5166 2.9
      vertex 54.8309 43.675 0.5
      vertex 54.8309 43.675 2.9
    endloop
  endfacet
  facet normal 0.896905 -0.442224 0
    outer loop
      vertex 54.8309 43.675 0.5
      vertex 54.7528 43.5166 2.9
      vertex 54.7528 43.5166 0.5
    endloop
  endfacet
  facet normal -0.195354 -0.980733 0
    outer loop
      vertex 56.1762 44.3385 0.5
      vertex 56.3494 44.304 2.9
      vertex 56.1762 44.3385 2.9
    endloop
  endfacet
  facet normal -0.195354 -0.980733 -0
    outer loop
      vertex 56.3494 44.304 2.9
      vertex 56.1762 44.3385 0.5
      vertex 56.3494 44.304 0.5
    endloop
  endfacet
  facet normal -0.659146 -0.752015 0
    outer loop
      vertex 56.8218 44.071 0.5
      vertex 56.9546 43.9546 2.9
      vertex 56.8218 44.071 2.9
    endloop
  endfacet
  facet normal -0.659146 -0.752015 -0
    outer loop
      vertex 56.9546 43.9546 2.9
      vertex 56.8218 44.071 0.5
      vertex 56.9546 43.9546 0.5
    endloop
  endfacet
  facet normal -0.659146 0.752015 0
    outer loop
      vertex 56.9546 42.0454 0.5
      vertex 56.8218 41.929 2.9
      vertex 56.9546 42.0454 2.9
    endloop
  endfacet
  facet normal -0.659146 0.752015 0
    outer loop
      vertex 56.8218 41.929 2.9
      vertex 56.9546 42.0454 0.5
      vertex 56.8218 41.929 0.5
    endloop
  endfacet
  facet normal 0.83144 0.555615 0
    outer loop
      vertex 54.929 42.1782 2.9
      vertex 54.8309 42.325 0.5
      vertex 54.8309 42.325 2.9
    endloop
  endfacet
  facet normal 0.83144 0.555615 0
    outer loop
      vertex 54.8309 42.325 0.5
      vertex 54.929 42.1782 2.9
      vertex 54.929 42.1782 0.5
    endloop
  endfacet
  facet normal 0.83144 -0.555615 0
    outer loop
      vertex 54.8309 43.675 2.9
      vertex 54.929 43.8218 0.5
      vertex 54.929 43.8218 2.9
    endloop
  endfacet
  facet normal 0.83144 -0.555615 0
    outer loop
      vertex 54.929 43.8218 0.5
      vertex 54.8309 43.675 2.9
      vertex 54.8309 43.675 0.5
    endloop
  endfacet
  facet normal 0.0651282 -0.997877 0
    outer loop
      vertex 55.8238 44.3385 0.5
      vertex 56 44.35 2.9
      vertex 55.8238 44.3385 2.9
    endloop
  endfacet
  facet normal 0.0651282 -0.997877 0
    outer loop
      vertex 56 44.35 2.9
      vertex 55.8238 44.3385 0.5
      vertex 56 44.35 0.5
    endloop
  endfacet
  facet normal 0.980733 0.195354 0
    outer loop
      vertex 54.696 42.6506 2.9
      vertex 54.6615 42.8238 0.5
      vertex 54.6615 42.8238 2.9
    endloop
  endfacet
  facet normal 0.980733 0.195354 0
    outer loop
      vertex 54.6615 42.8238 0.5
      vertex 54.696 42.6506 2.9
      vertex 54.696 42.6506 0.5
    endloop
  endfacet
  facet normal -0.195354 0.980733 0
    outer loop
      vertex 56.3494 41.696 0.5
      vertex 56.1762 41.6615 2.9
      vertex 56.3494 41.696 2.9
    endloop
  endfacet
  facet normal -0.195354 0.980733 0
    outer loop
      vertex 56.1762 41.6615 2.9
      vertex 56.3494 41.696 0.5
      vertex 56.1762 41.6615 0.5
    endloop
  endfacet
  facet normal 0.195354 -0.980733 0
    outer loop
      vertex 55.6506 44.304 0.5
      vertex 55.8238 44.3385 2.9
      vertex 55.6506 44.304 2.9
    endloop
  endfacet
  facet normal 0.195354 -0.980733 0
    outer loop
      vertex 55.8238 44.3385 2.9
      vertex 55.6506 44.304 0.5
      vertex 55.8238 44.3385 0.5
    endloop
  endfacet
  facet normal 0.946856 -0.321659 0
    outer loop
      vertex 54.696 43.3494 2.9
      vertex 54.7528 43.5166 0.5
      vertex 54.7528 43.5166 2.9
    endloop
  endfacet
  facet normal 0.946856 -0.321659 0
    outer loop
      vertex 54.7528 43.5166 0.5
      vertex 54.696 43.3494 2.9
      vertex 54.696 43.3494 0.5
    endloop
  endfacet
  facet normal 0.752015 -0.659146 0
    outer loop
      vertex 54.929 43.8218 2.9
      vertex 55.0454 43.9546 0.5
      vertex 55.0454 43.9546 2.9
    endloop
  endfacet
  facet normal 0.752015 -0.659146 0
    outer loop
      vertex 55.0454 43.9546 0.5
      vertex 54.929 43.8218 2.9
      vertex 54.929 43.8218 0.5
    endloop
  endfacet
  facet normal 0.321659 -0.946856 0
    outer loop
      vertex 55.4834 44.2472 0.5
      vertex 55.6506 44.304 2.9
      vertex 55.4834 44.2472 2.9
    endloop
  endfacet
  facet normal 0.321659 -0.946856 0
    outer loop
      vertex 55.6506 44.304 2.9
      vertex 55.4834 44.2472 0.5
      vertex 55.6506 44.304 0.5
    endloop
  endfacet
  facet normal 0.195354 0.980733 -0
    outer loop
      vertex 55.8238 41.6615 0.5
      vertex 55.6506 41.696 2.9
      vertex 55.8238 41.6615 2.9
    endloop
  endfacet
  facet normal 0.195354 0.980733 0
    outer loop
      vertex 55.6506 41.696 2.9
      vertex 55.8238 41.6615 0.5
      vertex 55.6506 41.696 0.5
    endloop
  endfacet
  facet normal -0.980733 0.195354 0
    outer loop
      vertex 57.304 42.6506 0.5
      vertex 57.3385 42.8238 2.9
      vertex 57.3385 42.8238 0.5
    endloop
  endfacet
  facet normal -0.980733 0.195354 0
    outer loop
      vertex 57.3385 42.8238 2.9
      vertex 57.304 42.6506 0.5
      vertex 57.304 42.6506 2.9
    endloop
  endfacet
  facet normal 0.659146 0.752015 -0
    outer loop
      vertex 55.1782 41.929 0.5
      vertex 55.0454 42.0454 2.9
      vertex 55.1782 41.929 2.9
    endloop
  endfacet
  facet normal 0.659146 0.752015 0
    outer loop
      vertex 55.0454 42.0454 2.9
      vertex 55.1782 41.929 0.5
      vertex 55.0454 42.0454 0.5
    endloop
  endfacet
  facet normal 0.997877 0.0651282 0
    outer loop
      vertex 54.6615 42.8238 2.9
      vertex 54.65 43 0.5
      vertex 54.65 43 2.9
    endloop
  endfacet
  facet normal 0.997877 0.0651282 0
    outer loop
      vertex 54.65 43 0.5
      vertex 54.6615 42.8238 2.9
      vertex 54.6615 42.8238 0.5
    endloop
  endfacet
  facet normal 0.442224 0.896905 -0
    outer loop
      vertex 55.4834 41.7528 0.5
      vertex 55.325 41.8309 2.9
      vertex 55.4834 41.7528 2.9
    endloop
  endfacet
  facet normal 0.442224 0.896905 0
    outer loop
      vertex 55.325 41.8309 2.9
      vertex 55.4834 41.7528 0.5
      vertex 55.325 41.8309 0.5
    endloop
  endfacet
  facet normal -0.980738 -0.195326 0
    outer loop
      vertex -26.1443 -17.7814 0.5
      vertex -26.1871 -17.5665 2.9
      vertex -26.1871 -17.5665 0.5
    endloop
  endfacet
  facet normal -0.980738 -0.195326 0
    outer loop
      vertex -26.1871 -17.5665 2.9
      vertex -26.1443 -17.7814 0.5
      vertex -26.1443 -17.7814 2.9
    endloop
  endfacet
  facet normal -0.997867 -0.0652768 0
    outer loop
      vertex -26.13 -18 0.5
      vertex -26.1443 -17.7814 2.9
      vertex -26.1443 -17.7814 0.5
    endloop
  endfacet
  facet normal -0.997867 -0.0652768 0
    outer loop
      vertex -26.1443 -17.7814 2.9
      vertex -26.13 -18 0.5
      vertex -26.13 -18 2.9
    endloop
  endfacet
  facet normal 0.946981 -0.321289 0
    outer loop
      vertex -29.4229 -17.5665 2.9
      vertex -29.3525 -17.359 0.5
      vertex -29.3525 -17.359 2.9
    endloop
  endfacet
  facet normal 0.946981 -0.321289 0
    outer loop
      vertex -29.3525 -17.359 0.5
      vertex -29.4229 -17.5665 2.9
      vertex -29.4229 -17.5665 0.5
    endloop
  endfacet
  facet normal 0.659506 -0.7517 0
    outer loop
      vertex -28.9894 -16.8156 0.5
      vertex -28.8247 -16.6711 2.9
      vertex -28.9894 -16.8156 2.9
    endloop
  endfacet
  facet normal 0.659506 -0.7517 0
    outer loop
      vertex -28.8247 -16.6711 2.9
      vertex -28.9894 -16.8156 0.5
      vertex -28.8247 -16.6711 0.5
    endloop
  endfacet
  facet normal -0.442277 -0.896878 0
    outer loop
      vertex -27.164 -16.4525 0.5
      vertex -26.9675 -16.5494 2.9
      vertex -27.164 -16.4525 2.9
    endloop
  endfacet
  facet normal -0.442277 -0.896878 -0
    outer loop
      vertex -26.9675 -16.5494 2.9
      vertex -27.164 -16.4525 0.5
      vertex -26.9675 -16.5494 0.5
    endloop
  endfacet
  facet normal -0.195326 0.980738 0
    outer loop
      vertex -27.3715 -19.6179 0.5
      vertex -27.5864 -19.6607 2.9
      vertex -27.3715 -19.6179 2.9
    endloop
  endfacet
  facet normal -0.195326 0.980738 0
    outer loop
      vertex -27.5864 -19.6607 2.9
      vertex -27.3715 -19.6179 0.5
      vertex -27.5864 -19.6607 0.5
    endloop
  endfacet
  facet normal 0.896878 -0.442277 0
    outer loop
      vertex -29.3525 -17.359 2.9
      vertex -29.2556 -17.1625 0.5
      vertex -29.2556 -17.1625 2.9
    endloop
  endfacet
  facet normal 0.896878 -0.442277 0
    outer loop
      vertex -29.2556 -17.1625 0.5
      vertex -29.3525 -17.359 2.9
      vertex -29.3525 -17.359 0.5
    endloop
  endfacet
  facet normal 0.321289 0.946981 -0
    outer loop
      vertex -28.2385 -19.6179 0.5
      vertex -28.446 -19.5475 2.9
      vertex -28.2385 -19.6179 2.9
    endloop
  endfacet
  facet normal 0.321289 0.946981 0
    outer loop
      vertex -28.446 -19.5475 2.9
      vertex -28.2385 -19.6179 0.5
      vertex -28.446 -19.5475 0.5
    endloop
  endfacet
  facet normal 0.831558 -0.555437 0
    outer loop
      vertex -29.2556 -17.1625 2.9
      vertex -29.1339 -16.9803 0.5
      vertex -29.1339 -16.9803 2.9
    endloop
  endfacet
  facet normal 0.831558 -0.555437 0
    outer loop
      vertex -29.1339 -16.9803 0.5
      vertex -29.2556 -17.1625 2.9
      vertex -29.2556 -17.1625 0.5
    endloop
  endfacet
  facet normal 0.980738 0.195326 0
    outer loop
      vertex -29.4229 -18.4335 2.9
      vertex -29.4657 -18.2186 0.5
      vertex -29.4657 -18.2186 2.9
    endloop
  endfacet
  facet normal 0.980738 0.195326 0
    outer loop
      vertex -29.4657 -18.2186 0.5
      vertex -29.4229 -18.4335 2.9
      vertex -29.4229 -18.4335 0.5
    endloop
  endfacet
  facet normal -0.997867 0.0652768 0
    outer loop
      vertex -26.1443 -18.2186 0.5
      vertex -26.13 -18 2.9
      vertex -26.13 -18 0.5
    endloop
  endfacet
  facet normal -0.997867 0.0652768 0
    outer loop
      vertex -26.13 -18 2.9
      vertex -26.1443 -18.2186 0.5
      vertex -26.1443 -18.2186 2.9
    endloop
  endfacet
  facet normal -0.0652768 -0.997867 0
    outer loop
      vertex -27.805 -16.325 0.5
      vertex -27.5864 -16.3393 2.9
      vertex -27.805 -16.325 2.9
    endloop
  endfacet
  facet normal -0.0652768 -0.997867 -0
    outer loop
      vertex -27.5864 -16.3393 2.9
      vertex -27.805 -16.325 0.5
      vertex -27.5864 -16.3393 0.5
    endloop
  endfacet
  facet normal -0.896878 0.442277 0
    outer loop
      vertex -26.3544 -18.8375 0.5
      vertex -26.2575 -18.641 2.9
      vertex -26.2575 -18.641 0.5
    endloop
  endfacet
  facet normal -0.896878 0.442277 0
    outer loop
      vertex -26.2575 -18.641 2.9
      vertex -26.3544 -18.8375 0.5
      vertex -26.3544 -18.8375 2.9
    endloop
  endfacet
  facet normal -0.831558 -0.555437 0
    outer loop
      vertex -26.3544 -17.1625 0.5
      vertex -26.4761 -16.9803 2.9
      vertex -26.4761 -16.9803 0.5
    endloop
  endfacet
  facet normal -0.831558 -0.555437 0
    outer loop
      vertex -26.4761 -16.9803 2.9
      vertex -26.3544 -17.1625 0.5
      vertex -26.3544 -17.1625 2.9
    endloop
  endfacet
  facet normal -0.946981 -0.321289 0
    outer loop
      vertex -26.1871 -17.5665 0.5
      vertex -26.2575 -17.359 2.9
      vertex -26.2575 -17.359 0.5
    endloop
  endfacet
  facet normal -0.946981 -0.321289 0
    outer loop
      vertex -26.2575 -17.359 2.9
      vertex -26.1871 -17.5665 0.5
      vertex -26.1871 -17.5665 2.9
    endloop
  endfacet
  facet normal -0.321289 0.946981 0
    outer loop
      vertex -27.164 -19.5475 0.5
      vertex -27.3715 -19.6179 2.9
      vertex -27.164 -19.5475 2.9
    endloop
  endfacet
  facet normal -0.321289 0.946981 0
    outer loop
      vertex -27.3715 -19.6179 2.9
      vertex -27.164 -19.5475 0.5
      vertex -27.3715 -19.6179 0.5
    endloop
  endfacet
  facet normal 0.555437 -0.831558 0
    outer loop
      vertex -28.8247 -16.6711 0.5
      vertex -28.6425 -16.5494 2.9
      vertex -28.8247 -16.6711 2.9
    endloop
  endfacet
  facet normal 0.555437 -0.831558 0
    outer loop
      vertex -28.6425 -16.5494 2.9
      vertex -28.8247 -16.6711 0.5
      vertex -28.6425 -16.5494 0.5
    endloop
  endfacet
  facet normal -0.659506 -0.7517 0
    outer loop
      vertex -26.7853 -16.6711 0.5
      vertex -26.6206 -16.8156 2.9
      vertex -26.7853 -16.6711 2.9
    endloop
  endfacet
  facet normal -0.659506 -0.7517 -0
    outer loop
      vertex -26.6206 -16.8156 2.9
      vertex -26.7853 -16.6711 0.5
      vertex -26.6206 -16.8156 0.5
    endloop
  endfacet
  facet normal -0.442277 0.896878 0
    outer loop
      vertex -26.9675 -19.4506 0.5
      vertex -27.164 -19.5475 2.9
      vertex -26.9675 -19.4506 2.9
    endloop
  endfacet
  facet normal -0.442277 0.896878 0
    outer loop
      vertex -27.164 -19.5475 2.9
      vertex -26.9675 -19.4506 0.5
      vertex -27.164 -19.5475 0.5
    endloop
  endfacet
  facet normal 0.555437 0.831558 -0
    outer loop
      vertex -28.6425 -19.4506 0.5
      vertex -28.8247 -19.3289 2.9
      vertex -28.6425 -19.4506 2.9
    endloop
  endfacet
  facet normal 0.555437 0.831558 0
    outer loop
      vertex -28.8247 -19.3289 2.9
      vertex -28.6425 -19.4506 0.5
      vertex -28.8247 -19.3289 0.5
    endloop
  endfacet
  facet normal 0.980738 -0.195326 0
    outer loop
      vertex -29.4657 -17.7814 2.9
      vertex -29.4229 -17.5665 0.5
      vertex -29.4229 -17.5665 2.9
    endloop
  endfacet
  facet normal 0.980738 -0.195326 0
    outer loop
      vertex -29.4229 -17.5665 0.5
      vertex -29.4657 -17.7814 2.9
      vertex -29.4657 -17.7814 0.5
    endloop
  endfacet
  facet normal 0.0652768 -0.997867 0
    outer loop
      vertex -28.0236 -16.3393 0.5
      vertex -27.805 -16.325 2.9
      vertex -28.0236 -16.3393 2.9
    endloop
  endfacet
  facet normal 0.0652768 -0.997867 0
    outer loop
      vertex -27.805 -16.325 2.9
      vertex -28.0236 -16.3393 0.5
      vertex -27.805 -16.325 0.5
    endloop
  endfacet
  facet normal -0.195326 -0.980738 0
    outer loop
      vertex -27.5864 -16.3393 0.5
      vertex -27.3715 -16.3821 2.9
      vertex -27.5864 -16.3393 2.9
    endloop
  endfacet
  facet normal -0.195326 -0.980738 -0
    outer loop
      vertex -27.3715 -16.3821 2.9
      vertex -27.5864 -16.3393 0.5
      vertex -27.3715 -16.3821 0.5
    endloop
  endfacet
  facet normal -0.7517 -0.659506 0
    outer loop
      vertex -26.4761 -16.9803 0.5
      vertex -26.6206 -16.8156 2.9
      vertex -26.6206 -16.8156 0.5
    endloop
  endfacet
  facet normal -0.7517 -0.659506 0
    outer loop
      vertex -26.6206 -16.8156 2.9
      vertex -26.4761 -16.9803 0.5
      vertex -26.4761 -16.9803 2.9
    endloop
  endfacet
  facet normal 0.946981 0.321289 0
    outer loop
      vertex -29.3525 -18.641 2.9
      vertex -29.4229 -18.4335 0.5
      vertex -29.4229 -18.4335 2.9
    endloop
  endfacet
  facet normal 0.946981 0.321289 0
    outer loop
      vertex -29.4229 -18.4335 0.5
      vertex -29.3525 -18.641 2.9
      vertex -29.3525 -18.641 0.5
    endloop
  endfacet
  facet normal -0.946981 0.321289 0
    outer loop
      vertex -26.2575 -18.641 0.5
      vertex -26.1871 -18.4335 2.9
      vertex -26.1871 -18.4335 0.5
    endloop
  endfacet
  facet normal -0.946981 0.321289 0
    outer loop
      vertex -26.1871 -18.4335 2.9
      vertex -26.2575 -18.641 0.5
      vertex -26.2575 -18.641 2.9
    endloop
  endfacet
  facet normal -0.555437 0.831558 0
    outer loop
      vertex -26.7853 -19.3289 0.5
      vertex -26.9675 -19.4506 2.9
      vertex -26.7853 -19.3289 2.9
    endloop
  endfacet
  facet normal -0.555437 0.831558 0
    outer loop
      vertex -26.9675 -19.4506 2.9
      vertex -26.7853 -19.3289 0.5
      vertex -26.9675 -19.4506 0.5
    endloop
  endfacet
  facet normal -0.831558 0.555437 0
    outer loop
      vertex -26.4761 -19.0197 0.5
      vertex -26.3544 -18.8375 2.9
      vertex -26.3544 -18.8375 0.5
    endloop
  endfacet
  facet normal -0.831558 0.555437 0
    outer loop
      vertex -26.3544 -18.8375 2.9
      vertex -26.4761 -19.0197 0.5
      vertex -26.4761 -19.0197 2.9
    endloop
  endfacet
  facet normal 0.659506 0.7517 -0
    outer loop
      vertex -28.8247 -19.3289 0.5
      vertex -28.9894 -19.1844 2.9
      vertex -28.8247 -19.3289 2.9
    endloop
  endfacet
  facet normal 0.659506 0.7517 0
    outer loop
      vertex -28.9894 -19.1844 2.9
      vertex -28.8247 -19.3289 0.5
      vertex -28.9894 -19.1844 0.5
    endloop
  endfacet
  facet normal 0.442277 -0.896878 0
    outer loop
      vertex -28.6425 -16.5494 0.5
      vertex -28.446 -16.4525 2.9
      vertex -28.6425 -16.5494 2.9
    endloop
  endfacet
  facet normal 0.442277 -0.896878 0
    outer loop
      vertex -28.446 -16.4525 2.9
      vertex -28.6425 -16.5494 0.5
      vertex -28.446 -16.4525 0.5
    endloop
  endfacet
  facet normal -0.896878 -0.442277 0
    outer loop
      vertex -26.2575 -17.359 0.5
      vertex -26.3544 -17.1625 2.9
      vertex -26.3544 -17.1625 0.5
    endloop
  endfacet
  facet normal -0.896878 -0.442277 0
    outer loop
      vertex -26.3544 -17.1625 2.9
      vertex -26.2575 -17.359 0.5
      vertex -26.2575 -17.359 2.9
    endloop
  endfacet
  facet normal -0.0652768 0.997867 0
    outer loop
      vertex -27.5864 -19.6607 0.5
      vertex -27.805 -19.675 2.9
      vertex -27.5864 -19.6607 2.9
    endloop
  endfacet
  facet normal -0.0652768 0.997867 0
    outer loop
      vertex -27.805 -19.675 2.9
      vertex -27.5864 -19.6607 0.5
      vertex -27.805 -19.675 0.5
    endloop
  endfacet
  facet normal 0.997867 0.0652768 0
    outer loop
      vertex -29.4657 -18.2186 2.9
      vertex -29.48 -18 0.5
      vertex -29.48 -18 2.9
    endloop
  endfacet
  facet normal 0.997867 0.0652768 0
    outer loop
      vertex -29.48 -18 0.5
      vertex -29.4657 -18.2186 2.9
      vertex -29.4657 -18.2186 0.5
    endloop
  endfacet
  facet normal 0.195326 0.980738 -0
    outer loop
      vertex -28.0236 -19.6607 0.5
      vertex -28.2385 -19.6179 2.9
      vertex -28.0236 -19.6607 2.9
    endloop
  endfacet
  facet normal 0.195326 0.980738 0
    outer loop
      vertex -28.2385 -19.6179 2.9
      vertex -28.0236 -19.6607 0.5
      vertex -28.2385 -19.6179 0.5
    endloop
  endfacet
  facet normal -0.555437 -0.831558 0
    outer loop
      vertex -26.9675 -16.5494 0.5
      vertex -26.7853 -16.6711 2.9
      vertex -26.9675 -16.5494 2.9
    endloop
  endfacet
  facet normal -0.555437 -0.831558 -0
    outer loop
      vertex -26.7853 -16.6711 2.9
      vertex -26.9675 -16.5494 0.5
      vertex -26.7853 -16.6711 0.5
    endloop
  endfacet
  facet normal -0.321289 -0.946981 0
    outer loop
      vertex -27.3715 -16.3821 0.5
      vertex -27.164 -16.4525 2.9
      vertex -27.3715 -16.3821 2.9
    endloop
  endfacet
  facet normal -0.321289 -0.946981 -0
    outer loop
      vertex -27.164 -16.4525 2.9
      vertex -27.3715 -16.3821 0.5
      vertex -27.164 -16.4525 0.5
    endloop
  endfacet
  facet normal 0.321289 -0.946981 0
    outer loop
      vertex -28.446 -16.4525 0.5
      vertex -28.2385 -16.3821 2.9
      vertex -28.446 -16.4525 2.9
    endloop
  endfacet
  facet normal 0.321289 -0.946981 0
    outer loop
      vertex -28.2385 -16.3821 2.9
      vertex -28.446 -16.4525 0.5
      vertex -28.2385 -16.3821 0.5
    endloop
  endfacet
  facet normal 0.896878 0.442277 0
    outer loop
      vertex -29.2556 -18.8375 2.9
      vertex -29.3525 -18.641 0.5
      vertex -29.3525 -18.641 2.9
    endloop
  endfacet
  facet normal 0.896878 0.442277 0
    outer loop
      vertex -29.3525 -18.641 0.5
      vertex -29.2556 -18.8375 2.9
      vertex -29.2556 -18.8375 0.5
    endloop
  endfacet
  facet normal 0.997867 -0.0652768 0
    outer loop
      vertex -29.48 -18 2.9
      vertex -29.4657 -17.7814 0.5
      vertex -29.4657 -17.7814 2.9
    endloop
  endfacet
  facet normal 0.997867 -0.0652768 0
    outer loop
      vertex -29.4657 -17.7814 0.5
      vertex -29.48 -18 2.9
      vertex -29.48 -18 0.5
    endloop
  endfacet
  facet normal 0.7517 0.659506 0
    outer loop
      vertex -28.9894 -19.1844 2.9
      vertex -29.1339 -19.0197 0.5
      vertex -29.1339 -19.0197 2.9
    endloop
  endfacet
  facet normal 0.7517 0.659506 0
    outer loop
      vertex -29.1339 -19.0197 0.5
      vertex -28.9894 -19.1844 2.9
      vertex -28.9894 -19.1844 0.5
    endloop
  endfacet
  facet normal 0.442277 0.896878 -0
    outer loop
      vertex -28.446 -19.5475 0.5
      vertex -28.6425 -19.4506 2.9
      vertex -28.446 -19.5475 2.9
    endloop
  endfacet
  facet normal 0.442277 0.896878 0
    outer loop
      vertex -28.6425 -19.4506 2.9
      vertex -28.446 -19.5475 0.5
      vertex -28.6425 -19.4506 0.5
    endloop
  endfacet
  facet normal -0.980738 0.195326 0
    outer loop
      vertex -26.1871 -18.4335 0.5
      vertex -26.1443 -18.2186 2.9
      vertex -26.1443 -18.2186 0.5
    endloop
  endfacet
  facet normal -0.980738 0.195326 0
    outer loop
      vertex -26.1443 -18.2186 2.9
      vertex -26.1871 -18.4335 0.5
      vertex -26.1871 -18.4335 2.9
    endloop
  endfacet
  facet normal 0.0652768 0.997867 -0
    outer loop
      vertex -27.805 -19.675 0.5
      vertex -28.0236 -19.6607 2.9
      vertex -27.805 -19.675 2.9
    endloop
  endfacet
  facet normal 0.0652768 0.997867 0
    outer loop
      vertex -28.0236 -19.6607 2.9
      vertex -27.805 -19.675 0.5
      vertex -28.0236 -19.6607 0.5
    endloop
  endfacet
  facet normal 0.831558 0.555437 0
    outer loop
      vertex -29.1339 -19.0197 2.9
      vertex -29.2556 -18.8375 0.5
      vertex -29.2556 -18.8375 2.9
    endloop
  endfacet
  facet normal 0.831558 0.555437 0
    outer loop
      vertex -29.2556 -18.8375 0.5
      vertex -29.1339 -19.0197 2.9
      vertex -29.1339 -19.0197 0.5
    endloop
  endfacet
  facet normal 0.195326 -0.980738 0
    outer loop
      vertex -28.2385 -16.3821 0.5
      vertex -28.0236 -16.3393 2.9
      vertex -28.2385 -16.3821 2.9
    endloop
  endfacet
  facet normal 0.195326 -0.980738 0
    outer loop
      vertex -28.0236 -16.3393 2.9
      vertex -28.2385 -16.3821 0.5
      vertex -28.0236 -16.3393 0.5
    endloop
  endfacet
  facet normal 0.7517 -0.659506 0
    outer loop
      vertex -29.1339 -16.9803 2.9
      vertex -28.9894 -16.8156 0.5
      vertex -28.9894 -16.8156 2.9
    endloop
  endfacet
  facet normal 0.7517 -0.659506 0
    outer loop
      vertex -28.9894 -16.8156 0.5
      vertex -29.1339 -16.9803 2.9
      vertex -29.1339 -16.9803 0.5
    endloop
  endfacet
  facet normal -0.7517 0.659506 0
    outer loop
      vertex -26.6206 -19.1844 0.5
      vertex -26.4761 -19.0197 2.9
      vertex -26.4761 -19.0197 0.5
    endloop
  endfacet
  facet normal -0.7517 0.659506 0
    outer loop
      vertex -26.4761 -19.0197 2.9
      vertex -26.6206 -19.1844 0.5
      vertex -26.6206 -19.1844 2.9
    endloop
  endfacet
  facet normal -0.659506 0.7517 0
    outer loop
      vertex -26.6206 -19.1844 0.5
      vertex -26.7853 -19.3289 2.9
      vertex -26.6206 -19.1844 2.9
    endloop
  endfacet
  facet normal -0.659506 0.7517 0
    outer loop
      vertex -26.7853 -19.3289 2.9
      vertex -26.6206 -19.1844 0.5
      vertex -26.7853 -19.3289 0.5
    endloop
  endfacet
  facet normal -0.980738 -0.195326 0
    outer loop
      vertex 29.4657 -17.7814 0.5
      vertex 29.4229 -17.5665 2.9
      vertex 29.4229 -17.5665 0.5
    endloop
  endfacet
  facet normal -0.980738 -0.195326 0
    outer loop
      vertex 29.4229 -17.5665 2.9
      vertex 29.4657 -17.7814 0.5
      vertex 29.4657 -17.7814 2.9
    endloop
  endfacet
  facet normal -0.659506 0.7517 0
    outer loop
      vertex 28.9894 -19.1844 0.5
      vertex 28.8247 -19.3289 2.9
      vertex 28.9894 -19.1844 2.9
    endloop
  endfacet
  facet normal -0.659506 0.7517 0
    outer loop
      vertex 28.8247 -19.3289 2.9
      vertex 28.9894 -19.1844 0.5
      vertex 28.8247 -19.3289 0.5
    endloop
  endfacet
  facet normal -0.0652768 0.997867 0
    outer loop
      vertex 28.0236 -19.6607 0.5
      vertex 27.805 -19.675 2.9
      vertex 28.0236 -19.6607 2.9
    endloop
  endfacet
  facet normal -0.0652768 0.997867 0
    outer loop
      vertex 27.805 -19.675 2.9
      vertex 28.0236 -19.6607 0.5
      vertex 27.805 -19.675 0.5
    endloop
  endfacet
  facet normal -0.7517 0.659506 0
    outer loop
      vertex 28.9894 -19.1844 0.5
      vertex 29.1339 -19.0197 2.9
      vertex 29.1339 -19.0197 0.5
    endloop
  endfacet
  facet normal -0.7517 0.659506 0
    outer loop
      vertex 29.1339 -19.0197 2.9
      vertex 28.9894 -19.1844 0.5
      vertex 28.9894 -19.1844 2.9
    endloop
  endfacet
  facet normal -0.555437 0.831558 0
    outer loop
      vertex 28.8247 -19.3289 0.5
      vertex 28.6425 -19.4506 2.9
      vertex 28.8247 -19.3289 2.9
    endloop
  endfacet
  facet normal -0.555437 0.831558 0
    outer loop
      vertex 28.6425 -19.4506 2.9
      vertex 28.8247 -19.3289 0.5
      vertex 28.6425 -19.4506 0.5
    endloop
  endfacet
  facet normal 0.896878 -0.442277 0
    outer loop
      vertex 26.2575 -17.359 2.9
      vertex 26.3544 -17.1625 0.5
      vertex 26.3544 -17.1625 2.9
    endloop
  endfacet
  facet normal 0.896878 -0.442277 0
    outer loop
      vertex 26.3544 -17.1625 0.5
      vertex 26.2575 -17.359 2.9
      vertex 26.2575 -17.359 0.5
    endloop
  endfacet
  facet normal -0.442277 0.896878 0
    outer loop
      vertex 28.6425 -19.4506 0.5
      vertex 28.446 -19.5475 2.9
      vertex 28.6425 -19.4506 2.9
    endloop
  endfacet
  facet normal -0.442277 0.896878 0
    outer loop
      vertex 28.446 -19.5475 2.9
      vertex 28.6425 -19.4506 0.5
      vertex 28.446 -19.5475 0.5
    endloop
  endfacet
  facet normal -0.7517 -0.659506 0
    outer loop
      vertex 29.1339 -16.9803 0.5
      vertex 28.9894 -16.8156 2.9
      vertex 28.9894 -16.8156 0.5
    endloop
  endfacet
  facet normal -0.7517 -0.659506 0
    outer loop
      vertex 28.9894 -16.8156 2.9
      vertex 29.1339 -16.9803 0.5
      vertex 29.1339 -16.9803 2.9
    endloop
  endfacet
  facet normal -0.321289 -0.946981 0
    outer loop
      vertex 28.2385 -16.3821 0.5
      vertex 28.446 -16.4525 2.9
      vertex 28.2385 -16.3821 2.9
    endloop
  endfacet
  facet normal -0.321289 -0.946981 -0
    outer loop
      vertex 28.446 -16.4525 2.9
      vertex 28.2385 -16.3821 0.5
      vertex 28.446 -16.4525 0.5
    endloop
  endfacet
  facet normal 0.0652768 -0.997867 0
    outer loop
      vertex 27.5864 -16.3393 0.5
      vertex 27.805 -16.325 2.9
      vertex 27.5864 -16.3393 2.9
    endloop
  endfacet
  facet normal 0.0652768 -0.997867 0
    outer loop
      vertex 27.805 -16.325 2.9
      vertex 27.5864 -16.3393 0.5
      vertex 27.805 -16.325 0.5
    endloop
  endfacet
  facet normal 0.946981 0.321289 0
    outer loop
      vertex 26.2575 -18.641 2.9
      vertex 26.1871 -18.4335 0.5
      vertex 26.1871 -18.4335 2.9
    endloop
  endfacet
  facet normal 0.946981 0.321289 0
    outer loop
      vertex 26.1871 -18.4335 0.5
      vertex 26.2575 -18.641 2.9
      vertex 26.2575 -18.641 0.5
    endloop
  endfacet
  facet normal -0.896878 -0.442277 0
    outer loop
      vertex 29.3525 -17.359 0.5
      vertex 29.2556 -17.1625 2.9
      vertex 29.2556 -17.1625 0.5
    endloop
  endfacet
  facet normal -0.896878 -0.442277 0
    outer loop
      vertex 29.2556 -17.1625 2.9
      vertex 29.3525 -17.359 0.5
      vertex 29.3525 -17.359 2.9
    endloop
  endfacet
  facet normal 0.442277 -0.896878 0
    outer loop
      vertex 26.9675 -16.5494 0.5
      vertex 27.164 -16.4525 2.9
      vertex 26.9675 -16.5494 2.9
    endloop
  endfacet
  facet normal 0.442277 -0.896878 0
    outer loop
      vertex 27.164 -16.4525 2.9
      vertex 26.9675 -16.5494 0.5
      vertex 27.164 -16.4525 0.5
    endloop
  endfacet
  facet normal 0.980738 0.195326 0
    outer loop
      vertex 26.1871 -18.4335 2.9
      vertex 26.1443 -18.2186 0.5
      vertex 26.1443 -18.2186 2.9
    endloop
  endfacet
  facet normal 0.980738 0.195326 0
    outer loop
      vertex 26.1443 -18.2186 0.5
      vertex 26.1871 -18.4335 2.9
      vertex 26.1871 -18.4335 0.5
    endloop
  endfacet
  facet normal 0.831558 0.555437 0
    outer loop
      vertex 26.4761 -19.0197 2.9
      vertex 26.3544 -18.8375 0.5
      vertex 26.3544 -18.8375 2.9
    endloop
  endfacet
  facet normal 0.831558 0.555437 0
    outer loop
      vertex 26.3544 -18.8375 0.5
      vertex 26.4761 -19.0197 2.9
      vertex 26.4761 -19.0197 0.5
    endloop
  endfacet
  facet normal -0.896878 0.442277 0
    outer loop
      vertex 29.2556 -18.8375 0.5
      vertex 29.3525 -18.641 2.9
      vertex 29.3525 -18.641 0.5
    endloop
  endfacet
  facet normal -0.896878 0.442277 0
    outer loop
      vertex 29.3525 -18.641 2.9
      vertex 29.2556 -18.8375 0.5
      vertex 29.2556 -18.8375 2.9
    endloop
  endfacet
  facet normal 0.896878 0.442277 0
    outer loop
      vertex 26.3544 -18.8375 2.9
      vertex 26.2575 -18.641 0.5
      vertex 26.2575 -18.641 2.9
    endloop
  endfacet
  facet normal 0.896878 0.442277 0
    outer loop
      vertex 26.2575 -18.641 0.5
      vertex 26.3544 -18.8375 2.9
      vertex 26.3544 -18.8375 0.5
    endloop
  endfacet
  facet normal -0.997867 -0.0652768 0
    outer loop
      vertex 29.48 -18 0.5
      vertex 29.4657 -17.7814 2.9
      vertex 29.4657 -17.7814 0.5
    endloop
  endfacet
  facet normal -0.997867 -0.0652768 0
    outer loop
      vertex 29.4657 -17.7814 2.9
      vertex 29.48 -18 0.5
      vertex 29.48 -18 2.9
    endloop
  endfacet
  facet normal 0.442277 0.896878 -0
    outer loop
      vertex 27.164 -19.5475 0.5
      vertex 26.9675 -19.4506 2.9
      vertex 27.164 -19.5475 2.9
    endloop
  endfacet
  facet normal 0.442277 0.896878 0
    outer loop
      vertex 26.9675 -19.4506 2.9
      vertex 27.164 -19.5475 0.5
      vertex 26.9675 -19.4506 0.5
    endloop
  endfacet
  facet normal -0.946981 -0.321289 0
    outer loop
      vertex 29.4229 -17.5665 0.5
      vertex 29.3525 -17.359 2.9
      vertex 29.3525 -17.359 0.5
    endloop
  endfacet
  facet normal -0.946981 -0.321289 0
    outer loop
      vertex 29.3525 -17.359 2.9
      vertex 29.4229 -17.5665 0.5
      vertex 29.4229 -17.5665 2.9
    endloop
  endfacet
  facet normal 0.659506 0.7517 -0
    outer loop
      vertex 26.7853 -19.3289 0.5
      vertex 26.6206 -19.1844 2.9
      vertex 26.7853 -19.3289 2.9
    endloop
  endfacet
  facet normal 0.659506 0.7517 0
    outer loop
      vertex 26.6206 -19.1844 2.9
      vertex 26.7853 -19.3289 0.5
      vertex 26.6206 -19.1844 0.5
    endloop
  endfacet
  facet normal 0.997867 0.0652768 0
    outer loop
      vertex 26.1443 -18.2186 2.9
      vertex 26.13 -18 0.5
      vertex 26.13 -18 2.9
    endloop
  endfacet
  facet normal 0.997867 0.0652768 0
    outer loop
      vertex 26.13 -18 0.5
      vertex 26.1443 -18.2186 2.9
      vertex 26.1443 -18.2186 0.5
    endloop
  endfacet
  facet normal 0.7517 -0.659506 0
    outer loop
      vertex 26.4761 -16.9803 2.9
      vertex 26.6206 -16.8156 0.5
      vertex 26.6206 -16.8156 2.9
    endloop
  endfacet
  facet normal 0.7517 -0.659506 0
    outer loop
      vertex 26.6206 -16.8156 0.5
      vertex 26.4761 -16.9803 2.9
      vertex 26.4761 -16.9803 0.5
    endloop
  endfacet
  facet normal 0.321289 0.946981 -0
    outer loop
      vertex 27.3715 -19.6179 0.5
      vertex 27.164 -19.5475 2.9
      vertex 27.3715 -19.6179 2.9
    endloop
  endfacet
  facet normal 0.321289 0.946981 0
    outer loop
      vertex 27.164 -19.5475 2.9
      vertex 27.3715 -19.6179 0.5
      vertex 27.164 -19.5475 0.5
    endloop
  endfacet
  facet normal -0.831558 -0.555437 0
    outer loop
      vertex 29.2556 -17.1625 0.5
      vertex 29.1339 -16.9803 2.9
      vertex 29.1339 -16.9803 0.5
    endloop
  endfacet
  facet normal -0.831558 -0.555437 0
    outer loop
      vertex 29.1339 -16.9803 2.9
      vertex 29.2556 -17.1625 0.5
      vertex 29.2556 -17.1625 2.9
    endloop
  endfacet
  facet normal 0.195326 -0.980738 0
    outer loop
      vertex 27.3715 -16.3821 0.5
      vertex 27.5864 -16.3393 2.9
      vertex 27.3715 -16.3821 2.9
    endloop
  endfacet
  facet normal 0.195326 -0.980738 0
    outer loop
      vertex 27.5864 -16.3393 2.9
      vertex 27.3715 -16.3821 0.5
      vertex 27.5864 -16.3393 0.5
    endloop
  endfacet
  facet normal -0.321289 0.946981 0
    outer loop
      vertex 28.446 -19.5475 0.5
      vertex 28.2385 -19.6179 2.9
      vertex 28.446 -19.5475 2.9
    endloop
  endfacet
  facet normal -0.321289 0.946981 0
    outer loop
      vertex 28.2385 -19.6179 2.9
      vertex 28.446 -19.5475 0.5
      vertex 28.2385 -19.6179 0.5
    endloop
  endfacet
  facet normal -0.555437 -0.831558 0
    outer loop
      vertex 28.6425 -16.5494 0.5
      vertex 28.8247 -16.6711 2.9
      vertex 28.6425 -16.5494 2.9
    endloop
  endfacet
  facet normal -0.555437 -0.831558 -0
    outer loop
      vertex 28.8247 -16.6711 2.9
      vertex 28.6425 -16.5494 0.5
      vertex 28.8247 -16.6711 0.5
    endloop
  endfacet
  facet normal -0.442277 -0.896878 0
    outer loop
      vertex 28.446 -16.4525 0.5
      vertex 28.6425 -16.5494 2.9
      vertex 28.446 -16.4525 2.9
    endloop
  endfacet
  facet normal -0.442277 -0.896878 -0
    outer loop
      vertex 28.6425 -16.5494 2.9
      vertex 28.446 -16.4525 0.5
      vertex 28.6425 -16.5494 0.5
    endloop
  endfacet
  facet normal 0.946981 -0.321289 0
    outer loop
      vertex 26.1871 -17.5665 2.9
      vertex 26.2575 -17.359 0.5
      vertex 26.2575 -17.359 2.9
    endloop
  endfacet
  facet normal 0.946981 -0.321289 0
    outer loop
      vertex 26.2575 -17.359 0.5
      vertex 26.1871 -17.5665 2.9
      vertex 26.1871 -17.5665 0.5
    endloop
  endfacet
  facet normal 0.997867 -0.0652768 0
    outer loop
      vertex 26.13 -18 2.9
      vertex 26.1443 -17.7814 0.5
      vertex 26.1443 -17.7814 2.9
    endloop
  endfacet
  facet normal 0.997867 -0.0652768 0
    outer loop
      vertex 26.1443 -17.7814 0.5
      vertex 26.13 -18 2.9
      vertex 26.13 -18 0.5
    endloop
  endfacet
  facet normal -0.659506 -0.7517 0
    outer loop
      vertex 28.8247 -16.6711 0.5
      vertex 28.9894 -16.8156 2.9
      vertex 28.8247 -16.6711 2.9
    endloop
  endfacet
  facet normal -0.659506 -0.7517 -0
    outer loop
      vertex 28.9894 -16.8156 2.9
      vertex 28.8247 -16.6711 0.5
      vertex 28.9894 -16.8156 0.5
    endloop
  endfacet
  facet normal 0.0652768 0.997867 -0
    outer loop
      vertex 27.805 -19.675 0.5
      vertex 27.5864 -19.6607 2.9
      vertex 27.805 -19.675 2.9
    endloop
  endfacet
  facet normal 0.0652768 0.997867 0
    outer loop
      vertex 27.5864 -19.6607 2.9
      vertex 27.805 -19.675 0.5
      vertex 27.5864 -19.6607 0.5
    endloop
  endfacet
  facet normal -0.980738 0.195326 0
    outer loop
      vertex 29.4229 -18.4335 0.5
      vertex 29.4657 -18.2186 2.9
      vertex 29.4657 -18.2186 0.5
    endloop
  endfacet
  facet normal -0.980738 0.195326 0
    outer loop
      vertex 29.4657 -18.2186 2.9
      vertex 29.4229 -18.4335 0.5
      vertex 29.4229 -18.4335 2.9
    endloop
  endfacet
  facet normal -0.195326 0.980738 0
    outer loop
      vertex 28.2385 -19.6179 0.5
      vertex 28.0236 -19.6607 2.9
      vertex 28.2385 -19.6179 2.9
    endloop
  endfacet
  facet normal -0.195326 0.980738 0
    outer loop
      vertex 28.0236 -19.6607 2.9
      vertex 28.2385 -19.6179 0.5
      vertex 28.0236 -19.6607 0.5
    endloop
  endfacet
  facet normal 0.321289 -0.946981 0
    outer loop
      vertex 27.164 -16.4525 0.5
      vertex 27.3715 -16.3821 2.9
      vertex 27.164 -16.4525 2.9
    endloop
  endfacet
  facet normal 0.321289 -0.946981 0
    outer loop
      vertex 27.3715 -16.3821 2.9
      vertex 27.164 -16.4525 0.5
      vertex 27.3715 -16.3821 0.5
    endloop
  endfacet
  facet normal 0.7517 0.659506 0
    outer loop
      vertex 26.6206 -19.1844 2.9
      vertex 26.4761 -19.0197 0.5
      vertex 26.4761 -19.0197 2.9
    endloop
  endfacet
  facet normal 0.7517 0.659506 0
    outer loop
      vertex 26.4761 -19.0197 0.5
      vertex 26.6206 -19.1844 2.9
      vertex 26.6206 -19.1844 0.5
    endloop
  endfacet
  facet normal -0.997867 0.0652768 0
    outer loop
      vertex 29.4657 -18.2186 0.5
      vertex 29.48 -18 2.9
      vertex 29.48 -18 0.5
    endloop
  endfacet
  facet normal -0.997867 0.0652768 0
    outer loop
      vertex 29.48 -18 2.9
      vertex 29.4657 -18.2186 0.5
      vertex 29.4657 -18.2186 2.9
    endloop
  endfacet
  facet normal -0.831558 0.555437 0
    outer loop
      vertex 29.1339 -19.0197 0.5
      vertex 29.2556 -18.8375 2.9
      vertex 29.2556 -18.8375 0.5
    endloop
  endfacet
  facet normal -0.831558 0.555437 0
    outer loop
      vertex 29.2556 -18.8375 2.9
      vertex 29.1339 -19.0197 0.5
      vertex 29.1339 -19.0197 2.9
    endloop
  endfacet
  facet normal 0.659506 -0.7517 0
    outer loop
      vertex 26.6206 -16.8156 0.5
      vertex 26.7853 -16.6711 2.9
      vertex 26.6206 -16.8156 2.9
    endloop
  endfacet
  facet normal 0.659506 -0.7517 0
    outer loop
      vertex 26.7853 -16.6711 2.9
      vertex 26.6206 -16.8156 0.5
      vertex 26.7853 -16.6711 0.5
    endloop
  endfacet
  facet normal -0.946981 0.321289 0
    outer loop
      vertex 29.3525 -18.641 0.5
      vertex 29.4229 -18.4335 2.9
      vertex 29.4229 -18.4335 0.5
    endloop
  endfacet
  facet normal -0.946981 0.321289 0
    outer loop
      vertex 29.4229 -18.4335 2.9
      vertex 29.3525 -18.641 0.5
      vertex 29.3525 -18.641 2.9
    endloop
  endfacet
  facet normal 0.980738 -0.195326 0
    outer loop
      vertex 26.1443 -17.7814 2.9
      vertex 26.1871 -17.5665 0.5
      vertex 26.1871 -17.5665 2.9
    endloop
  endfacet
  facet normal 0.980738 -0.195326 0
    outer loop
      vertex 26.1871 -17.5665 0.5
      vertex 26.1443 -17.7814 2.9
      vertex 26.1443 -17.7814 0.5
    endloop
  endfacet
  facet normal 0.831558 -0.555437 0
    outer loop
      vertex 26.3544 -17.1625 2.9
      vertex 26.4761 -16.9803 0.5
      vertex 26.4761 -16.9803 2.9
    endloop
  endfacet
  facet normal 0.831558 -0.555437 0
    outer loop
      vertex 26.4761 -16.9803 0.5
      vertex 26.3544 -17.1625 2.9
      vertex 26.3544 -17.1625 0.5
    endloop
  endfacet
  facet normal 0.555437 -0.831558 0
    outer loop
      vertex 26.7853 -16.6711 0.5
      vertex 26.9675 -16.5494 2.9
      vertex 26.7853 -16.6711 2.9
    endloop
  endfacet
  facet normal 0.555437 -0.831558 0
    outer loop
      vertex 26.9675 -16.5494 2.9
      vertex 26.7853 -16.6711 0.5
      vertex 26.9675 -16.5494 0.5
    endloop
  endfacet
  facet normal -0.195326 -0.980738 0
    outer loop
      vertex 28.0236 -16.3393 0.5
      vertex 28.2385 -16.3821 2.9
      vertex 28.0236 -16.3393 2.9
    endloop
  endfacet
  facet normal -0.195326 -0.980738 -0
    outer loop
      vertex 28.2385 -16.3821 2.9
      vertex 28.0236 -16.3393 0.5
      vertex 28.2385 -16.3821 0.5
    endloop
  endfacet
  facet normal -0.0652768 -0.997867 0
    outer loop
      vertex 27.805 -16.325 0.5
      vertex 28.0236 -16.3393 2.9
      vertex 27.805 -16.325 2.9
    endloop
  endfacet
  facet normal -0.0652768 -0.997867 -0
    outer loop
      vertex 28.0236 -16.3393 2.9
      vertex 27.805 -16.325 0.5
      vertex 28.0236 -16.3393 0.5
    endloop
  endfacet
  facet normal 0.555437 0.831558 -0
    outer loop
      vertex 26.9675 -19.4506 0.5
      vertex 26.7853 -19.3289 2.9
      vertex 26.9675 -19.4506 2.9
    endloop
  endfacet
  facet normal 0.555437 0.831558 0
    outer loop
      vertex 26.7853 -19.3289 2.9
      vertex 26.9675 -19.4506 0.5
      vertex 26.7853 -19.3289 0.5
    endloop
  endfacet
  facet normal 0.195326 0.980738 -0
    outer loop
      vertex 27.5864 -19.6607 0.5
      vertex 27.3715 -19.6179 2.9
      vertex 27.5864 -19.6607 2.9
    endloop
  endfacet
  facet normal 0.195326 0.980738 0
    outer loop
      vertex 27.3715 -19.6179 2.9
      vertex 27.5864 -19.6607 0.5
      vertex 27.3715 -19.6179 0.5
    endloop
  endfacet
  facet normal -1 0 0
    outer loop
      vertex 44 2 0.5
      vertex 44 5.5 2.9
      vertex 44 5.5 0.5
    endloop
  endfacet
  facet normal -1 -0 0
    outer loop
      vertex 44 5.5 2.9
      vertex 44 2 0.5
      vertex 44 2 2.9
    endloop
  endfacet
  facet normal 1 -0 0
    outer loop
      vertex -4 2 2.9
      vertex -4 5.5 0.5
      vertex -4 5.5 2.9
    endloop
  endfacet
  facet normal 1 0 0
    outer loop
      vertex -4 5.5 0.5
      vertex -4 2 2.9
      vertex -4 2 0.5
    endloop
  endfacet
  facet normal 0 -1 0
    outer loop
      vertex -4 5.5 0.5
      vertex 44 5.5 2.9
      vertex -4 5.5 2.9
    endloop
  endfacet
  facet normal 0 -1 -0
    outer loop
      vertex 44 5.5 2.9
      vertex -4 5.5 0.5
      vertex 44 5.5 0.5
    endloop
  endfacet
  facet normal 0 1 -0
    outer loop
      vertex 44 2 0.5
      vertex -4 2 2.9
      vertex 44 2 2.9
    endloop
  endfacet
  facet normal 0 1 0
    outer loop
      vertex -4 2 2.9
      vertex 44 2 0.5
      vertex -4 2 0.5
    endloop
  endfacet
  facet normal -1 0 0
    outer loop
      vertex -35 -20 0.5
      vertex -35 -15 2.9
      vertex -35 -15 0.5
    endloop
  endfacet
  facet normal -1 -0 0
    outer loop
      vertex -35 -15 2.9
      vertex -35 -20 0.5
      vertex -35 -20 2.9
    endloop
  endfacet
  facet normal 0 0 -1
    outer loop
      vertex -40.75 -20 3.1
      vertex -39.15 -15 3.1
      vertex -39.15 -20 3.1
    endloop
  endfacet
  facet normal -0 0 -1
    outer loop
      vertex -39.15 -15 3.1
      vertex -40.75 -20 3.1
      vertex -40.75 -15 3.1
    endloop
  endfacet
  facet normal 1 -0 0
    outer loop
      vertex -44 -20 2.9
      vertex -44 -15 0.5
      vertex -44 -15 2.9
    endloop
  endfacet
  facet normal 1 0 0
    outer loop
      vertex -44 -15 0.5
      vertex -44 -20 2.9
      vertex -44 -20 0.5
    endloop
  endfacet
  facet normal 0 -1 0
    outer loop
      vertex -44 -15 0.5
      vertex -40.75 -15 2.9
      vertex -44 -15 2.9
    endloop
  endfacet
  facet normal 0 -1 -0
    outer loop
      vertex -40.75 -15 2.9
      vertex -44 -15 0.5
      vertex -39.15 -15 2.9
    endloop
  endfacet
  facet normal 0 -1 0
    outer loop
      vertex -35 -15 0.5
      vertex -39.15 -15 2.9
      vertex -44 -15 0.5
    endloop
  endfacet
  facet normal 0 -1 0
    outer loop
      vertex -39.15 -15 2.9
      vertex -35 -15 0.5
      vertex -35 -15 2.9
    endloop
  endfacet
  facet normal 0 -1 0
    outer loop
      vertex -40.75 -15 2.9
      vertex -39.15 -15 3.1
      vertex -40.75 -15 3.1
    endloop
  endfacet
  facet normal 0 -1 -0
    outer loop
      vertex -39.15 -15 3.1
      vertex -40.75 -15 2.9
      vertex -39.15 -15 2.9
    endloop
  endfacet
  facet normal 0 1 -0
    outer loop
      vertex -35 -20 0.5
      vertex -39.15 -20 2.9
      vertex -35 -20 2.9
    endloop
  endfacet
  facet normal 0 1 0
    outer loop
      vertex -44 -20 0.5
      vertex -39.15 -20 2.9
      vertex -35 -20 0.5
    endloop
  endfacet
  facet normal 0 1 0
    outer loop
      vertex -39.15 -20 2.9
      vertex -44 -20 0.5
      vertex -40.75 -20 2.9
    endloop
  endfacet
  facet normal 0 1 0
    outer loop
      vertex -40.75 -20 2.9
      vertex -44 -20 0.5
      vertex -44 -20 2.9
    endloop
  endfacet
  facet normal 0 1 -0
    outer loop
      vertex -39.15 -20 2.9
      vertex -40.75 -20 3.1
      vertex -39.15 -20 3.1
    endloop
  endfacet
  facet normal 0 1 0
    outer loop
      vertex -40.75 -20 3.1
      vertex -39.15 -20 2.9
      vertex -40.75 -20 2.9
    endloop
  endfacet
  facet normal -1 0 0
    outer loop
      vertex 44 -20 0.5
      vertex 44 -15 2.9
      vertex 44 -15 0.5
    endloop
  endfacet
  facet normal -1 -0 0
    outer loop
      vertex 44 -15 2.9
      vertex 44 -20 0.5
      vertex 44 -20 2.9
    endloop
  endfacet
  facet normal 0 0 -1
    outer loop
      vertex 39.15 -20 3.1
      vertex 40.75 -15 3.1
      vertex 40.75 -20 3.1
    endloop
  endfacet
  facet normal -0 0 -1
    outer loop
      vertex 40.75 -15 3.1
      vertex 39.15 -20 3.1
      vertex 39.15 -15 3.1
    endloop
  endfacet
  facet normal 1 -0 0
    outer loop
      vertex 35 -20 2.9
      vertex 35 -15 0.5
      vertex 35 -15 2.9
    endloop
  endfacet
  facet normal 1 0 0
    outer loop
      vertex 35 -15 0.5
      vertex 35 -20 2.9
      vertex 35 -20 0.5
    endloop
  endfacet
  facet normal 0 -1 0
    outer loop
      vertex 35 -15 0.5
      vertex 39.15 -15 2.9
      vertex 35 -15 2.9
    endloop
  endfacet
  facet normal 0 -1 0
    outer loop
      vertex 44 -15 0.5
      vertex 39.15 -15 2.9
      vertex 35 -15 0.5
    endloop
  endfacet
  facet normal 0 -1 0
    outer loop
      vertex 39.15 -15 2.9
      vertex 44 -15 0.5
      vertex 40.75 -15 2.9
    endloop
  endfacet
  facet normal 0 -1 0
    outer loop
      vertex 40.75 -15 2.9
      vertex 44 -15 0.5
      vertex 44 -15 2.9
    endloop
  endfacet
  facet normal 0 -1 0
    outer loop
      vertex 39.15 -15 2.9
      vertex 40.75 -15 3.1
      vertex 39.15 -15 3.1
    endloop
  endfacet
  facet normal 0 -1 -0
    outer loop
      vertex 40.75 -15 3.1
      vertex 39.15 -15 2.9
      vertex 40.75 -15 2.9
    endloop
  endfacet
  facet normal 0 1 -0
    outer loop
      vertex 44 -20 0.5
      vertex 40.75 -20 2.9
      vertex 44 -20 2.9
    endloop
  endfacet
  facet normal 0 1 0
    outer loop
      vertex 40.75 -20 2.9
      vertex 44 -20 0.5
      vertex 39.15 -20 2.9
    endloop
  endfacet
  facet normal 0 1 0
    outer loop
      vertex 35 -20 0.5
      vertex 39.15 -20 2.9
      vertex 44 -20 0.5
    endloop
  endfacet
  facet normal 0 1 0
    outer loop
      vertex 39.15 -20 2.9
      vertex 35 -20 0.5
      vertex 35 -20 2.9
    endloop
  endfacet
  facet normal 0 1 -0
    outer loop
      vertex 40.75 -20 2.9
      vertex 39.15 -20 3.1
      vertex 40.75 -20 3.1
    endloop
  endfacet
  facet normal 0 1 0
    outer loop
      vertex 39.15 -20 3.1
      vertex 40.75 -20 2.9
      vertex 39.15 -20 2.9
    endloop
  endfacet
endsolid OpenSCAD_Model
