solid OpenSCAD_Model
  facet normal -0.0490821 0.998795 0
    outer loop
      vertex -51 45 0
      vertex -51.5881 44.9711 24
      vertex -51 45 24
    endloop
  endfacet
  facet normal -0.0490821 0.998795 0
    outer loop
      vertex -51.5881 44.9711 24
      vertex -51 45 0
      vertex -51.5881 44.9711 0
    endloop
  endfacet
  facet normal 0.0490821 -0.998795 0
    outer loop
      vertex 51 -45 0
      vertex 51.5881 -44.9711 24
      vertex 51 -45 24
    endloop
  endfacet
  facet normal 0.0490821 -0.998795 0
    outer loop
      vertex 51.5881 -44.9711 24
      vertex 51 -45 0
      vertex 51.5881 -44.9711 0
    endloop
  endfacet
  facet normal 0.970023 0.243015 0
    outer loop
      vertex 56.8847 40.1705 24
      vertex 56.7416 40.7417 0
      vertex 56.7416 40.7417 24
    endloop
  endfacet
  facet normal 0.970023 0.243015 0
    outer loop
      vertex 56.7416 40.7417 0
      vertex 56.8847 40.1705 24
      vertex 56.8847 40.1705 0
    endloop
  endfacet
  facet normal 0 1 -0
    outer loop
      vertex 51 45 0
      vertex -51 45 24
      vertex 51 45 24
    endloop
  endfacet
  facet normal 0 1 0
    outer loop
      vertex -51 45 24
      vertex 51 45 0
      vertex -51 45 0
    endloop
  endfacet
  facet normal -0.989174 0.146746 0
    outer loop
      vertex -56.9711 39.5881 0
      vertex -56.8847 40.1705 24
      vertex -56.8847 40.1705 0
    endloop
  endfacet
  facet normal -0.989174 0.146746 0
    outer loop
      vertex -56.8847 40.1705 24
      vertex -56.9711 39.5881 0
      vertex -56.9711 39.5881 24
    endloop
  endfacet
  facet normal -0.6717 -0.740823 0
    outer loop
      vertex -55.2426 -43.2426 0
      vertex -54.8064 -43.6381 24
      vertex -55.2426 -43.2426 24
    endloop
  endfacet
  facet normal -0.6717 -0.740823 -0
    outer loop
      vertex -54.8064 -43.6381 24
      vertex -55.2426 -43.2426 0
      vertex -54.8064 -43.6381 0
    endloop
  endfacet
  facet normal -0.243015 -0.970023 0
    outer loop
      vertex -52.7417 -44.7416 0
      vertex -52.1705 -44.8847 24
      vertex -52.7417 -44.7416 24
    endloop
  endfacet
  facet normal -0.243015 -0.970023 -0
    outer loop
      vertex -52.1705 -44.8847 24
      vertex -52.7417 -44.7416 0
      vertex -52.1705 -44.8847 0
    endloop
  endfacet
  facet normal -0.94158 -0.336788 0
    outer loop
      vertex -56.5433 -41.2961 0
      vertex -56.7416 -40.7417 24
      vertex -56.7416 -40.7417 0
    endloop
  endfacet
  facet normal -0.94158 -0.336788 0
    outer loop
      vertex -56.7416 -40.7417 24
      vertex -56.5433 -41.2961 0
      vertex -56.5433 -41.2961 24
    endloop
  endfacet
  facet normal -0.146746 0.989174 0
    outer loop
      vertex -51.5881 44.9711 0
      vertex -52.1705 44.8847 24
      vertex -51.5881 44.9711 24
    endloop
  endfacet
  facet normal -0.146746 0.989174 0
    outer loop
      vertex -52.1705 44.8847 24
      vertex -51.5881 44.9711 0
      vertex -52.1705 44.8847 0
    endloop
  endfacet
  facet normal -0.514121 0.857718 0
    outer loop
      vertex -53.8284 44.2915 0
      vertex -54.3334 43.9888 24
      vertex -53.8284 44.2915 24
    endloop
  endfacet
  facet normal -0.514121 0.857718 0
    outer loop
      vertex -54.3334 43.9888 24
      vertex -53.8284 44.2915 0
      vertex -54.3334 43.9888 0
    endloop
  endfacet
  facet normal -0.336788 0.94158 0
    outer loop
      vertex -52.7417 44.7416 0
      vertex -53.2961 44.5433 24
      vertex -52.7417 44.7416 24
    endloop
  endfacet
  facet normal -0.336788 0.94158 0
    outer loop
      vertex -53.2961 44.5433 24
      vertex -52.7417 44.7416 0
      vertex -53.2961 44.5433 0
    endloop
  endfacet
  facet normal -0.903962 0.427612 0
    outer loop
      vertex -56.5433 41.2961 0
      vertex -56.2915 41.8284 24
      vertex -56.2915 41.8284 0
    endloop
  endfacet
  facet normal -0.903962 0.427612 0
    outer loop
      vertex -56.2915 41.8284 24
      vertex -56.5433 41.2961 0
      vertex -56.5433 41.2961 24
    endloop
  endfacet
  facet normal -1 0 0
    outer loop
      vertex -57 -39 0
      vertex -57 39 24
      vertex -57 39 0
    endloop
  endfacet
  facet normal -1 -0 0
    outer loop
      vertex -57 39 24
      vertex -57 -39 0
      vertex -57 -39 24
    endloop
  endfacet
  facet normal 0 -1 0
    outer loop
      vertex -51 -45 0
      vertex 51 -45 24
      vertex -51 -45 24
    endloop
  endfacet
  facet normal 0 -1 -0
    outer loop
      vertex 51 -45 24
      vertex -51 -45 0
      vertex 51 -45 0
    endloop
  endfacet
  facet normal 0.595589 0.803289 -0
    outer loop
      vertex 54.8064 43.6381 0
      vertex 54.3334 43.9888 24
      vertex 54.8064 43.6381 24
    endloop
  endfacet
  facet normal 0.595589 0.803289 0
    outer loop
      vertex 54.3334 43.9888 24
      vertex 54.8064 43.6381 0
      vertex 54.3334 43.9888 0
    endloop
  endfacet
  facet normal -0.336788 -0.94158 0
    outer loop
      vertex -53.2961 -44.5433 0
      vertex -52.7417 -44.7416 24
      vertex -53.2961 -44.5433 24
    endloop
  endfacet
  facet normal -0.336788 -0.94158 -0
    outer loop
      vertex -52.7417 -44.7416 24
      vertex -53.2961 -44.5433 0
      vertex -52.7417 -44.7416 0
    endloop
  endfacet
  facet normal 0.989174 -0.146746 0
    outer loop
      vertex 56.8847 -40.1705 24
      vertex 56.9711 -39.5881 0
      vertex 56.9711 -39.5881 24
    endloop
  endfacet
  facet normal 0.989174 -0.146746 0
    outer loop
      vertex 56.9711 -39.5881 0
      vertex 56.8847 -40.1705 24
      vertex 56.8847 -40.1705 0
    endloop
  endfacet
  facet normal 0.514121 -0.857718 0
    outer loop
      vertex 53.8284 -44.2915 0
      vertex 54.3334 -43.9888 24
      vertex 53.8284 -44.2915 24
    endloop
  endfacet
  facet normal 0.514121 -0.857718 0
    outer loop
      vertex 54.3334 -43.9888 24
      vertex 53.8284 -44.2915 0
      vertex 54.3334 -43.9888 0
    endloop
  endfacet
  facet normal -0.0490821 -0.998795 0
    outer loop
      vertex -51.5881 -44.9711 0
      vertex -51 -45 24
      vertex -51.5881 -44.9711 24
    endloop
  endfacet
  facet normal -0.0490821 -0.998795 -0
    outer loop
      vertex -51 -45 24
      vertex -51.5881 -44.9711 0
      vertex -51 -45 0
    endloop
  endfacet
  facet normal 0.146746 0.989174 -0
    outer loop
      vertex 52.1705 44.8847 0
      vertex 51.5881 44.9711 24
      vertex 52.1705 44.8847 24
    endloop
  endfacet
  facet normal 0.146746 0.989174 0
    outer loop
      vertex 51.5881 44.9711 24
      vertex 52.1705 44.8847 0
      vertex 51.5881 44.9711 0
    endloop
  endfacet
  facet normal -0.146746 -0.989174 0
    outer loop
      vertex -52.1705 -44.8847 0
      vertex -51.5881 -44.9711 24
      vertex -52.1705 -44.8847 24
    endloop
  endfacet
  facet normal -0.146746 -0.989174 -0
    outer loop
      vertex -51.5881 -44.9711 24
      vertex -52.1705 -44.8847 0
      vertex -51.5881 -44.9711 0
    endloop
  endfacet
  facet normal -0.514121 -0.857718 0
    outer loop
      vertex -54.3334 -43.9888 0
      vertex -53.8284 -44.2915 24
      vertex -54.3334 -43.9888 24
    endloop
  endfacet
  facet normal -0.514121 -0.857718 -0
    outer loop
      vertex -53.8284 -44.2915 24
      vertex -54.3334 -43.9888 0
      vertex -53.8284 -44.2915 0
    endloop
  endfacet
  facet normal 0.0490821 0.998795 -0
    outer loop
      vertex 51.5881 44.9711 0
      vertex 51 45 24
      vertex 51.5881 44.9711 24
    endloop
  endfacet
  facet normal 0.0490821 0.998795 0
    outer loop
      vertex 51 45 24
      vertex 51.5881 44.9711 0
      vertex 51 45 0
    endloop
  endfacet
  facet normal 0.970023 -0.243015 0
    outer loop
      vertex 56.7416 -40.7417 24
      vertex 56.8847 -40.1705 0
      vertex 56.8847 -40.1705 24
    endloop
  endfacet
  facet normal 0.970023 -0.243015 0
    outer loop
      vertex 56.8847 -40.1705 0
      vertex 56.7416 -40.7417 24
      vertex 56.7416 -40.7417 0
    endloop
  endfacet
  facet normal 0.998795 0.0490821 0
    outer loop
      vertex 57 39 24
      vertex 56.9711 39.5881 0
      vertex 56.9711 39.5881 24
    endloop
  endfacet
  facet normal 0.998795 0.0490821 0
    outer loop
      vertex 56.9711 39.5881 0
      vertex 57 39 24
      vertex 57 39 0
    endloop
  endfacet
  facet normal 0.803289 0.595589 0
    outer loop
      vertex 55.9888 42.3334 24
      vertex 55.6381 42.8064 0
      vertex 55.6381 42.8064 24
    endloop
  endfacet
  facet normal 0.803289 0.595589 0
    outer loop
      vertex 55.6381 42.8064 0
      vertex 55.9888 42.3334 24
      vertex 55.9888 42.3334 0
    endloop
  endfacet
  facet normal -0.857718 -0.514121 0
    outer loop
      vertex -55.9888 -42.3334 0
      vertex -56.2915 -41.8284 24
      vertex -56.2915 -41.8284 0
    endloop
  endfacet
  facet normal -0.857718 -0.514121 0
    outer loop
      vertex -56.2915 -41.8284 24
      vertex -55.9888 -42.3334 0
      vertex -55.9888 -42.3334 24
    endloop
  endfacet
  facet normal -0.6717 0.740823 0
    outer loop
      vertex -54.8064 43.6381 0
      vertex -55.2426 43.2426 24
      vertex -54.8064 43.6381 24
    endloop
  endfacet
  facet normal -0.6717 0.740823 0
    outer loop
      vertex -55.2426 43.2426 24
      vertex -54.8064 43.6381 0
      vertex -55.2426 43.2426 0
    endloop
  endfacet
  facet normal 0.94158 0.336788 0
    outer loop
      vertex 56.7416 40.7417 24
      vertex 56.5433 41.2961 0
      vertex 56.5433 41.2961 24
    endloop
  endfacet
  facet normal 0.94158 0.336788 0
    outer loop
      vertex 56.5433 41.2961 0
      vertex 56.7416 40.7417 24
      vertex 56.7416 40.7417 0
    endloop
  endfacet
  facet normal -0.427612 0.903962 0
    outer loop
      vertex -53.2961 44.5433 0
      vertex -53.8284 44.2915 24
      vertex -53.2961 44.5433 24
    endloop
  endfacet
  facet normal -0.427612 0.903962 0
    outer loop
      vertex -53.8284 44.2915 24
      vertex -53.2961 44.5433 0
      vertex -53.8284 44.2915 0
    endloop
  endfacet
  facet normal 0.803289 -0.595589 0
    outer loop
      vertex 55.6381 -42.8064 24
      vertex 55.9888 -42.3334 0
      vertex 55.9888 -42.3334 24
    endloop
  endfacet
  facet normal 0.803289 -0.595589 0
    outer loop
      vertex 55.9888 -42.3334 0
      vertex 55.6381 -42.8064 24
      vertex 55.6381 -42.8064 0
    endloop
  endfacet
  facet normal 0.243015 0.970023 -0
    outer loop
      vertex 52.7417 44.7416 0
      vertex 52.1705 44.8847 24
      vertex 52.7417 44.7416 24
    endloop
  endfacet
  facet normal 0.243015 0.970023 0
    outer loop
      vertex 52.1705 44.8847 24
      vertex 52.7417 44.7416 0
      vertex 52.1705 44.8847 0
    endloop
  endfacet
  facet normal 1 0 0
    outer loop
      vertex 57 26.0851 12.6961
      vertex 57 39 24
      vertex 57 26.1 13
    endloop
  endfacet
  facet normal 1 0 0
    outer loop
      vertex 57 39 24
      vertex 57 26.0851 13.3039
      vertex 57 26.1 13
    endloop
  endfacet
  facet normal 1 0 0
    outer loop
      vertex 57 39 24
      vertex 57 26.0404 13.6048
      vertex 57 26.0851 13.3039
    endloop
  endfacet
  facet normal 1 0 0
    outer loop
      vertex 57 39 24
      vertex 57 25.9665 13.8999
      vertex 57 26.0404 13.6048
    endloop
  endfacet
  facet normal 1 0 0
    outer loop
      vertex 57 39 24
      vertex 57 25.864 14.1863
      vertex 57 25.9665 13.8999
    endloop
  endfacet
  facet normal 1 0 0
    outer loop
      vertex 57 39 24
      vertex 57 25.734 14.4613
      vertex 57 25.864 14.1863
    endloop
  endfacet
  facet normal 1 0 0
    outer loop
      vertex 57 39 24
      vertex 57 25.5776 14.7223
      vertex 57 25.734 14.4613
    endloop
  endfacet
  facet normal 1 0 0
    outer loop
      vertex 57 39 24
      vertex 57 25.3963 14.9666
      vertex 57 25.5776 14.7223
    endloop
  endfacet
  facet normal 1 0 0
    outer loop
      vertex 57 39 24
      vertex 57 25.192 15.192
      vertex 57 25.3963 14.9666
    endloop
  endfacet
  facet normal 1 0 0
    outer loop
      vertex 57 39 24
      vertex 57 24.9666 15.3963
      vertex 57 25.192 15.192
    endloop
  endfacet
  facet normal 1 0 0
    outer loop
      vertex 57 39 24
      vertex 57 24.7223 15.5776
      vertex 57 24.9666 15.3963
    endloop
  endfacet
  facet normal 1 0 0
    outer loop
      vertex 57 39 24
      vertex 57 24.4613 15.734
      vertex 57 24.7223 15.5776
    endloop
  endfacet
  facet normal 1 0 0
    outer loop
      vertex 57 39 24
      vertex 57 24.1863 15.864
      vertex 57 24.4613 15.734
    endloop
  endfacet
  facet normal 1 0 0
    outer loop
      vertex 57 39 24
      vertex 57 23.8999 15.9665
      vertex 57 24.1863 15.864
    endloop
  endfacet
  facet normal 1 0 0
    outer loop
      vertex 57 39 24
      vertex 57 23.6048 16.0404
      vertex 57 23.8999 15.9665
    endloop
  endfacet
  facet normal 1 0 0
    outer loop
      vertex 57 39 24
      vertex 57 23.3039 16.0851
      vertex 57 23.6048 16.0404
    endloop
  endfacet
  facet normal 1 0 0
    outer loop
      vertex 57 39 24
      vertex 57 23 16.1
      vertex 57 23.3039 16.0851
    endloop
  endfacet
  facet normal 1 0 0
    outer loop
      vertex 57 39 24
      vertex 57 22.6961 16.0851
      vertex 57 23 16.1
    endloop
  endfacet
  facet normal 1 0 0
    outer loop
      vertex 57 39 24
      vertex 57 22.3952 16.0404
      vertex 57 22.6961 16.0851
    endloop
  endfacet
  facet normal 1 -0 0
    outer loop
      vertex 57 8.66331 16.3347
      vertex 57 22.3952 16.0404
      vertex 57 39 24
    endloop
  endfacet
  facet normal 1 -0 -0
    outer loop
      vertex 57 8.98697 16.2536
      vertex 57 22.3952 16.0404
      vertex 57 8.66331 16.3347
    endloop
  endfacet
  facet normal 1 0 0
    outer loop
      vertex 57 22.3952 16.0404
      vertex 57 8.98697 16.2536
      vertex 57 22.1001 15.9665
    endloop
  endfacet
  facet normal 1 0 0
    outer loop
      vertex 57 19.9149 13.3039
      vertex 57 11.4 13
      vertex 57 19.9 13
    endloop
  endfacet
  facet normal 1 -0 0
    outer loop
      vertex 57 11.3836 13.3333
      vertex 57 19.9149 13.3039
      vertex 57 19.9596 13.6048
    endloop
  endfacet
  facet normal 1 -0 0
    outer loop
      vertex 57 11.3347 13.6633
      vertex 57 19.9596 13.6048
      vertex 57 20.0335 13.8999
    endloop
  endfacet
  facet normal 1 -0 0
    outer loop
      vertex 57 11.2536 13.987
      vertex 57 20.0335 13.8999
      vertex 57 20.136 14.1863
    endloop
  endfacet
  facet normal 1 -0 0
    outer loop
      vertex 57 11.1412 14.3011
      vertex 57 20.136 14.1863
      vertex 57 20.266 14.4613
    endloop
  endfacet
  facet normal 1 -0 0
    outer loop
      vertex 57 10.9985 14.6027
      vertex 57 20.266 14.4613
      vertex 57 20.4224 14.7223
    endloop
  endfacet
  facet normal 1 -0 0
    outer loop
      vertex 57 10.827 14.8889
      vertex 57 20.4224 14.7223
      vertex 57 20.6037 14.9666
    endloop
  endfacet
  facet normal 1 -0 0
    outer loop
      vertex 57 10.6282 15.1569
      vertex 57 20.6037 14.9666
      vertex 57 20.808 15.192
    endloop
  endfacet
  facet normal 1 0 0
    outer loop
      vertex 57 10.4042 15.4042
      vertex 57 20.808 15.192
      vertex 57 21.0334 15.3963
    endloop
  endfacet
  facet normal 1 0 0
    outer loop
      vertex 57 10.1569 15.6282
      vertex 57 21.0334 15.3963
      vertex 57 21.2777 15.5776
    endloop
  endfacet
  facet normal 1 0 0
    outer loop
      vertex 57 9.88894 15.827
      vertex 57 21.2777 15.5776
      vertex 57 21.5387 15.734
    endloop
  endfacet
  facet normal 1 0 0
    outer loop
      vertex 57 22.1001 15.9665
      vertex 57 9.30112 16.1412
      vertex 57 21.8137 15.864
    endloop
  endfacet
  facet normal 1 0 0
    outer loop
      vertex 57 19.9149 13.3039
      vertex 57 11.3836 13.3333
      vertex 57 11.4 13
    endloop
  endfacet
  facet normal 1 0 0
    outer loop
      vertex 57 19.9596 13.6048
      vertex 57 11.3347 13.6633
      vertex 57 11.3836 13.3333
    endloop
  endfacet
  facet normal 1 0 0
    outer loop
      vertex 57 20.0335 13.8999
      vertex 57 11.2536 13.987
      vertex 57 11.3347 13.6633
    endloop
  endfacet
  facet normal 1 0 0
    outer loop
      vertex 57 20.136 14.1863
      vertex 57 11.1412 14.3011
      vertex 57 11.2536 13.987
    endloop
  endfacet
  facet normal 1 0 0
    outer loop
      vertex 57 20.266 14.4613
      vertex 57 10.9985 14.6027
      vertex 57 11.1412 14.3011
    endloop
  endfacet
  facet normal 1 0 0
    outer loop
      vertex 57 20.4224 14.7223
      vertex 57 10.827 14.8889
      vertex 57 10.9985 14.6027
    endloop
  endfacet
  facet normal 1 0 0
    outer loop
      vertex 57 20.6037 14.9666
      vertex 57 10.6282 15.1569
      vertex 57 10.827 14.8889
    endloop
  endfacet
  facet normal 1 0 0
    outer loop
      vertex 57 20.808 15.192
      vertex 57 10.4042 15.4042
      vertex 57 10.6282 15.1569
    endloop
  endfacet
  facet normal 1 0 0
    outer loop
      vertex 57 21.0334 15.3963
      vertex 57 10.1569 15.6282
      vertex 57 10.4042 15.4042
    endloop
  endfacet
  facet normal 1 0 0
    outer loop
      vertex 57 21.2777 15.5776
      vertex 57 9.88894 15.827
      vertex 57 10.1569 15.6282
    endloop
  endfacet
  facet normal 1 0 0
    outer loop
      vertex 57 21.5387 15.734
      vertex 57 9.60275 15.9985
      vertex 57 9.88894 15.827
    endloop
  endfacet
  facet normal 1 0 0
    outer loop
      vertex 57 21.8137 15.864
      vertex 57 9.60275 15.9985
      vertex 57 21.5387 15.734
    endloop
  endfacet
  facet normal 1 -0 -0
    outer loop
      vertex 57 9.60275 15.9985
      vertex 57 21.8137 15.864
      vertex 57 9.30112 16.1412
    endloop
  endfacet
  facet normal 1 -0 -0
    outer loop
      vertex 57 9.30112 16.1412
      vertex 57 22.1001 15.9665
      vertex 57 8.98697 16.2536
    endloop
  endfacet
  facet normal 1 0 0
    outer loop
      vertex 57 39 24
      vertex 57 8.33326 16.3836
      vertex 57 8.66331 16.3347
    endloop
  endfacet
  facet normal 1 0 0
    outer loop
      vertex 57 39 24
      vertex 57 8 16.4
      vertex 57 8.33326 16.3836
    endloop
  endfacet
  facet normal 1 0 0
    outer loop
      vertex 57 39 24
      vertex 57 -4 16.4
      vertex 57 8 16.4
    endloop
  endfacet
  facet normal 1 -0 0
    outer loop
      vertex 57 -39 24
      vertex 57 -4 16.4
      vertex 57 39 24
    endloop
  endfacet
  facet normal 1 0 0
    outer loop
      vertex 57 -4 16.4
      vertex 57 -39 24
      vertex 57 -4.33326 16.3836
    endloop
  endfacet
  facet normal 1 0 0
    outer loop
      vertex 57 -7.38363 13.3333
      vertex 57 -19.5 10.9
      vertex 57 -7.4 13
    endloop
  endfacet
  facet normal 1 0 0
    outer loop
      vertex 57 -7.33467 13.6633
      vertex 57 -19.5 10.9
      vertex 57 -7.38363 13.3333
    endloop
  endfacet
  facet normal 1 0 0
    outer loop
      vertex 57 -7.2536 13.987
      vertex 57 -19.5 10.9
      vertex 57 -7.33467 13.6633
    endloop
  endfacet
  facet normal 1 0 0
    outer loop
      vertex 57 -7.14119 14.3011
      vertex 57 -19.5 10.9
      vertex 57 -7.2536 13.987
    endloop
  endfacet
  facet normal 1 0 0
    outer loop
      vertex 57 -6.99853 14.6027
      vertex 57 -19.5 10.9
      vertex 57 -7.14119 14.3011
    endloop
  endfacet
  facet normal 1 0 0
    outer loop
      vertex 57 -6.827 14.8889
      vertex 57 -19.5 10.9
      vertex 57 -6.99853 14.6027
    endloop
  endfacet
  facet normal 1 0 0
    outer loop
      vertex 57 -6.62823 15.1569
      vertex 57 -19.5 10.9
      vertex 57 -6.827 14.8889
    endloop
  endfacet
  facet normal 1 0 0
    outer loop
      vertex 57 -6.40416 15.4042
      vertex 57 -19.5 10.9
      vertex 57 -6.62823 15.1569
    endloop
  endfacet
  facet normal 1 0 0
    outer loop
      vertex 57 -6.15694 15.6282
      vertex 57 -19.5 10.9
      vertex 57 -6.40416 15.4042
    endloop
  endfacet
  facet normal 1 0 0
    outer loop
      vertex 57 -39 24
      vertex 57 -6.15694 15.6282
      vertex 57 -5.88894 15.827
    endloop
  endfacet
  facet normal 1 0 0
    outer loop
      vertex 57 -39 24
      vertex 57 -5.88894 15.827
      vertex 57 -5.60275 15.9985
    endloop
  endfacet
  facet normal 1 0 0
    outer loop
      vertex 57 -39 24
      vertex 57 -5.60275 15.9985
      vertex 57 -5.30112 16.1412
    endloop
  endfacet
  facet normal 1 0 0
    outer loop
      vertex 57 -6.15694 15.6282
      vertex 57 -39 24
      vertex 57 -19.5 10.9
    endloop
  endfacet
  facet normal 1 0 0
    outer loop
      vertex 57 -39 24
      vertex 57 -5.30112 16.1412
      vertex 57 -4.98697 16.2536
    endloop
  endfacet
  facet normal 1 0 0
    outer loop
      vertex 57 -39 24
      vertex 57 -4.98697 16.2536
      vertex 57 -4.66331 16.3347
    endloop
  endfacet
  facet normal 1 0 0
    outer loop
      vertex 57 -39 0
      vertex 57 -30.5 10.9
      vertex 57 -39 24
    endloop
  endfacet
  facet normal 1 0 0
    outer loop
      vertex 57 -19.5 10.9
      vertex 57 -39 24
      vertex 57 -30.5 10.9
    endloop
  endfacet
  facet normal 1 0 0
    outer loop
      vertex 57 -4.33326 16.3836
      vertex 57 -39 24
      vertex 57 -4.66331 16.3347
    endloop
  endfacet
  facet normal 1 0 0
    outer loop
      vertex 57 39 24
      vertex 57 26.0851 12.6961
      vertex 57 39 0
    endloop
  endfacet
  facet normal 1 -0 0
    outer loop
      vertex 57 26.0404 12.3952
      vertex 57 39 0
      vertex 57 26.0851 12.6961
    endloop
  endfacet
  facet normal 1 -0 0
    outer loop
      vertex 57 25.9665 12.1001
      vertex 57 39 0
      vertex 57 26.0404 12.3952
    endloop
  endfacet
  facet normal 1 -0 0
    outer loop
      vertex 57 25.864 11.8137
      vertex 57 39 0
      vertex 57 25.9665 12.1001
    endloop
  endfacet
  facet normal 1 -0 0
    outer loop
      vertex 57 25.734 11.5387
      vertex 57 39 0
      vertex 57 25.864 11.8137
    endloop
  endfacet
  facet normal 1 -0 0
    outer loop
      vertex 57 25.5776 11.2777
      vertex 57 39 0
      vertex 57 25.734 11.5387
    endloop
  endfacet
  facet normal 1 -0 0
    outer loop
      vertex 57 25.3963 11.0334
      vertex 57 39 0
      vertex 57 25.5776 11.2777
    endloop
  endfacet
  facet normal 1 -0 0
    outer loop
      vertex 57 25.192 10.808
      vertex 57 39 0
      vertex 57 25.3963 11.0334
    endloop
  endfacet
  facet normal 1 -0 0
    outer loop
      vertex 57 24.9666 10.6037
      vertex 57 39 0
      vertex 57 25.192 10.808
    endloop
  endfacet
  facet normal 1 -0 0
    outer loop
      vertex 57 24.7223 10.4224
      vertex 57 39 0
      vertex 57 24.9666 10.6037
    endloop
  endfacet
  facet normal 1 -0 0
    outer loop
      vertex 57 24.4613 10.266
      vertex 57 39 0
      vertex 57 24.7223 10.4224
    endloop
  endfacet
  facet normal 1 -0 0
    outer loop
      vertex 57 24.1863 10.136
      vertex 57 39 0
      vertex 57 24.4613 10.266
    endloop
  endfacet
  facet normal 1 -0 0
    outer loop
      vertex 57 23.8999 10.0335
      vertex 57 39 0
      vertex 57 24.1863 10.136
    endloop
  endfacet
  facet normal 1 -0 0
    outer loop
      vertex 57 23.6048 9.95957
      vertex 57 39 0
      vertex 57 23.8999 10.0335
    endloop
  endfacet
  facet normal 1 -0 0
    outer loop
      vertex 57 23.3039 9.91493
      vertex 57 39 0
      vertex 57 23.6048 9.95957
    endloop
  endfacet
  facet normal 1 -0 0
    outer loop
      vertex 57 23 9.9
      vertex 57 39 0
      vertex 57 23.3039 9.91493
    endloop
  endfacet
  facet normal 1 0 0
    outer loop
      vertex 57 22.6961 9.91493
      vertex 57 39 0
      vertex 57 23 9.9
    endloop
  endfacet
  facet normal 1 0 0
    outer loop
      vertex 57 22.3952 9.95957
      vertex 57 39 0
      vertex 57 22.6961 9.91493
    endloop
  endfacet
  facet normal 1 0 0
    outer loop
      vertex 57 8.98697 9.7464
      vertex 57 22.3952 9.95957
      vertex 57 22.1001 10.0335
    endloop
  endfacet
  facet normal 1 0 0
    outer loop
      vertex 57 9.30112 9.85881
      vertex 57 22.1001 10.0335
      vertex 57 21.8137 10.136
    endloop
  endfacet
  facet normal 1 0 0
    outer loop
      vertex 57 9.60275 10.0015
      vertex 57 21.8137 10.136
      vertex 57 21.5387 10.266
    endloop
  endfacet
  facet normal 1 -0 0
    outer loop
      vertex 57 11.4 13
      vertex 57 19.9149 12.6961
      vertex 57 19.9 13
    endloop
  endfacet
  facet normal 1 0 0
    outer loop
      vertex 57 11.3836 12.6667
      vertex 57 19.9149 12.6961
      vertex 57 11.4 13
    endloop
  endfacet
  facet normal 1 0 0
    outer loop
      vertex 57 19.9149 12.6961
      vertex 57 11.3836 12.6667
      vertex 57 19.9596 12.3952
    endloop
  endfacet
  facet normal 1 0 0
    outer loop
      vertex 57 11.3347 12.3367
      vertex 57 19.9596 12.3952
      vertex 57 11.3836 12.6667
    endloop
  endfacet
  facet normal 1 0 0
    outer loop
      vertex 57 19.9596 12.3952
      vertex 57 11.3347 12.3367
      vertex 57 20.0335 12.1001
    endloop
  endfacet
  facet normal 1 0 0
    outer loop
      vertex 57 11.2536 12.013
      vertex 57 20.0335 12.1001
      vertex 57 11.3347 12.3367
    endloop
  endfacet
  facet normal 1 0 0
    outer loop
      vertex 57 20.0335 12.1001
      vertex 57 11.2536 12.013
      vertex 57 20.136 11.8137
    endloop
  endfacet
  facet normal 1 0 0
    outer loop
      vertex 57 11.1412 11.6989
      vertex 57 20.136 11.8137
      vertex 57 11.2536 12.013
    endloop
  endfacet
  facet normal 1 0 0
    outer loop
      vertex 57 20.136 11.8137
      vertex 57 11.1412 11.6989
      vertex 57 20.266 11.5387
    endloop
  endfacet
  facet normal 1 0 0
    outer loop
      vertex 57 10.9985 11.3973
      vertex 57 20.266 11.5387
      vertex 57 11.1412 11.6989
    endloop
  endfacet
  facet normal 1 0 0
    outer loop
      vertex 57 20.266 11.5387
      vertex 57 10.9985 11.3973
      vertex 57 20.4224 11.2777
    endloop
  endfacet
  facet normal 1 0 0
    outer loop
      vertex 57 10.827 11.1111
      vertex 57 20.4224 11.2777
      vertex 57 10.9985 11.3973
    endloop
  endfacet
  facet normal 1 0 0
    outer loop
      vertex 57 20.4224 11.2777
      vertex 57 10.827 11.1111
      vertex 57 20.6037 11.0334
    endloop
  endfacet
  facet normal 1 0 0
    outer loop
      vertex 57 10.6282 10.8431
      vertex 57 20.6037 11.0334
      vertex 57 10.827 11.1111
    endloop
  endfacet
  facet normal 1 0 0
    outer loop
      vertex 57 20.6037 11.0334
      vertex 57 10.6282 10.8431
      vertex 57 20.808 10.808
    endloop
  endfacet
  facet normal 1 0 0
    outer loop
      vertex 57 10.4042 10.5958
      vertex 57 20.808 10.808
      vertex 57 10.6282 10.8431
    endloop
  endfacet
  facet normal 1 0 0
    outer loop
      vertex 57 20.808 10.808
      vertex 57 10.4042 10.5958
      vertex 57 21.0334 10.6037
    endloop
  endfacet
  facet normal 1 0 0
    outer loop
      vertex 57 10.1569 10.3718
      vertex 57 21.0334 10.6037
      vertex 57 10.4042 10.5958
    endloop
  endfacet
  facet normal 1 0 0
    outer loop
      vertex 57 21.0334 10.6037
      vertex 57 10.1569 10.3718
      vertex 57 21.2777 10.4224
    endloop
  endfacet
  facet normal 1 0 0
    outer loop
      vertex 57 9.88894 10.173
      vertex 57 21.2777 10.4224
      vertex 57 10.1569 10.3718
    endloop
  endfacet
  facet normal 1 0 0
    outer loop
      vertex 57 21.2777 10.4224
      vertex 57 9.88894 10.173
      vertex 57 21.5387 10.266
    endloop
  endfacet
  facet normal 1 0 0
    outer loop
      vertex 57 9.60275 10.0015
      vertex 57 21.5387 10.266
      vertex 57 9.88894 10.173
    endloop
  endfacet
  facet normal 1 0 0
    outer loop
      vertex 57 21.8137 10.136
      vertex 57 9.60275 10.0015
      vertex 57 9.30112 9.85881
    endloop
  endfacet
  facet normal 1 0 0
    outer loop
      vertex 57 22.1001 10.0335
      vertex 57 9.30112 9.85881
      vertex 57 8.98697 9.7464
    endloop
  endfacet
  facet normal 1 0 0
    outer loop
      vertex 57 22.3952 9.95957
      vertex 57 8.98697 9.7464
      vertex 57 39 0
    endloop
  endfacet
  facet normal 1 -0 0
    outer loop
      vertex 57 8.66331 9.66533
      vertex 57 39 0
      vertex 57 8.98697 9.7464
    endloop
  endfacet
  facet normal 1 -0 0
    outer loop
      vertex 57 8.33326 9.61637
      vertex 57 39 0
      vertex 57 8.66331 9.66533
    endloop
  endfacet
  facet normal 1 -0 0
    outer loop
      vertex 57 8 9.6
      vertex 57 39 0
      vertex 57 8.33326 9.61637
    endloop
  endfacet
  facet normal 1 0 0
    outer loop
      vertex 57 -19.5 6.1
      vertex 57 8 9.6
      vertex 57 -4 9.6
    endloop
  endfacet
  facet normal 1 0 0
    outer loop
      vertex 57 -19.5 6.1
      vertex 57 -4 9.6
      vertex 57 -4.33326 9.61637
    endloop
  endfacet
  facet normal 1 0 0
    outer loop
      vertex 57 -19.5 6.1
      vertex 57 -4.33326 9.61637
      vertex 57 -4.66331 9.66533
    endloop
  endfacet
  facet normal 1 0 0
    outer loop
      vertex 57 -19.5 10.9
      vertex 57 -7.38363 12.6667
      vertex 57 -7.4 13
    endloop
  endfacet
  facet normal 1 0 0
    outer loop
      vertex 57 -19.5 10.9
      vertex 57 -7.33467 12.3367
      vertex 57 -7.38363 12.6667
    endloop
  endfacet
  facet normal 1 0 0
    outer loop
      vertex 57 -19.5 10.9
      vertex 57 -7.2536 12.013
      vertex 57 -7.33467 12.3367
    endloop
  endfacet
  facet normal 1 0 0
    outer loop
      vertex 57 -19.5 10.9
      vertex 57 -7.14119 11.6989
      vertex 57 -7.2536 12.013
    endloop
  endfacet
  facet normal 1 0 0
    outer loop
      vertex 57 -19.5 10.9
      vertex 57 -6.99853 11.3973
      vertex 57 -7.14119 11.6989
    endloop
  endfacet
  facet normal 1 0 0
    outer loop
      vertex 57 -19.5 6.1
      vertex 57 -6.99853 11.3973
      vertex 57 -19.5 10.9
    endloop
  endfacet
  facet normal 1 0 0
    outer loop
      vertex 57 -6.99853 11.3973
      vertex 57 -19.5 6.1
      vertex 57 -6.827 11.1111
    endloop
  endfacet
  facet normal 1 0 0
    outer loop
      vertex 57 -6.827 11.1111
      vertex 57 -19.5 6.1
      vertex 57 -6.62823 10.8431
    endloop
  endfacet
  facet normal 1 0 0
    outer loop
      vertex 57 -6.62823 10.8431
      vertex 57 -19.5 6.1
      vertex 57 -6.40416 10.5958
    endloop
  endfacet
  facet normal 1 0 0
    outer loop
      vertex 57 -6.40416 10.5958
      vertex 57 -19.5 6.1
      vertex 57 -6.15694 10.3718
    endloop
  endfacet
  facet normal 1 0 0
    outer loop
      vertex 57 -6.15694 10.3718
      vertex 57 -19.5 6.1
      vertex 57 -5.88894 10.173
    endloop
  endfacet
  facet normal 1 0 0
    outer loop
      vertex 57 -5.88894 10.173
      vertex 57 -19.5 6.1
      vertex 57 -5.60275 10.0015
    endloop
  endfacet
  facet normal 1 0 0
    outer loop
      vertex 57 -5.60275 10.0015
      vertex 57 -19.5 6.1
      vertex 57 -5.30112 9.85881
    endloop
  endfacet
  facet normal 1 0 0
    outer loop
      vertex 57 -5.30112 9.85881
      vertex 57 -19.5 6.1
      vertex 57 -4.98697 9.7464
    endloop
  endfacet
  facet normal 1 0 0
    outer loop
      vertex 57 -4.98697 9.7464
      vertex 57 -19.5 6.1
      vertex 57 -4.66331 9.66533
    endloop
  endfacet
  facet normal 1 0 0
    outer loop
      vertex 57 8 9.6
      vertex 57 -19.5 6.1
      vertex 57 39 0
    endloop
  endfacet
  facet normal 1 0 0
    outer loop
      vertex 57 -39 0
      vertex 57 -19.5 6.1
      vertex 57 -30.5 6.1
    endloop
  endfacet
  facet normal 1 0 0
    outer loop
      vertex 57 -19.5 6.1
      vertex 57 -39 0
      vertex 57 39 0
    endloop
  endfacet
  facet normal 1 0 0
    outer loop
      vertex 57 -30.5 10.9
      vertex 57 -39 0
      vertex 57 -30.5 6.1
    endloop
  endfacet
  facet normal 0.514121 0.857718 -0
    outer loop
      vertex 54.3334 43.9888 0
      vertex 53.8284 44.2915 24
      vertex 54.3334 43.9888 24
    endloop
  endfacet
  facet normal 0.514121 0.857718 0
    outer loop
      vertex 53.8284 44.2915 24
      vertex 54.3334 43.9888 0
      vertex 53.8284 44.2915 0
    endloop
  endfacet
  facet normal -0.903962 -0.427612 0
    outer loop
      vertex -56.2915 -41.8284 0
      vertex -56.5433 -41.2961 24
      vertex -56.5433 -41.2961 0
    endloop
  endfacet
  facet normal -0.903962 -0.427612 0
    outer loop
      vertex -56.5433 -41.2961 24
      vertex -56.2915 -41.8284 0
      vertex -56.2915 -41.8284 24
    endloop
  endfacet
  facet normal -0.998795 -0.0490821 0
    outer loop
      vertex -56.9711 -39.5881 0
      vertex -57 -39 24
      vertex -57 -39 0
    endloop
  endfacet
  facet normal -0.998795 -0.0490821 0
    outer loop
      vertex -57 -39 24
      vertex -56.9711 -39.5881 0
      vertex -56.9711 -39.5881 24
    endloop
  endfacet
  facet normal -0.595589 -0.803289 0
    outer loop
      vertex -54.8064 -43.6381 0
      vertex -54.3334 -43.9888 24
      vertex -54.8064 -43.6381 24
    endloop
  endfacet
  facet normal -0.595589 -0.803289 -0
    outer loop
      vertex -54.3334 -43.9888 24
      vertex -54.8064 -43.6381 0
      vertex -54.3334 -43.9888 0
    endloop
  endfacet
  facet normal 0.998795 -0.0490821 0
    outer loop
      vertex 56.9711 -39.5881 24
      vertex 57 -39 0
      vertex 57 -39 24
    endloop
  endfacet
  facet normal 0.998795 -0.0490821 0
    outer loop
      vertex 57 -39 0
      vertex 56.9711 -39.5881 24
      vertex 56.9711 -39.5881 0
    endloop
  endfacet
  facet normal -0.427612 -0.903962 0
    outer loop
      vertex -53.8284 -44.2915 0
      vertex -53.2961 -44.5433 24
      vertex -53.8284 -44.2915 24
    endloop
  endfacet
  facet normal -0.427612 -0.903962 -0
    outer loop
      vertex -53.2961 -44.5433 24
      vertex -53.8284 -44.2915 0
      vertex -53.2961 -44.5433 0
    endloop
  endfacet
  facet normal 0.740823 0.6717 0
    outer loop
      vertex 55.6381 42.8064 24
      vertex 55.2426 43.2426 0
      vertex 55.2426 43.2426 24
    endloop
  endfacet
  facet normal 0.740823 0.6717 0
    outer loop
      vertex 55.2426 43.2426 0
      vertex 55.6381 42.8064 24
      vertex 55.6381 42.8064 0
    endloop
  endfacet
  facet normal 0.336788 0.94158 -0
    outer loop
      vertex 53.2961 44.5433 0
      vertex 52.7417 44.7416 24
      vertex 53.2961 44.5433 24
    endloop
  endfacet
  facet normal 0.336788 0.94158 0
    outer loop
      vertex 52.7417 44.7416 24
      vertex 53.2961 44.5433 0
      vertex 52.7417 44.7416 0
    endloop
  endfacet
  facet normal -0.998795 0.0490821 0
    outer loop
      vertex -57 39 0
      vertex -56.9711 39.5881 24
      vertex -56.9711 39.5881 0
    endloop
  endfacet
  facet normal -0.998795 0.0490821 0
    outer loop
      vertex -56.9711 39.5881 24
      vertex -57 39 0
      vertex -57 39 24
    endloop
  endfacet
  facet normal 0.857718 -0.514121 0
    outer loop
      vertex 55.9888 -42.3334 24
      vertex 56.2915 -41.8284 0
      vertex 56.2915 -41.8284 24
    endloop
  endfacet
  facet normal 0.857718 -0.514121 0
    outer loop
      vertex 56.2915 -41.8284 0
      vertex 55.9888 -42.3334 24
      vertex 55.9888 -42.3334 0
    endloop
  endfacet
  facet normal 0.427612 0.903962 -0
    outer loop
      vertex 53.8284 44.2915 0
      vertex 53.2961 44.5433 24
      vertex 53.8284 44.2915 24
    endloop
  endfacet
  facet normal 0.427612 0.903962 0
    outer loop
      vertex 53.2961 44.5433 24
      vertex 53.8284 44.2915 0
      vertex 53.2961 44.5433 0
    endloop
  endfacet
  facet normal 0.427612 -0.903962 0
    outer loop
      vertex 53.2961 -44.5433 0
      vertex 53.8284 -44.2915 24
      vertex 53.2961 -44.5433 24
    endloop
  endfacet
  facet normal 0.427612 -0.903962 0
    outer loop
      vertex 53.8284 -44.2915 24
      vertex 53.2961 -44.5433 0
      vertex 53.8284 -44.2915 0
    endloop
  endfacet
  facet normal 0.6717 0.740823 -0
    outer loop
      vertex 55.2426 43.2426 0
      vertex 54.8064 43.6381 24
      vertex 55.2426 43.2426 24
    endloop
  endfacet
  facet normal 0.6717 0.740823 0
    outer loop
      vertex 54.8064 43.6381 24
      vertex 55.2426 43.2426 0
      vertex 54.8064 43.6381 0
    endloop
  endfacet
  facet normal 0.243015 -0.970023 0
    outer loop
      vertex 52.1705 -44.8847 0
      vertex 52.7417 -44.7416 24
      vertex 52.1705 -44.8847 24
    endloop
  endfacet
  facet normal 0.243015 -0.970023 0
    outer loop
      vertex 52.7417 -44.7416 24
      vertex 52.1705 -44.8847 0
      vertex 52.7417 -44.7416 0
    endloop
  endfacet
  facet normal -0.243015 0.970023 0
    outer loop
      vertex -52.1705 44.8847 0
      vertex -52.7417 44.7416 24
      vertex -52.1705 44.8847 24
    endloop
  endfacet
  facet normal -0.243015 0.970023 0
    outer loop
      vertex -52.7417 44.7416 24
      vertex -52.1705 44.8847 0
      vertex -52.7417 44.7416 0
    endloop
  endfacet
  facet normal -0.94158 0.336788 0
    outer loop
      vertex -56.7416 40.7417 0
      vertex -56.5433 41.2961 24
      vertex -56.5433 41.2961 0
    endloop
  endfacet
  facet normal -0.94158 0.336788 0
    outer loop
      vertex -56.5433 41.2961 24
      vertex -56.7416 40.7417 0
      vertex -56.7416 40.7417 24
    endloop
  endfacet
  facet normal -0.970023 0.243015 0
    outer loop
      vertex -56.8847 40.1705 0
      vertex -56.7416 40.7417 24
      vertex -56.7416 40.7417 0
    endloop
  endfacet
  facet normal -0.970023 0.243015 0
    outer loop
      vertex -56.7416 40.7417 24
      vertex -56.8847 40.1705 0
      vertex -56.8847 40.1705 24
    endloop
  endfacet
  facet normal -0.970023 -0.243015 0
    outer loop
      vertex -56.7416 -40.7417 0
      vertex -56.8847 -40.1705 24
      vertex -56.8847 -40.1705 0
    endloop
  endfacet
  facet normal -0.970023 -0.243015 0
    outer loop
      vertex -56.8847 -40.1705 24
      vertex -56.7416 -40.7417 0
      vertex -56.7416 -40.7417 24
    endloop
  endfacet
  facet normal -0.803289 -0.595589 0
    outer loop
      vertex -55.6381 -42.8064 0
      vertex -55.9888 -42.3334 24
      vertex -55.9888 -42.3334 0
    endloop
  endfacet
  facet normal -0.803289 -0.595589 0
    outer loop
      vertex -55.9888 -42.3334 24
      vertex -55.6381 -42.8064 0
      vertex -55.6381 -42.8064 24
    endloop
  endfacet
  facet normal 0.146746 -0.989174 0
    outer loop
      vertex 51.5881 -44.9711 0
      vertex 52.1705 -44.8847 24
      vertex 51.5881 -44.9711 24
    endloop
  endfacet
  facet normal 0.146746 -0.989174 0
    outer loop
      vertex 52.1705 -44.8847 24
      vertex 51.5881 -44.9711 0
      vertex 52.1705 -44.8847 0
    endloop
  endfacet
  facet normal -0.740823 -0.6717 0
    outer loop
      vertex -55.2426 -43.2426 0
      vertex -55.6381 -42.8064 24
      vertex -55.6381 -42.8064 0
    endloop
  endfacet
  facet normal -0.740823 -0.6717 0
    outer loop
      vertex -55.6381 -42.8064 24
      vertex -55.2426 -43.2426 0
      vertex -55.2426 -43.2426 24
    endloop
  endfacet
  facet normal -0.803289 0.595589 0
    outer loop
      vertex -55.9888 42.3334 0
      vertex -55.6381 42.8064 24
      vertex -55.6381 42.8064 0
    endloop
  endfacet
  facet normal -0.803289 0.595589 0
    outer loop
      vertex -55.6381 42.8064 24
      vertex -55.9888 42.3334 0
      vertex -55.9888 42.3334 24
    endloop
  endfacet
  facet normal -0.989174 -0.146746 0
    outer loop
      vertex -56.8847 -40.1705 0
      vertex -56.9711 -39.5881 24
      vertex -56.9711 -39.5881 0
    endloop
  endfacet
  facet normal -0.989174 -0.146746 0
    outer loop
      vertex -56.9711 -39.5881 24
      vertex -56.8847 -40.1705 0
      vertex -56.8847 -40.1705 24
    endloop
  endfacet
  facet normal 0.94158 -0.336788 0
    outer loop
      vertex 56.5433 -41.2961 24
      vertex 56.7416 -40.7417 0
      vertex 56.7416 -40.7417 24
    endloop
  endfacet
  facet normal 0.94158 -0.336788 0
    outer loop
      vertex 56.7416 -40.7417 0
      vertex 56.5433 -41.2961 24
      vertex 56.5433 -41.2961 0
    endloop
  endfacet
  facet normal -0.740823 0.6717 0
    outer loop
      vertex -55.6381 42.8064 0
      vertex -55.2426 43.2426 24
      vertex -55.2426 43.2426 0
    endloop
  endfacet
  facet normal -0.740823 0.6717 0
    outer loop
      vertex -55.2426 43.2426 24
      vertex -55.6381 42.8064 0
      vertex -55.6381 42.8064 24
    endloop
  endfacet
  facet normal -0.595589 0.803289 0
    outer loop
      vertex -54.3334 43.9888 0
      vertex -54.8064 43.6381 24
      vertex -54.3334 43.9888 24
    endloop
  endfacet
  facet normal -0.595589 0.803289 0
    outer loop
      vertex -54.8064 43.6381 24
      vertex -54.3334 43.9888 0
      vertex -54.8064 43.6381 0
    endloop
  endfacet
  facet normal 0 0 -1
    outer loop
      vertex 55 -39 0
      vertex 57 -39 0
      vertex 56.9711 -39.5881 0
    endloop
  endfacet
  facet normal 0 0 -1
    outer loop
      vertex 57 -39 0
      vertex 55 -39 0
      vertex 57 39 0
    endloop
  endfacet
  facet normal 0 0 -1
    outer loop
      vertex 54.9807 -39.3921 0
      vertex 56.9711 -39.5881 0
      vertex 56.8847 -40.1705 0
    endloop
  endfacet
  facet normal 0 0 -1
    outer loop
      vertex 55 39 0
      vertex 57 39 0
      vertex 55 -39 0
    endloop
  endfacet
  facet normal 0 0 -1
    outer loop
      vertex 54.9231 -39.7804 0
      vertex 56.8847 -40.1705 0
      vertex 56.7416 -40.7417 0
    endloop
  endfacet
  facet normal 0 0 -1
    outer loop
      vertex 57 39 0
      vertex 55 39 0
      vertex 56.9711 39.5881 0
    endloop
  endfacet
  facet normal 0 0 -1
    outer loop
      vertex 54.8278 -40.1611 0
      vertex 56.7416 -40.7417 0
      vertex 56.5433 -41.2961 0
    endloop
  endfacet
  facet normal 0 0 -1
    outer loop
      vertex 54.9807 39.3921 0
      vertex 56.9711 39.5881 0
      vertex 55 39 0
    endloop
  endfacet
  facet normal 0 0 -1
    outer loop
      vertex 54.6955 -40.5307 0
      vertex 56.5433 -41.2961 0
      vertex 56.2915 -41.8284 0
    endloop
  endfacet
  facet normal -0 0 -1
    outer loop
      vertex 56.9711 39.5881 0
      vertex 54.9807 39.3921 0
      vertex 56.8847 40.1705 0
    endloop
  endfacet
  facet normal 0 0 -1
    outer loop
      vertex 54.5277 -40.8856 0
      vertex 56.2915 -41.8284 0
      vertex 55.9888 -42.3334 0
    endloop
  endfacet
  facet normal 0 0 -1
    outer loop
      vertex 54.9231 39.7804 0
      vertex 56.8847 40.1705 0
      vertex 54.9807 39.3921 0
    endloop
  endfacet
  facet normal 0 0 -1
    outer loop
      vertex 54.3259 -41.2223 0
      vertex 55.9888 -42.3334 0
      vertex 55.6381 -42.8064 0
    endloop
  endfacet
  facet normal -0 0 -1
    outer loop
      vertex 56.8847 40.1705 0
      vertex 54.9231 39.7804 0
      vertex 56.7416 40.7417 0
    endloop
  endfacet
  facet normal 0 0 -1
    outer loop
      vertex 54.092 -41.5376 0
      vertex 55.6381 -42.8064 0
      vertex 55.2426 -43.2426 0
    endloop
  endfacet
  facet normal 0 0 -1
    outer loop
      vertex 54.8278 40.1611 0
      vertex 56.7416 40.7417 0
      vertex 54.9231 39.7804 0
    endloop
  endfacet
  facet normal -0 0 -1
    outer loop
      vertex 56.7416 40.7417 0
      vertex 54.8278 40.1611 0
      vertex 56.5433 41.2961 0
    endloop
  endfacet
  facet normal 0 0 -1
    outer loop
      vertex 56.9711 -39.5881 0
      vertex 54.9807 -39.3921 0
      vertex 55 -39 0
    endloop
  endfacet
  facet normal 0 0 -1
    outer loop
      vertex 56.8847 -40.1705 0
      vertex 54.9231 -39.7804 0
      vertex 54.9807 -39.3921 0
    endloop
  endfacet
  facet normal 0 0 -1
    outer loop
      vertex 56.7416 -40.7417 0
      vertex 54.8278 -40.1611 0
      vertex 54.9231 -39.7804 0
    endloop
  endfacet
  facet normal 0 0 -1
    outer loop
      vertex 53.8284 -41.8284 0
      vertex 55.2426 -43.2426 0
      vertex 54.8064 -43.6381 0
    endloop
  endfacet
  facet normal 0 0 -1
    outer loop
      vertex 56.5433 -41.2961 0
      vertex 54.6955 -40.5307 0
      vertex 54.8278 -40.1611 0
    endloop
  endfacet
  facet normal 0 0 -1
    outer loop
      vertex 56.2915 -41.8284 0
      vertex 54.5277 -40.8856 0
      vertex 54.6955 -40.5307 0
    endloop
  endfacet
  facet normal 0 0 -1
    outer loop
      vertex 53.5376 -42.092 0
      vertex 54.8064 -43.6381 0
      vertex 54.3334 -43.9888 0
    endloop
  endfacet
  facet normal 0 0 -1
    outer loop
      vertex 55.9888 -42.3334 0
      vertex 54.3259 -41.2223 0
      vertex 54.5277 -40.8856 0
    endloop
  endfacet
  facet normal 0 0 -1
    outer loop
      vertex 55.6381 -42.8064 0
      vertex 54.092 -41.5376 0
      vertex 54.3259 -41.2223 0
    endloop
  endfacet
  facet normal 0 0 -1
    outer loop
      vertex 55.2426 -43.2426 0
      vertex 53.8284 -41.8284 0
      vertex 54.092 -41.5376 0
    endloop
  endfacet
  facet normal 0 0 -1
    outer loop
      vertex 53.2223 -42.3259 0
      vertex 54.3334 -43.9888 0
      vertex 53.8284 -44.2915 0
    endloop
  endfacet
  facet normal 0 0 -1
    outer loop
      vertex 54.8064 -43.6381 0
      vertex 53.5376 -42.092 0
      vertex 53.8284 -41.8284 0
    endloop
  endfacet
  facet normal 0 0 -1
    outer loop
      vertex 52.8856 -42.5277 0
      vertex 53.8284 -44.2915 0
      vertex 53.2961 -44.5433 0
    endloop
  endfacet
  facet normal 0 0 -1
    outer loop
      vertex 54.3334 -43.9888 0
      vertex 53.2223 -42.3259 0
      vertex 53.5376 -42.092 0
    endloop
  endfacet
  facet normal 0 0 -1
    outer loop
      vertex 53.8284 -44.2915 0
      vertex 52.8856 -42.5277 0
      vertex 53.2223 -42.3259 0
    endloop
  endfacet
  facet normal 0 0 -1
    outer loop
      vertex 52.5307 -42.6955 0
      vertex 53.2961 -44.5433 0
      vertex 52.7417 -44.7416 0
    endloop
  endfacet
  facet normal 0 0 -1
    outer loop
      vertex 53.2961 -44.5433 0
      vertex 52.5307 -42.6955 0
      vertex 52.8856 -42.5277 0
    endloop
  endfacet
  facet normal 0 0 -1
    outer loop
      vertex 52.1611 -42.8278 0
      vertex 52.7417 -44.7416 0
      vertex 52.1705 -44.8847 0
    endloop
  endfacet
  facet normal 0 0 -1
    outer loop
      vertex 52.7417 -44.7416 0
      vertex 52.1611 -42.8278 0
      vertex 52.5307 -42.6955 0
    endloop
  endfacet
  facet normal 0 0 -1
    outer loop
      vertex 52.1705 -44.8847 0
      vertex 51.7804 -42.9231 0
      vertex 52.1611 -42.8278 0
    endloop
  endfacet
  facet normal 0 0 -1
    outer loop
      vertex 51.5881 -44.9711 0
      vertex 51.7804 -42.9231 0
      vertex 52.1705 -44.8847 0
    endloop
  endfacet
  facet normal 0 0 -1
    outer loop
      vertex 51.5881 -44.9711 0
      vertex 51.3921 -42.9807 0
      vertex 51.7804 -42.9231 0
    endloop
  endfacet
  facet normal 0 0 -1
    outer loop
      vertex 51 -45 0
      vertex 51.3921 -42.9807 0
      vertex 51.5881 -44.9711 0
    endloop
  endfacet
  facet normal 0 0 -1
    outer loop
      vertex 51 -45 0
      vertex 51 -43 0
      vertex 51.3921 -42.9807 0
    endloop
  endfacet
  facet normal 0 0 -1
    outer loop
      vertex -51 -45 0
      vertex 51 -43 0
      vertex 51 -45 0
    endloop
  endfacet
  facet normal 0 0 -1
    outer loop
      vertex -51 -45 0
      vertex -51 -43 0
      vertex 51 -43 0
    endloop
  endfacet
  facet normal 0 0 -1
    outer loop
      vertex -51 -45 0
      vertex -51.3921 -42.9807 0
      vertex -51 -43 0
    endloop
  endfacet
  facet normal 0 0 -1
    outer loop
      vertex -51.5881 -44.9711 0
      vertex -51.3921 -42.9807 0
      vertex -51 -45 0
    endloop
  endfacet
  facet normal 0 0 -1
    outer loop
      vertex -51.5881 -44.9711 0
      vertex -51.7804 -42.9231 0
      vertex -51.3921 -42.9807 0
    endloop
  endfacet
  facet normal 0 0 -1
    outer loop
      vertex -52.1705 -44.8847 0
      vertex -51.7804 -42.9231 0
      vertex -51.5881 -44.9711 0
    endloop
  endfacet
  facet normal -0 0 -1
    outer loop
      vertex -51.7804 -42.9231 0
      vertex -52.1705 -44.8847 0
      vertex -52.1611 -42.8278 0
    endloop
  endfacet
  facet normal 0 0 -1
    outer loop
      vertex -52.7417 -44.7416 0
      vertex -52.1611 -42.8278 0
      vertex -52.1705 -44.8847 0
    endloop
  endfacet
  facet normal -0 0 -1
    outer loop
      vertex -52.1611 -42.8278 0
      vertex -52.7417 -44.7416 0
      vertex -52.5307 -42.6955 0
    endloop
  endfacet
  facet normal 0 0 -1
    outer loop
      vertex -53.2961 -44.5433 0
      vertex -52.5307 -42.6955 0
      vertex -52.7417 -44.7416 0
    endloop
  endfacet
  facet normal -0 0 -1
    outer loop
      vertex -52.5307 -42.6955 0
      vertex -53.2961 -44.5433 0
      vertex -52.8856 -42.5277 0
    endloop
  endfacet
  facet normal 0 0 -1
    outer loop
      vertex -53.8284 -44.2915 0
      vertex -52.8856 -42.5277 0
      vertex -53.2961 -44.5433 0
    endloop
  endfacet
  facet normal -0 0 -1
    outer loop
      vertex -52.8856 -42.5277 0
      vertex -53.8284 -44.2915 0
      vertex -53.2223 -42.3259 0
    endloop
  endfacet
  facet normal 0 0 -1
    outer loop
      vertex -54.3334 -43.9888 0
      vertex -53.2223 -42.3259 0
      vertex -53.8284 -44.2915 0
    endloop
  endfacet
  facet normal -0 0 -1
    outer loop
      vertex -53.2223 -42.3259 0
      vertex -54.3334 -43.9888 0
      vertex -53.5376 -42.092 0
    endloop
  endfacet
  facet normal 0 0 -1
    outer loop
      vertex -54.8064 -43.6381 0
      vertex -53.5376 -42.092 0
      vertex -54.3334 -43.9888 0
    endloop
  endfacet
  facet normal -0 0 -1
    outer loop
      vertex -53.5376 -42.092 0
      vertex -54.8064 -43.6381 0
      vertex -53.8284 -41.8284 0
    endloop
  endfacet
  facet normal 0 0 -1
    outer loop
      vertex -55.2426 -43.2426 0
      vertex -53.8284 -41.8284 0
      vertex -54.8064 -43.6381 0
    endloop
  endfacet
  facet normal -0 0 -1
    outer loop
      vertex -53.8284 -41.8284 0
      vertex -55.2426 -43.2426 0
      vertex -54.092 -41.5376 0
    endloop
  endfacet
  facet normal 0 0 -1
    outer loop
      vertex -55.6381 -42.8064 0
      vertex -54.092 -41.5376 0
      vertex -55.2426 -43.2426 0
    endloop
  endfacet
  facet normal -0 0 -1
    outer loop
      vertex -54.092 -41.5376 0
      vertex -55.6381 -42.8064 0
      vertex -54.3259 -41.2223 0
    endloop
  endfacet
  facet normal 0 0 -1
    outer loop
      vertex -55.9888 -42.3334 0
      vertex -54.3259 -41.2223 0
      vertex -55.6381 -42.8064 0
    endloop
  endfacet
  facet normal -0 0 -1
    outer loop
      vertex -54.3259 -41.2223 0
      vertex -55.9888 -42.3334 0
      vertex -54.5277 -40.8856 0
    endloop
  endfacet
  facet normal 0 0 -1
    outer loop
      vertex -56.2915 -41.8284 0
      vertex -54.5277 -40.8856 0
      vertex -55.9888 -42.3334 0
    endloop
  endfacet
  facet normal -0 0 -1
    outer loop
      vertex -54.5277 -40.8856 0
      vertex -56.2915 -41.8284 0
      vertex -54.6955 -40.5307 0
    endloop
  endfacet
  facet normal -0 0 -1
    outer loop
      vertex -54.6955 -40.5307 0
      vertex -56.5433 -41.2961 0
      vertex -54.8278 -40.1611 0
    endloop
  endfacet
  facet normal 0 0 -1
    outer loop
      vertex -56.5433 -41.2961 0
      vertex -54.6955 -40.5307 0
      vertex -56.2915 -41.8284 0
    endloop
  endfacet
  facet normal 0 0 -1
    outer loop
      vertex 54.6955 40.5307 0
      vertex 56.5433 41.2961 0
      vertex 54.8278 40.1611 0
    endloop
  endfacet
  facet normal -0 0 -1
    outer loop
      vertex 56.5433 41.2961 0
      vertex 54.6955 40.5307 0
      vertex 56.2915 41.8284 0
    endloop
  endfacet
  facet normal 0 0 -1
    outer loop
      vertex 54.5277 40.8856 0
      vertex 56.2915 41.8284 0
      vertex 54.6955 40.5307 0
    endloop
  endfacet
  facet normal -0 0 -1
    outer loop
      vertex 56.2915 41.8284 0
      vertex 54.5277 40.8856 0
      vertex 55.9888 42.3334 0
    endloop
  endfacet
  facet normal 0 0 -1
    outer loop
      vertex 54.3259 41.2223 0
      vertex 55.9888 42.3334 0
      vertex 54.5277 40.8856 0
    endloop
  endfacet
  facet normal -0 0 -1
    outer loop
      vertex 55.9888 42.3334 0
      vertex 54.3259 41.2223 0
      vertex 55.6381 42.8064 0
    endloop
  endfacet
  facet normal 0 0 -1
    outer loop
      vertex 54.092 41.5376 0
      vertex 55.6381 42.8064 0
      vertex 54.3259 41.2223 0
    endloop
  endfacet
  facet normal -0 0 -1
    outer loop
      vertex 55.6381 42.8064 0
      vertex 54.092 41.5376 0
      vertex 55.2426 43.2426 0
    endloop
  endfacet
  facet normal 0 0 -1
    outer loop
      vertex 53.8284 41.8284 0
      vertex 55.2426 43.2426 0
      vertex 54.092 41.5376 0
    endloop
  endfacet
  facet normal -0 0 -1
    outer loop
      vertex 55.2426 43.2426 0
      vertex 53.8284 41.8284 0
      vertex 54.8064 43.6381 0
    endloop
  endfacet
  facet normal 0 0 -1
    outer loop
      vertex 53.5376 42.092 0
      vertex 54.8064 43.6381 0
      vertex 53.8284 41.8284 0
    endloop
  endfacet
  facet normal -0 0 -1
    outer loop
      vertex 54.8064 43.6381 0
      vertex 53.5376 42.092 0
      vertex 54.3334 43.9888 0
    endloop
  endfacet
  facet normal 0 0 -1
    outer loop
      vertex 53.2223 42.3259 0
      vertex 54.3334 43.9888 0
      vertex 53.5376 42.092 0
    endloop
  endfacet
  facet normal -0 0 -1
    outer loop
      vertex 54.3334 43.9888 0
      vertex 53.2223 42.3259 0
      vertex 53.8284 44.2915 0
    endloop
  endfacet
  facet normal 0 0 -1
    outer loop
      vertex 52.8856 42.5277 0
      vertex 53.8284 44.2915 0
      vertex 53.2223 42.3259 0
    endloop
  endfacet
  facet normal -0 0 -1
    outer loop
      vertex 53.8284 44.2915 0
      vertex 52.8856 42.5277 0
      vertex 53.2961 44.5433 0
    endloop
  endfacet
  facet normal 0 0 -1
    outer loop
      vertex 52.5307 42.6955 0
      vertex 53.2961 44.5433 0
      vertex 52.8856 42.5277 0
    endloop
  endfacet
  facet normal -0 0 -1
    outer loop
      vertex 53.2961 44.5433 0
      vertex 52.5307 42.6955 0
      vertex 52.7417 44.7416 0
    endloop
  endfacet
  facet normal 0 0 -1
    outer loop
      vertex 52.1611 42.8278 0
      vertex 52.7417 44.7416 0
      vertex 52.5307 42.6955 0
    endloop
  endfacet
  facet normal -0 0 -1
    outer loop
      vertex 52.7417 44.7416 0
      vertex 52.1611 42.8278 0
      vertex 52.1705 44.8847 0
    endloop
  endfacet
  facet normal 0 0 -1
    outer loop
      vertex 51.7804 42.9231 0
      vertex 52.1705 44.8847 0
      vertex 52.1611 42.8278 0
    endloop
  endfacet
  facet normal 0 0 -1
    outer loop
      vertex 51.7804 42.9231 0
      vertex 51.5881 44.9711 0
      vertex 52.1705 44.8847 0
    endloop
  endfacet
  facet normal 0 0 -1
    outer loop
      vertex 51.3921 42.9807 0
      vertex 51.5881 44.9711 0
      vertex 51.7804 42.9231 0
    endloop
  endfacet
  facet normal 0 0 -1
    outer loop
      vertex 51 43 0
      vertex 51.5881 44.9711 0
      vertex 51.3921 42.9807 0
    endloop
  endfacet
  facet normal 0 0 -1
    outer loop
      vertex 51 43 0
      vertex 51 45 0
      vertex 51.5881 44.9711 0
    endloop
  endfacet
  facet normal 0 0 -1
    outer loop
      vertex -51 43 0
      vertex 51 45 0
      vertex 51 43 0
    endloop
  endfacet
  facet normal 0 0 -1
    outer loop
      vertex -51 43 0
      vertex -51 45 0
      vertex 51 45 0
    endloop
  endfacet
  facet normal 0 0 -1
    outer loop
      vertex -51.3921 42.9807 0
      vertex -51 45 0
      vertex -51 43 0
    endloop
  endfacet
  facet normal 0 0 -1
    outer loop
      vertex -51.3921 42.9807 0
      vertex -51.5881 44.9711 0
      vertex -51 45 0
    endloop
  endfacet
  facet normal 0 0 -1
    outer loop
      vertex -51.7804 42.9231 0
      vertex -51.5881 44.9711 0
      vertex -51.3921 42.9807 0
    endloop
  endfacet
  facet normal 0 0 -1
    outer loop
      vertex -52.1705 44.8847 0
      vertex -51.7804 42.9231 0
      vertex -52.1611 42.8278 0
    endloop
  endfacet
  facet normal 0 0 -1
    outer loop
      vertex -51.7804 42.9231 0
      vertex -52.1705 44.8847 0
      vertex -51.5881 44.9711 0
    endloop
  endfacet
  facet normal 0 0 -1
    outer loop
      vertex -52.7417 44.7416 0
      vertex -52.1611 42.8278 0
      vertex -52.5307 42.6955 0
    endloop
  endfacet
  facet normal 0 0 -1
    outer loop
      vertex -52.1611 42.8278 0
      vertex -52.7417 44.7416 0
      vertex -52.1705 44.8847 0
    endloop
  endfacet
  facet normal 0 0 -1
    outer loop
      vertex -53.2961 44.5433 0
      vertex -52.5307 42.6955 0
      vertex -52.8856 42.5277 0
    endloop
  endfacet
  facet normal 0 0 -1
    outer loop
      vertex -53.8284 44.2915 0
      vertex -52.8856 42.5277 0
      vertex -53.2223 42.3259 0
    endloop
  endfacet
  facet normal 0 0 -1
    outer loop
      vertex -52.5307 42.6955 0
      vertex -53.2961 44.5433 0
      vertex -52.7417 44.7416 0
    endloop
  endfacet
  facet normal 0 0 -1
    outer loop
      vertex -54.3334 43.9888 0
      vertex -53.2223 42.3259 0
      vertex -53.5376 42.092 0
    endloop
  endfacet
  facet normal 0 0 -1
    outer loop
      vertex -52.8856 42.5277 0
      vertex -53.8284 44.2915 0
      vertex -53.2961 44.5433 0
    endloop
  endfacet
  facet normal 0 0 -1
    outer loop
      vertex -54.8064 43.6381 0
      vertex -53.5376 42.092 0
      vertex -53.8284 41.8284 0
    endloop
  endfacet
  facet normal 0 0 -1
    outer loop
      vertex -55.2426 43.2426 0
      vertex -53.8284 41.8284 0
      vertex -54.092 41.5376 0
    endloop
  endfacet
  facet normal 0 0 -1
    outer loop
      vertex -55.6381 42.8064 0
      vertex -54.092 41.5376 0
      vertex -54.3259 41.2223 0
    endloop
  endfacet
  facet normal 0 0 -1
    outer loop
      vertex -53.2223 42.3259 0
      vertex -54.3334 43.9888 0
      vertex -53.8284 44.2915 0
    endloop
  endfacet
  facet normal 0 0 -1
    outer loop
      vertex -55.9888 42.3334 0
      vertex -54.3259 41.2223 0
      vertex -54.5277 40.8856 0
    endloop
  endfacet
  facet normal 0 0 -1
    outer loop
      vertex -56.2915 41.8284 0
      vertex -54.5277 40.8856 0
      vertex -54.6955 40.5307 0
    endloop
  endfacet
  facet normal 0 0 -1
    outer loop
      vertex -53.5376 42.092 0
      vertex -54.8064 43.6381 0
      vertex -54.3334 43.9888 0
    endloop
  endfacet
  facet normal 0 0 -1
    outer loop
      vertex -56.5433 41.2961 0
      vertex -54.6955 40.5307 0
      vertex -54.8278 40.1611 0
    endloop
  endfacet
  facet normal 0 0 -1
    outer loop
      vertex -56.7416 40.7417 0
      vertex -54.8278 40.1611 0
      vertex -54.9231 39.7804 0
    endloop
  endfacet
  facet normal 0 0 -1
    outer loop
      vertex -56.8847 40.1705 0
      vertex -54.9231 39.7804 0
      vertex -54.9807 39.3921 0
    endloop
  endfacet
  facet normal 0 0 -1
    outer loop
      vertex -56.9711 39.5881 0
      vertex -54.9807 39.3921 0
      vertex -55 39 0
    endloop
  endfacet
  facet normal 0 0 -1
    outer loop
      vertex -53.8284 41.8284 0
      vertex -55.2426 43.2426 0
      vertex -54.8064 43.6381 0
    endloop
  endfacet
  facet normal 0 0 -1
    outer loop
      vertex -55 -39 0
      vertex -57 -39 0
      vertex -55 39 0
    endloop
  endfacet
  facet normal 0 0 -1
    outer loop
      vertex -56.7416 -40.7417 0
      vertex -54.8278 -40.1611 0
      vertex -56.5433 -41.2961 0
    endloop
  endfacet
  facet normal 0 0 -1
    outer loop
      vertex -57 39 0
      vertex -55 39 0
      vertex -57 -39 0
    endloop
  endfacet
  facet normal -0 0 -1
    outer loop
      vertex -54.8278 -40.1611 0
      vertex -56.7416 -40.7417 0
      vertex -54.9231 -39.7804 0
    endloop
  endfacet
  facet normal 0 -0 -1
    outer loop
      vertex -56.9711 39.5881 0
      vertex -55 39 0
      vertex -57 39 0
    endloop
  endfacet
  facet normal 0 0 -1
    outer loop
      vertex -56.8847 -40.1705 0
      vertex -54.9231 -39.7804 0
      vertex -56.7416 -40.7417 0
    endloop
  endfacet
  facet normal 0 0 -1
    outer loop
      vertex -54.092 41.5376 0
      vertex -55.6381 42.8064 0
      vertex -55.2426 43.2426 0
    endloop
  endfacet
  facet normal -0 0 -1
    outer loop
      vertex -54.9231 -39.7804 0
      vertex -56.8847 -40.1705 0
      vertex -54.9807 -39.3921 0
    endloop
  endfacet
  facet normal 0 0 -1
    outer loop
      vertex -54.3259 41.2223 0
      vertex -55.9888 42.3334 0
      vertex -55.6381 42.8064 0
    endloop
  endfacet
  facet normal 0 0 -1
    outer loop
      vertex -56.9711 -39.5881 0
      vertex -54.9807 -39.3921 0
      vertex -56.8847 -40.1705 0
    endloop
  endfacet
  facet normal 0 0 -1
    outer loop
      vertex -54.5277 40.8856 0
      vertex -56.2915 41.8284 0
      vertex -55.9888 42.3334 0
    endloop
  endfacet
  facet normal -0 0 -1
    outer loop
      vertex -54.9807 -39.3921 0
      vertex -56.9711 -39.5881 0
      vertex -55 -39 0
    endloop
  endfacet
  facet normal 0 0 -1
    outer loop
      vertex -54.6955 40.5307 0
      vertex -56.5433 41.2961 0
      vertex -56.2915 41.8284 0
    endloop
  endfacet
  facet normal -0 0 -1
    outer loop
      vertex -55 -39 0
      vertex -56.9711 -39.5881 0
      vertex -57 -39 0
    endloop
  endfacet
  facet normal 0 0 -1
    outer loop
      vertex -54.8278 40.1611 0
      vertex -56.7416 40.7417 0
      vertex -56.5433 41.2961 0
    endloop
  endfacet
  facet normal 0 0 -1
    outer loop
      vertex -54.9231 39.7804 0
      vertex -56.8847 40.1705 0
      vertex -56.7416 40.7417 0
    endloop
  endfacet
  facet normal 0 0 -1
    outer loop
      vertex -54.9807 39.3921 0
      vertex -56.9711 39.5881 0
      vertex -56.8847 40.1705 0
    endloop
  endfacet
  facet normal 0.903962 0.427612 0
    outer loop
      vertex 56.5433 41.2961 24
      vertex 56.2915 41.8284 0
      vertex 56.2915 41.8284 24
    endloop
  endfacet
  facet normal 0.903962 0.427612 0
    outer loop
      vertex 56.2915 41.8284 0
      vertex 56.5433 41.2961 24
      vertex 56.5433 41.2961 0
    endloop
  endfacet
  facet normal 0.6717 -0.740823 0
    outer loop
      vertex 54.8064 -43.6381 0
      vertex 55.2426 -43.2426 24
      vertex 54.8064 -43.6381 24
    endloop
  endfacet
  facet normal 0.6717 -0.740823 0
    outer loop
      vertex 55.2426 -43.2426 24
      vertex 54.8064 -43.6381 0
      vertex 55.2426 -43.2426 0
    endloop
  endfacet
  facet normal 0.595589 -0.803289 0
    outer loop
      vertex 54.3334 -43.9888 0
      vertex 54.8064 -43.6381 24
      vertex 54.3334 -43.9888 24
    endloop
  endfacet
  facet normal 0.595589 -0.803289 0
    outer loop
      vertex 54.8064 -43.6381 24
      vertex 54.3334 -43.9888 0
      vertex 54.8064 -43.6381 0
    endloop
  endfacet
  facet normal -0.857718 0.514121 0
    outer loop
      vertex -56.2915 41.8284 0
      vertex -55.9888 42.3334 24
      vertex -55.9888 42.3334 0
    endloop
  endfacet
  facet normal -0.857718 0.514121 0
    outer loop
      vertex -55.9888 42.3334 24
      vertex -56.2915 41.8284 0
      vertex -56.2915 41.8284 24
    endloop
  endfacet
  facet normal 0 0 1
    outer loop
      vertex 51 45 24
      vertex 57 39 24
      vertex 56.9711 39.5881 24
    endloop
  endfacet
  facet normal 0 0 1
    outer loop
      vertex 57 39 24
      vertex 43.3 0.299988 24
      vertex 57 -39 24
    endloop
  endfacet
  facet normal 0 0 1
    outer loop
      vertex 51 45 24
      vertex 56.9711 39.5881 24
      vertex 56.8847 40.1705 24
    endloop
  endfacet
  facet normal -0 0 1
    outer loop
      vertex 43.3 -24.3 24
      vertex 57 -39 24
      vertex 43.3 0.299988 24
    endloop
  endfacet
  facet normal 0 0 1
    outer loop
      vertex 51 45 24
      vertex 56.8847 40.1705 24
      vertex 56.7416 40.7417 24
    endloop
  endfacet
  facet normal -0 0 1
    outer loop
      vertex 43.2855 -24.594 24
      vertex 57 -39 24
      vertex 43.3 -24.3 24
    endloop
  endfacet
  facet normal 0 0 1
    outer loop
      vertex 51 45 24
      vertex 56.7416 40.7417 24
      vertex 56.5433 41.2961 24
    endloop
  endfacet
  facet normal -0 0 1
    outer loop
      vertex 43.2423 -24.8853 24
      vertex 57 -39 24
      vertex 43.2855 -24.594 24
    endloop
  endfacet
  facet normal 0 0 1
    outer loop
      vertex 51 45 24
      vertex 56.5433 41.2961 24
      vertex 56.2915 41.8284 24
    endloop
  endfacet
  facet normal -0 0 1
    outer loop
      vertex 43.1708 -25.1708 24
      vertex 57 -39 24
      vertex 43.2423 -24.8853 24
    endloop
  endfacet
  facet normal 0 0 1
    outer loop
      vertex 51 45 24
      vertex 56.2915 41.8284 24
      vertex 55.9888 42.3334 24
    endloop
  endfacet
  facet normal -0 0 1
    outer loop
      vertex 43.0716 -25.448 24
      vertex 57 -39 24
      vertex 43.1708 -25.1708 24
    endloop
  endfacet
  facet normal 0 0 1
    outer loop
      vertex 51 45 24
      vertex 55.9888 42.3334 24
      vertex 55.6381 42.8064 24
    endloop
  endfacet
  facet normal -0 0 1
    outer loop
      vertex 42.9458 -25.7142 24
      vertex 57 -39 24
      vertex 43.0716 -25.448 24
    endloop
  endfacet
  facet normal 0 0 1
    outer loop
      vertex 51 45 24
      vertex 55.6381 42.8064 24
      vertex 55.2426 43.2426 24
    endloop
  endfacet
  facet normal -0 0 1
    outer loop
      vertex 42.7944 -25.9667 24
      vertex 57 -39 24
      vertex 42.9458 -25.7142 24
    endloop
  endfacet
  facet normal 0 0 1
    outer loop
      vertex 51 45 24
      vertex 55.2426 43.2426 24
      vertex 54.8064 43.6381 24
    endloop
  endfacet
  facet normal -0 0 1
    outer loop
      vertex 42.619 -26.2032 24
      vertex 57 -39 24
      vertex 42.7944 -25.9667 24
    endloop
  endfacet
  facet normal 0 0 1
    outer loop
      vertex 51 45 24
      vertex 54.8064 43.6381 24
      vertex 54.3334 43.9888 24
    endloop
  endfacet
  facet normal -0 0 1
    outer loop
      vertex 42.4213 -26.4213 24
      vertex 57 -39 24
      vertex 42.619 -26.2032 24
    endloop
  endfacet
  facet normal 0 0 1
    outer loop
      vertex 51 45 24
      vertex 54.3334 43.9888 24
      vertex 53.8284 44.2915 24
    endloop
  endfacet
  facet normal -0 0 1
    outer loop
      vertex 42.2032 -26.619 24
      vertex 57 -39 24
      vertex 42.4213 -26.4213 24
    endloop
  endfacet
  facet normal 0 0 1
    outer loop
      vertex 51 45 24
      vertex 53.8284 44.2915 24
      vertex 53.2961 44.5433 24
    endloop
  endfacet
  facet normal -0 0 1
    outer loop
      vertex 41.9667 -26.7944 24
      vertex 57 -39 24
      vertex 42.2032 -26.619 24
    endloop
  endfacet
  facet normal 0 0 1
    outer loop
      vertex 51 45 24
      vertex 53.2961 44.5433 24
      vertex 52.7417 44.7416 24
    endloop
  endfacet
  facet normal 0 -0 1
    outer loop
      vertex 51 -45 24
      vertex 57 -39 24
      vertex 41.9667 -26.7944 24
    endloop
  endfacet
  facet normal 0 0 1
    outer loop
      vertex 51 45 24
      vertex 52.7417 44.7416 24
      vertex 52.1705 44.8847 24
    endloop
  endfacet
  facet normal 0 0 1
    outer loop
      vertex 57 -39 24
      vertex 51 -45 24
      vertex 56.9711 -39.5881 24
    endloop
  endfacet
  facet normal 0 0 1
    outer loop
      vertex 51 45 24
      vertex 52.1705 44.8847 24
      vertex 51.5881 44.9711 24
    endloop
  endfacet
  facet normal 0 0 1
    outer loop
      vertex 56.9711 -39.5881 24
      vertex 51 -45 24
      vertex 56.8847 -40.1705 24
    endloop
  endfacet
  facet normal 0 0 1
    outer loop
      vertex 57 39 24
      vertex 51 45 24
      vertex 40.3 3.29999 24
    endloop
  endfacet
  facet normal 0 0 1
    outer loop
      vertex 56.7416 -40.7417 24
      vertex 51 -45 24
      vertex 56.5433 -41.2961 24
    endloop
  endfacet
  facet normal 0 0 1
    outer loop
      vertex 56.5433 -41.2961 24
      vertex 51 -45 24
      vertex 56.2915 -41.8284 24
    endloop
  endfacet
  facet normal 0 0 1
    outer loop
      vertex 57 39 24
      vertex 43.2855 0.59404 24
      vertex 43.3 0.299988 24
    endloop
  endfacet
  facet normal 0 0 1
    outer loop
      vertex 57 39 24
      vertex 43.2423 0.885254 24
      vertex 43.2855 0.59404 24
    endloop
  endfacet
  facet normal 0 0 1
    outer loop
      vertex 57 39 24
      vertex 43.1708 1.17084 24
      vertex 43.2423 0.885254 24
    endloop
  endfacet
  facet normal 0 0 1
    outer loop
      vertex 57 39 24
      vertex 43.0716 1.44804 24
      vertex 43.1708 1.17084 24
    endloop
  endfacet
  facet normal 0 0 1
    outer loop
      vertex 57 39 24
      vertex 42.9458 1.71417 24
      vertex 43.0716 1.44804 24
    endloop
  endfacet
  facet normal 0 0 1
    outer loop
      vertex 57 39 24
      vertex 42.7944 1.96671 24
      vertex 42.9458 1.71417 24
    endloop
  endfacet
  facet normal 0 0 1
    outer loop
      vertex 57 39 24
      vertex 42.619 2.20317 24
      vertex 42.7944 1.96671 24
    endloop
  endfacet
  facet normal 0 0 1
    outer loop
      vertex 57 39 24
      vertex 42.4213 2.42131 24
      vertex 42.619 2.20317 24
    endloop
  endfacet
  facet normal 0 0 1
    outer loop
      vertex 57 39 24
      vertex 42.2032 2.61902 24
      vertex 42.4213 2.42131 24
    endloop
  endfacet
  facet normal 0 0 1
    outer loop
      vertex 57 39 24
      vertex 41.9667 2.7944 24
      vertex 42.2032 2.61902 24
    endloop
  endfacet
  facet normal 0 0 1
    outer loop
      vertex 57 39 24
      vertex 41.7142 2.94576 24
      vertex 41.9667 2.7944 24
    endloop
  endfacet
  facet normal 0 0 1
    outer loop
      vertex 57 39 24
      vertex 41.448 3.07162 24
      vertex 41.7142 2.94576 24
    endloop
  endfacet
  facet normal 0 0 1
    outer loop
      vertex 57 39 24
      vertex 41.1708 3.17081 24
      vertex 41.448 3.07162 24
    endloop
  endfacet
  facet normal 0 0 1
    outer loop
      vertex 57 39 24
      vertex 40.8853 3.24234 24
      vertex 41.1708 3.17081 24
    endloop
  endfacet
  facet normal 0 0 1
    outer loop
      vertex 57 39 24
      vertex 40.594 3.28554 24
      vertex 40.8853 3.24234 24
    endloop
  endfacet
  facet normal 0 0 1
    outer loop
      vertex 57 39 24
      vertex 40.3 3.29999 24
      vertex 40.594 3.28554 24
    endloop
  endfacet
  facet normal 0 0 1
    outer loop
      vertex 51 45 24
      vertex -40.3 3.29999 24
      vertex 40.3 3.29999 24
    endloop
  endfacet
  facet normal -0 0 1
    outer loop
      vertex -51 45 24
      vertex -40.3 3.29999 24
      vertex 51 45 24
    endloop
  endfacet
  facet normal -0 0 1
    outer loop
      vertex -57 39 24
      vertex -40.3 3.29999 24
      vertex -51 45 24
    endloop
  endfacet
  facet normal 0 0 1
    outer loop
      vertex -40.3 3.29999 24
      vertex -57 39 24
      vertex -40.594 3.28554 24
    endloop
  endfacet
  facet normal 0 0 1
    outer loop
      vertex -40.594 3.28554 24
      vertex -57 39 24
      vertex -40.8853 3.24234 24
    endloop
  endfacet
  facet normal 0 0 1
    outer loop
      vertex -43.2855 0.59404 24
      vertex -57 39 24
      vertex -43.3 0.299988 24
    endloop
  endfacet
  facet normal 0 0 1
    outer loop
      vertex -43.2423 0.885254 24
      vertex -57 39 24
      vertex -43.2855 0.59404 24
    endloop
  endfacet
  facet normal 0 0 1
    outer loop
      vertex -43.1708 1.17084 24
      vertex -57 39 24
      vertex -43.2423 0.885254 24
    endloop
  endfacet
  facet normal 0 0 1
    outer loop
      vertex -43.0716 1.44804 24
      vertex -57 39 24
      vertex -43.1708 1.17084 24
    endloop
  endfacet
  facet normal 0 0 1
    outer loop
      vertex -42.9458 1.71417 24
      vertex -57 39 24
      vertex -43.0716 1.44804 24
    endloop
  endfacet
  facet normal 0 0 1
    outer loop
      vertex -42.7944 1.96671 24
      vertex -57 39 24
      vertex -42.9458 1.71417 24
    endloop
  endfacet
  facet normal 0 0 1
    outer loop
      vertex -42.619 2.20317 24
      vertex -57 39 24
      vertex -42.7944 1.96671 24
    endloop
  endfacet
  facet normal 0 0 1
    outer loop
      vertex -42.4213 2.42131 24
      vertex -57 39 24
      vertex -42.619 2.20317 24
    endloop
  endfacet
  facet normal 0 0 1
    outer loop
      vertex -42.2032 2.61902 24
      vertex -57 39 24
      vertex -42.4213 2.42131 24
    endloop
  endfacet
  facet normal 0 0 1
    outer loop
      vertex -41.9667 2.7944 24
      vertex -57 39 24
      vertex -42.2032 2.61902 24
    endloop
  endfacet
  facet normal 0 0 1
    outer loop
      vertex -41.7142 2.94576 24
      vertex -57 39 24
      vertex -41.9667 2.7944 24
    endloop
  endfacet
  facet normal 0 0 1
    outer loop
      vertex -41.448 3.07162 24
      vertex -57 39 24
      vertex -41.7142 2.94576 24
    endloop
  endfacet
  facet normal 0 0 1
    outer loop
      vertex -41.1708 3.17081 24
      vertex -57 39 24
      vertex -41.448 3.07162 24
    endloop
  endfacet
  facet normal 0 0 1
    outer loop
      vertex -40.8853 3.24234 24
      vertex -57 39 24
      vertex -41.1708 3.17081 24
    endloop
  endfacet
  facet normal 0 0 1
    outer loop
      vertex 56.2915 -41.8284 24
      vertex 51 -45 24
      vertex 55.9888 -42.3334 24
    endloop
  endfacet
  facet normal 0 0 1
    outer loop
      vertex 55.9888 -42.3334 24
      vertex 51 -45 24
      vertex 55.6381 -42.8064 24
    endloop
  endfacet
  facet normal 0 0 1
    outer loop
      vertex 55.2426 -43.2426 24
      vertex 51 -45 24
      vertex 54.8064 -43.6381 24
    endloop
  endfacet
  facet normal 0 0 1
    outer loop
      vertex 54.8064 -43.6381 24
      vertex 51 -45 24
      vertex 54.3334 -43.9888 24
    endloop
  endfacet
  facet normal 0 0 1
    outer loop
      vertex 54.3334 -43.9888 24
      vertex 51 -45 24
      vertex 53.8284 -44.2915 24
    endloop
  endfacet
  facet normal 0 0 1
    outer loop
      vertex 53.8284 -44.2915 24
      vertex 51 -45 24
      vertex 53.2961 -44.5433 24
    endloop
  endfacet
  facet normal 0 0 1
    outer loop
      vertex 53.2961 -44.5433 24
      vertex 51 -45 24
      vertex 52.7417 -44.7416 24
    endloop
  endfacet
  facet normal 0 0 1
    outer loop
      vertex 52.1705 -44.8847 24
      vertex 51 -45 24
      vertex 51.5881 -44.9711 24
    endloop
  endfacet
  facet normal 0 0 1
    outer loop
      vertex 52.7417 -44.7416 24
      vertex 51 -45 24
      vertex 52.1705 -44.8847 24
    endloop
  endfacet
  facet normal 0 0 1
    outer loop
      vertex 55.6381 -42.8064 24
      vertex 51 -45 24
      vertex 55.2426 -43.2426 24
    endloop
  endfacet
  facet normal 0 0 1
    outer loop
      vertex 56.8847 -40.1705 24
      vertex 51 -45 24
      vertex 56.7416 -40.7417 24
    endloop
  endfacet
  facet normal -0 0 1
    outer loop
      vertex 41.7142 -26.9458 24
      vertex 51 -45 24
      vertex 41.9667 -26.7944 24
    endloop
  endfacet
  facet normal -0 0 1
    outer loop
      vertex 41.448 -27.0716 24
      vertex 51 -45 24
      vertex 41.7142 -26.9458 24
    endloop
  endfacet
  facet normal -0 0 1
    outer loop
      vertex 41.1708 -27.1708 24
      vertex 51 -45 24
      vertex 41.448 -27.0716 24
    endloop
  endfacet
  facet normal -0 0 1
    outer loop
      vertex 40.8853 -27.2423 24
      vertex 51 -45 24
      vertex 41.1708 -27.1708 24
    endloop
  endfacet
  facet normal -0 0 1
    outer loop
      vertex 40.594 -27.2855 24
      vertex 51 -45 24
      vertex 40.8853 -27.2423 24
    endloop
  endfacet
  facet normal -0 0 1
    outer loop
      vertex 40.3 -27.3 24
      vertex 51 -45 24
      vertex 40.594 -27.2855 24
    endloop
  endfacet
  facet normal -0 0 1
    outer loop
      vertex -40.3 -27.3 24
      vertex 51 -45 24
      vertex 40.3 -27.3 24
    endloop
  endfacet
  facet normal 0 0 1
    outer loop
      vertex -51 -45 24
      vertex -40.3 -27.3 24
      vertex -40.594 -27.2855 24
    endloop
  endfacet
  facet normal 0 0 1
    outer loop
      vertex -51 -45 24
      vertex -40.594 -27.2855 24
      vertex -40.8853 -27.2423 24
    endloop
  endfacet
  facet normal 0 0 1
    outer loop
      vertex -57 -39 24
      vertex -43.3 0.299988 24
      vertex -57 39 24
    endloop
  endfacet
  facet normal 0 0 1
    outer loop
      vertex -40.3 -27.3 24
      vertex -51 -45 24
      vertex 51 -45 24
    endloop
  endfacet
  facet normal 0 0 1
    outer loop
      vertex -41.1708 -27.1708 24
      vertex -51 -45 24
      vertex -40.8853 -27.2423 24
    endloop
  endfacet
  facet normal 0 0 1
    outer loop
      vertex -41.448 -27.0716 24
      vertex -51 -45 24
      vertex -41.1708 -27.1708 24
    endloop
  endfacet
  facet normal 0 0 1
    outer loop
      vertex -41.7142 -26.9458 24
      vertex -51 -45 24
      vertex -41.448 -27.0716 24
    endloop
  endfacet
  facet normal 0 0 1
    outer loop
      vertex -41.9667 -26.7944 24
      vertex -51 -45 24
      vertex -41.7142 -26.9458 24
    endloop
  endfacet
  facet normal 0 0 1
    outer loop
      vertex -57 -39 24
      vertex -41.9667 -26.7944 24
      vertex -42.2032 -26.619 24
    endloop
  endfacet
  facet normal 0 0 1
    outer loop
      vertex -57 -39 24
      vertex -42.2032 -26.619 24
      vertex -42.4213 -26.4213 24
    endloop
  endfacet
  facet normal 0 0 1
    outer loop
      vertex -57 -39 24
      vertex -42.4213 -26.4213 24
      vertex -42.619 -26.2032 24
    endloop
  endfacet
  facet normal 0 0 1
    outer loop
      vertex -57 -39 24
      vertex -42.619 -26.2032 24
      vertex -42.7944 -25.9667 24
    endloop
  endfacet
  facet normal 0 0 1
    outer loop
      vertex -57 -39 24
      vertex -42.7944 -25.9667 24
      vertex -42.9458 -25.7142 24
    endloop
  endfacet
  facet normal 0 0 1
    outer loop
      vertex -57 -39 24
      vertex -42.9458 -25.7142 24
      vertex -43.0716 -25.448 24
    endloop
  endfacet
  facet normal 0 0 1
    outer loop
      vertex -57 -39 24
      vertex -43.0716 -25.448 24
      vertex -43.1708 -25.1708 24
    endloop
  endfacet
  facet normal 0 0 1
    outer loop
      vertex -57 -39 24
      vertex -43.1708 -25.1708 24
      vertex -43.2423 -24.8853 24
    endloop
  endfacet
  facet normal 0 0 1
    outer loop
      vertex -57 -39 24
      vertex -43.2423 -24.8853 24
      vertex -43.2855 -24.594 24
    endloop
  endfacet
  facet normal 0 0 1
    outer loop
      vertex -43.3 0.299988 24
      vertex -57 -39 24
      vertex -43.3 -24.3 24
    endloop
  endfacet
  facet normal 0 0 1
    outer loop
      vertex -57 39 24
      vertex -51 45 24
      vertex -51.5881 44.9711 24
    endloop
  endfacet
  facet normal 0 0 1
    outer loop
      vertex -43.3 -24.3 24
      vertex -57 -39 24
      vertex -43.2855 -24.594 24
    endloop
  endfacet
  facet normal 0 0 1
    outer loop
      vertex -57 39 24
      vertex -51.5881 44.9711 24
      vertex -52.1705 44.8847 24
    endloop
  endfacet
  facet normal 0 0 1
    outer loop
      vertex -41.9667 -26.7944 24
      vertex -57 -39 24
      vertex -51 -45 24
    endloop
  endfacet
  facet normal 0 0 1
    outer loop
      vertex -57 39 24
      vertex -52.1705 44.8847 24
      vertex -52.7417 44.7416 24
    endloop
  endfacet
  facet normal 0 0 1
    outer loop
      vertex -51 -45 24
      vertex -57 -39 24
      vertex -51.5881 -44.9711 24
    endloop
  endfacet
  facet normal 0 0 1
    outer loop
      vertex -57 39 24
      vertex -52.7417 44.7416 24
      vertex -53.2961 44.5433 24
    endloop
  endfacet
  facet normal 0 0 1
    outer loop
      vertex -51.5881 -44.9711 24
      vertex -57 -39 24
      vertex -52.1705 -44.8847 24
    endloop
  endfacet
  facet normal 0 0 1
    outer loop
      vertex -57 39 24
      vertex -53.2961 44.5433 24
      vertex -53.8284 44.2915 24
    endloop
  endfacet
  facet normal 0 0 1
    outer loop
      vertex -52.1705 -44.8847 24
      vertex -57 -39 24
      vertex -52.7417 -44.7416 24
    endloop
  endfacet
  facet normal 0 0 1
    outer loop
      vertex -57 39 24
      vertex -53.8284 44.2915 24
      vertex -54.3334 43.9888 24
    endloop
  endfacet
  facet normal 0 0 1
    outer loop
      vertex -52.7417 -44.7416 24
      vertex -57 -39 24
      vertex -53.2961 -44.5433 24
    endloop
  endfacet
  facet normal 0 0 1
    outer loop
      vertex -57 39 24
      vertex -54.3334 43.9888 24
      vertex -54.8064 43.6381 24
    endloop
  endfacet
  facet normal 0 0 1
    outer loop
      vertex -53.2961 -44.5433 24
      vertex -57 -39 24
      vertex -53.8284 -44.2915 24
    endloop
  endfacet
  facet normal 0 0 1
    outer loop
      vertex -57 39 24
      vertex -54.8064 43.6381 24
      vertex -55.2426 43.2426 24
    endloop
  endfacet
  facet normal 0 0 1
    outer loop
      vertex -53.8284 -44.2915 24
      vertex -57 -39 24
      vertex -54.3334 -43.9888 24
    endloop
  endfacet
  facet normal 0 0 1
    outer loop
      vertex -57 39 24
      vertex -55.2426 43.2426 24
      vertex -55.6381 42.8064 24
    endloop
  endfacet
  facet normal 0 0 1
    outer loop
      vertex -54.3334 -43.9888 24
      vertex -57 -39 24
      vertex -54.8064 -43.6381 24
    endloop
  endfacet
  facet normal 0 0 1
    outer loop
      vertex -57 39 24
      vertex -55.6381 42.8064 24
      vertex -55.9888 42.3334 24
    endloop
  endfacet
  facet normal 0 0 1
    outer loop
      vertex -54.8064 -43.6381 24
      vertex -57 -39 24
      vertex -55.2426 -43.2426 24
    endloop
  endfacet
  facet normal 0 0 1
    outer loop
      vertex -57 39 24
      vertex -55.9888 42.3334 24
      vertex -56.2915 41.8284 24
    endloop
  endfacet
  facet normal 0 0 1
    outer loop
      vertex -55.2426 -43.2426 24
      vertex -57 -39 24
      vertex -55.6381 -42.8064 24
    endloop
  endfacet
  facet normal 0 0 1
    outer loop
      vertex -57 39 24
      vertex -56.2915 41.8284 24
      vertex -56.5433 41.2961 24
    endloop
  endfacet
  facet normal 0 0 1
    outer loop
      vertex -55.6381 -42.8064 24
      vertex -57 -39 24
      vertex -55.9888 -42.3334 24
    endloop
  endfacet
  facet normal 0 0 1
    outer loop
      vertex -57 39 24
      vertex -56.5433 41.2961 24
      vertex -56.7416 40.7417 24
    endloop
  endfacet
  facet normal 0 0 1
    outer loop
      vertex -55.9888 -42.3334 24
      vertex -57 -39 24
      vertex -56.2915 -41.8284 24
    endloop
  endfacet
  facet normal 0 0 1
    outer loop
      vertex -57 39 24
      vertex -56.7416 40.7417 24
      vertex -56.8847 40.1705 24
    endloop
  endfacet
  facet normal 0 0 1
    outer loop
      vertex -56.2915 -41.8284 24
      vertex -57 -39 24
      vertex -56.5433 -41.2961 24
    endloop
  endfacet
  facet normal 0 0 1
    outer loop
      vertex -57 39 24
      vertex -56.8847 40.1705 24
      vertex -56.9711 39.5881 24
    endloop
  endfacet
  facet normal 0 0 1
    outer loop
      vertex -56.5433 -41.2961 24
      vertex -57 -39 24
      vertex -56.7416 -40.7417 24
    endloop
  endfacet
  facet normal 0 0 1
    outer loop
      vertex -56.7416 -40.7417 24
      vertex -57 -39 24
      vertex -56.8847 -40.1705 24
    endloop
  endfacet
  facet normal 0 0 1
    outer loop
      vertex -56.8847 -40.1705 24
      vertex -57 -39 24
      vertex -56.9711 -39.5881 24
    endloop
  endfacet
  facet normal 0.857718 0.514121 0
    outer loop
      vertex 56.2915 41.8284 24
      vertex 55.9888 42.3334 0
      vertex 55.9888 42.3334 24
    endloop
  endfacet
  facet normal 0.857718 0.514121 0
    outer loop
      vertex 55.9888 42.3334 0
      vertex 56.2915 41.8284 24
      vertex 56.2915 41.8284 0
    endloop
  endfacet
  facet normal 0.740823 -0.6717 0
    outer loop
      vertex 55.2426 -43.2426 24
      vertex 55.6381 -42.8064 0
      vertex 55.6381 -42.8064 24
    endloop
  endfacet
  facet normal 0.740823 -0.6717 0
    outer loop
      vertex 55.6381 -42.8064 0
      vertex 55.2426 -43.2426 24
      vertex 55.2426 -43.2426 0
    endloop
  endfacet
  facet normal 0.903962 -0.427612 0
    outer loop
      vertex 56.2915 -41.8284 24
      vertex 56.5433 -41.2961 0
      vertex 56.5433 -41.2961 24
    endloop
  endfacet
  facet normal 0.903962 -0.427612 0
    outer loop
      vertex 56.5433 -41.2961 0
      vertex 56.2915 -41.8284 24
      vertex 56.2915 -41.8284 0
    endloop
  endfacet
  facet normal 0.336788 -0.94158 0
    outer loop
      vertex 52.7417 -44.7416 0
      vertex 53.2961 -44.5433 24
      vertex 52.7417 -44.7416 24
    endloop
  endfacet
  facet normal 0.336788 -0.94158 0
    outer loop
      vertex 53.2961 -44.5433 24
      vertex 52.7417 -44.7416 0
      vertex 53.2961 -44.5433 0
    endloop
  endfacet
  facet normal 0.989174 0.146746 0
    outer loop
      vertex 56.9711 39.5881 24
      vertex 56.8847 40.1705 0
      vertex 56.8847 40.1705 24
    endloop
  endfacet
  facet normal 0.989174 0.146746 0
    outer loop
      vertex 56.8847 40.1705 0
      vertex 56.9711 39.5881 24
      vertex 56.9711 39.5881 0
    endloop
  endfacet
  facet normal -0.0491626 0.998791 0
    outer loop
      vertex 51.3921 -42.9807 0
      vertex 51 -43 21.9
      vertex 51.3921 -42.9807 21.9
    endloop
  endfacet
  facet normal -0.0491626 0.998791 0
    outer loop
      vertex 51 -43 21.9
      vertex 51.3921 -42.9807 0
      vertex 51 -43 0
    endloop
  endfacet
  facet normal -0.337014 -0.9415 0
    outer loop
      vertex 52.1611 42.8278 0
      vertex 52.5307 42.6955 21.9
      vertex 52.1611 42.8278 21.9
    endloop
  endfacet
  facet normal -0.337014 -0.9415 -0
    outer loop
      vertex 52.5307 42.6955 21.9
      vertex 52.1611 42.8278 0
      vertex 52.5307 42.6955 0
    endloop
  endfacet
  facet normal 0 1 -0
    outer loop
      vertex 51 -43 0
      vertex -51 -43 21.9
      vertex 51 -43 21.9
    endloop
  endfacet
  facet normal 0 1 0
    outer loop
      vertex -51 -43 21.9
      vertex 51 -43 0
      vertex -51 -43 0
    endloop
  endfacet
  facet normal 0.146733 0.989176 -0
    outer loop
      vertex -51.3921 -42.9807 0
      vertex -51.7804 -42.9231 21.9
      vertex -51.3921 -42.9807 21.9
    endloop
  endfacet
  facet normal 0.146733 0.989176 0
    outer loop
      vertex -51.7804 -42.9231 21.9
      vertex -51.3921 -42.9807 0
      vertex -51.7804 -42.9231 0
    endloop
  endfacet
  facet normal -0.514084 0.85774 0
    outer loop
      vertex 53.2223 -42.3259 0
      vertex 52.8856 -42.5277 21.9
      vertex 53.2223 -42.3259 21.9
    endloop
  endfacet
  facet normal -0.514084 0.85774 0
    outer loop
      vertex 52.8856 -42.5277 21.9
      vertex 53.2223 -42.3259 0
      vertex 52.8856 -42.5277 0
    endloop
  endfacet
  facet normal -0.42744 -0.904044 0
    outer loop
      vertex 52.5307 42.6955 0
      vertex 52.8856 42.5277 21.9
      vertex 52.5307 42.6955 21.9
    endloop
  endfacet
  facet normal -0.42744 -0.904044 -0
    outer loop
      vertex 52.8856 42.5277 21.9
      vertex 52.5307 42.6955 0
      vertex 52.8856 42.5277 0
    endloop
  endfacet
  facet normal 0.146733 -0.989176 0
    outer loop
      vertex -51.7804 42.9231 0
      vertex -51.3921 42.9807 21.9
      vertex -51.7804 42.9231 21.9
    endloop
  endfacet
  facet normal 0.146733 -0.989176 0
    outer loop
      vertex -51.3921 42.9807 21.9
      vertex -51.7804 42.9231 0
      vertex -51.3921 42.9807 0
    endloop
  endfacet
  facet normal 0.85774 0.514084 0
    outer loop
      vertex -54.3259 -41.2223 21.9
      vertex -54.5277 -40.8856 0
      vertex -54.5277 -40.8856 21.9
    endloop
  endfacet
  facet normal 0.85774 0.514084 0
    outer loop
      vertex -54.5277 -40.8856 0
      vertex -54.3259 -41.2223 21.9
      vertex -54.3259 -41.2223 0
    endloop
  endfacet
  facet normal 0.671607 0.740908 -0
    outer loop
      vertex -53.5376 -42.092 0
      vertex -53.8284 -41.8284 21.9
      vertex -53.5376 -42.092 21.9
    endloop
  endfacet
  facet normal 0.671607 0.740908 0
    outer loop
      vertex -53.8284 -41.8284 21.9
      vertex -53.5376 -42.092 0
      vertex -53.8284 -41.8284 0
    endloop
  endfacet
  facet normal 0.42744 0.904044 -0
    outer loop
      vertex -52.5307 -42.6955 0
      vertex -52.8856 -42.5277 21.9
      vertex -52.5307 -42.6955 21.9
    endloop
  endfacet
  facet normal 0.42744 0.904044 0
    outer loop
      vertex -52.8856 -42.5277 21.9
      vertex -52.5307 -42.6955 0
      vertex -52.8856 -42.5277 0
    endloop
  endfacet
  facet normal 0.337014 0.9415 -0
    outer loop
      vertex -52.1611 -42.8278 0
      vertex -52.5307 -42.6955 21.9
      vertex -52.1611 -42.8278 21.9
    endloop
  endfacet
  facet normal 0.337014 0.9415 0
    outer loop
      vertex -52.5307 -42.6955 21.9
      vertex -52.1611 -42.8278 0
      vertex -52.5307 -42.6955 0
    endloop
  endfacet
  facet normal 0.595794 0.803137 -0
    outer loop
      vertex -53.2223 -42.3259 0
      vertex -53.5376 -42.092 21.9
      vertex -53.2223 -42.3259 21.9
    endloop
  endfacet
  facet normal 0.595794 0.803137 0
    outer loop
      vertex -53.5376 -42.092 21.9
      vertex -53.2223 -42.3259 0
      vertex -53.5376 -42.092 0
    endloop
  endfacet
  facet normal 0.242835 0.970068 -0
    outer loop
      vertex -51.7804 -42.9231 0
      vertex -52.1611 -42.8278 21.9
      vertex -51.7804 -42.9231 21.9
    endloop
  endfacet
  facet normal 0.242835 0.970068 0
    outer loop
      vertex -52.1611 -42.8278 21.9
      vertex -51.7804 -42.9231 0
      vertex -52.1611 -42.8278 0
    endloop
  endfacet
  facet normal 0 -1 0
    outer loop
      vertex -51 43 0
      vertex 51 43 21.9
      vertex -51 43 21.9
    endloop
  endfacet
  facet normal 0 -1 -0
    outer loop
      vertex 51 43 21.9
      vertex -51 43 0
      vertex 51 43 0
    endloop
  endfacet
  facet normal -0.85774 0.514084 0
    outer loop
      vertex 54.3259 -41.2223 0
      vertex 54.5277 -40.8856 21.9
      vertex 54.5277 -40.8856 0
    endloop
  endfacet
  facet normal -0.85774 0.514084 0
    outer loop
      vertex 54.5277 -40.8856 21.9
      vertex 54.3259 -41.2223 0
      vertex 54.3259 -41.2223 21.9
    endloop
  endfacet
  facet normal 0.989176 -0.146733 0
    outer loop
      vertex -54.9807 39.3921 21.9
      vertex -54.9231 39.7804 0
      vertex -54.9231 39.7804 21.9
    endloop
  endfacet
  facet normal 0.989176 -0.146733 0
    outer loop
      vertex -54.9231 39.7804 0
      vertex -54.9807 39.3921 21.9
      vertex -54.9807 39.3921 0
    endloop
  endfacet
  facet normal 0.0491626 -0.998791 0
    outer loop
      vertex -51.3921 42.9807 0
      vertex -51 43 21.9
      vertex -51.3921 42.9807 21.9
    endloop
  endfacet
  facet normal 0.0491626 -0.998791 0
    outer loop
      vertex -51 43 21.9
      vertex -51.3921 42.9807 0
      vertex -51 43 0
    endloop
  endfacet
  facet normal 0.803137 -0.595794 0
    outer loop
      vertex -54.3259 41.2223 21.9
      vertex -54.092 41.5376 0
      vertex -54.092 41.5376 21.9
    endloop
  endfacet
  facet normal 0.803137 -0.595794 0
    outer loop
      vertex -54.092 41.5376 0
      vertex -54.3259 41.2223 21.9
      vertex -54.3259 41.2223 0
    endloop
  endfacet
  facet normal -0.0491626 -0.998791 0
    outer loop
      vertex 51 43 0
      vertex 51.3921 42.9807 21.9
      vertex 51 43 21.9
    endloop
  endfacet
  facet normal -0.0491626 -0.998791 -0
    outer loop
      vertex 51.3921 42.9807 21.9
      vertex 51 43 0
      vertex 51.3921 42.9807 0
    endloop
  endfacet
  facet normal 1 -0 0
    outer loop
      vertex -55 -39 21.9
      vertex -55 39 0
      vertex -55 39 21.9
    endloop
  endfacet
  facet normal 1 0 0
    outer loop
      vertex -55 39 0
      vertex -55 -39 21.9
      vertex -55 -39 0
    endloop
  endfacet
  facet normal 0.0491626 0.998791 -0
    outer loop
      vertex -51 -43 0
      vertex -51.3921 -42.9807 21.9
      vertex -51 -43 21.9
    endloop
  endfacet
  facet normal 0.0491626 0.998791 0
    outer loop
      vertex -51.3921 -42.9807 21.9
      vertex -51 -43 0
      vertex -51.3921 -42.9807 0
    endloop
  endfacet
  facet normal 0.595794 -0.803137 0
    outer loop
      vertex -53.5376 42.092 0
      vertex -53.2223 42.3259 21.9
      vertex -53.5376 42.092 21.9
    endloop
  endfacet
  facet normal 0.595794 -0.803137 0
    outer loop
      vertex -53.2223 42.3259 21.9
      vertex -53.5376 42.092 0
      vertex -53.2223 42.3259 0
    endloop
  endfacet
  facet normal -0.242835 -0.970068 0
    outer loop
      vertex 51.7804 42.9231 0
      vertex 52.1611 42.8278 21.9
      vertex 51.7804 42.9231 21.9
    endloop
  endfacet
  facet normal -0.242835 -0.970068 -0
    outer loop
      vertex 52.1611 42.8278 21.9
      vertex 51.7804 42.9231 0
      vertex 52.1611 42.8278 0
    endloop
  endfacet
  facet normal -0.337014 0.9415 0
    outer loop
      vertex 52.5307 -42.6955 0
      vertex 52.1611 -42.8278 21.9
      vertex 52.5307 -42.6955 21.9
    endloop
  endfacet
  facet normal -0.337014 0.9415 0
    outer loop
      vertex 52.1611 -42.8278 21.9
      vertex 52.5307 -42.6955 0
      vertex 52.1611 -42.8278 0
    endloop
  endfacet
  facet normal -0.242835 0.970068 0
    outer loop
      vertex 52.1611 -42.8278 0
      vertex 51.7804 -42.9231 21.9
      vertex 52.1611 -42.8278 21.9
    endloop
  endfacet
  facet normal -0.242835 0.970068 0
    outer loop
      vertex 51.7804 -42.9231 21.9
      vertex 52.1611 -42.8278 0
      vertex 51.7804 -42.9231 0
    endloop
  endfacet
  facet normal 0.904044 0.42744 0
    outer loop
      vertex -54.5277 -40.8856 21.9
      vertex -54.6955 -40.5307 0
      vertex -54.6955 -40.5307 21.9
    endloop
  endfacet
  facet normal 0.904044 0.42744 0
    outer loop
      vertex -54.6955 -40.5307 0
      vertex -54.5277 -40.8856 21.9
      vertex -54.5277 -40.8856 0
    endloop
  endfacet
  facet normal 0.85774 -0.514084 0
    outer loop
      vertex -54.5277 40.8856 21.9
      vertex -54.3259 41.2223 0
      vertex -54.3259 41.2223 21.9
    endloop
  endfacet
  facet normal 0.85774 -0.514084 0
    outer loop
      vertex -54.3259 41.2223 0
      vertex -54.5277 40.8856 21.9
      vertex -54.5277 40.8856 0
    endloop
  endfacet
  facet normal -0.514084 -0.85774 0
    outer loop
      vertex 52.8856 42.5277 0
      vertex 53.2223 42.3259 21.9
      vertex 52.8856 42.5277 21.9
    endloop
  endfacet
  facet normal -0.514084 -0.85774 -0
    outer loop
      vertex 53.2223 42.3259 21.9
      vertex 52.8856 42.5277 0
      vertex 53.2223 42.3259 0
    endloop
  endfacet
  facet normal 0.904044 -0.42744 0
    outer loop
      vertex -54.6955 40.5307 21.9
      vertex -54.5277 40.8856 0
      vertex -54.5277 40.8856 21.9
    endloop
  endfacet
  facet normal 0.904044 -0.42744 0
    outer loop
      vertex -54.5277 40.8856 0
      vertex -54.6955 40.5307 21.9
      vertex -54.6955 40.5307 0
    endloop
  endfacet
  facet normal -0.740908 0.671607 0
    outer loop
      vertex 53.8284 -41.8284 0
      vertex 54.092 -41.5376 21.9
      vertex 54.092 -41.5376 0
    endloop
  endfacet
  facet normal -0.740908 0.671607 0
    outer loop
      vertex 54.092 -41.5376 21.9
      vertex 53.8284 -41.8284 0
      vertex 53.8284 -41.8284 21.9
    endloop
  endfacet
  facet normal -1 0 0
    outer loop
      vertex 55 26.0851 12.6961
      vertex 55 39 21.9
      vertex 55 39 0
    endloop
  endfacet
  facet normal -1 0 0
    outer loop
      vertex 55 39 21.9
      vertex 55 26.0851 12.6961
      vertex 55 26.1 13
    endloop
  endfacet
  facet normal -1 0 0
    outer loop
      vertex 55 39 0
      vertex 55 26.0404 12.3952
      vertex 55 26.0851 12.6961
    endloop
  endfacet
  facet normal -1 0 0
    outer loop
      vertex 55 39 0
      vertex 55 25.9665 12.1001
      vertex 55 26.0404 12.3952
    endloop
  endfacet
  facet normal -1 0 0
    outer loop
      vertex 55 39 0
      vertex 55 25.864 11.8137
      vertex 55 25.9665 12.1001
    endloop
  endfacet
  facet normal -1 0 0
    outer loop
      vertex 55 39 0
      vertex 55 25.734 11.5387
      vertex 55 25.864 11.8137
    endloop
  endfacet
  facet normal -1 0 0
    outer loop
      vertex 55 39 0
      vertex 55 25.5776 11.2777
      vertex 55 25.734 11.5387
    endloop
  endfacet
  facet normal -1 0 0
    outer loop
      vertex 55 39 0
      vertex 55 25.3963 11.0334
      vertex 55 25.5776 11.2777
    endloop
  endfacet
  facet normal -1 0 0
    outer loop
      vertex 55 39 0
      vertex 55 25.192 10.808
      vertex 55 25.3963 11.0334
    endloop
  endfacet
  facet normal -1 0 0
    outer loop
      vertex 55 39 0
      vertex 55 24.9666 10.6037
      vertex 55 25.192 10.808
    endloop
  endfacet
  facet normal -1 0 0
    outer loop
      vertex 55 39 0
      vertex 55 24.7223 10.4224
      vertex 55 24.9666 10.6037
    endloop
  endfacet
  facet normal -1 0 0
    outer loop
      vertex 55 39 0
      vertex 55 24.4613 10.266
      vertex 55 24.7223 10.4224
    endloop
  endfacet
  facet normal -1 0 0
    outer loop
      vertex 55 39 0
      vertex 55 24.1863 10.136
      vertex 55 24.4613 10.266
    endloop
  endfacet
  facet normal -1 0 0
    outer loop
      vertex 55 39 0
      vertex 55 23.8999 10.0335
      vertex 55 24.1863 10.136
    endloop
  endfacet
  facet normal -1 0 0
    outer loop
      vertex 55 39 0
      vertex 55 23.6048 9.95957
      vertex 55 23.8999 10.0335
    endloop
  endfacet
  facet normal -1 0 0
    outer loop
      vertex 55 39 0
      vertex 55 23.3039 9.91493
      vertex 55 23.6048 9.95957
    endloop
  endfacet
  facet normal -1 0 0
    outer loop
      vertex 55 39 0
      vertex 55 23 9.9
      vertex 55 23.3039 9.91493
    endloop
  endfacet
  facet normal -1 0 0
    outer loop
      vertex 55 39 0
      vertex 55 22.6961 9.91493
      vertex 55 23 9.9
    endloop
  endfacet
  facet normal -1 0 0
    outer loop
      vertex 55 39 0
      vertex 55 22.3952 9.95957
      vertex 55 22.6961 9.91493
    endloop
  endfacet
  facet normal -1 0 0
    outer loop
      vertex 55 8.98697 9.7464
      vertex 55 22.3952 9.95957
      vertex 55 39 0
    endloop
  endfacet
  facet normal -1 -0 0
    outer loop
      vertex 55 22.3952 9.95957
      vertex 55 8.98697 9.7464
      vertex 55 22.1001 10.0335
    endloop
  endfacet
  facet normal -1 0 -0
    outer loop
      vertex 55 9.30112 9.85881
      vertex 55 22.1001 10.0335
      vertex 55 8.98697 9.7464
    endloop
  endfacet
  facet normal -1 0 0
    outer loop
      vertex 55 19.9149 12.6961
      vertex 55 11.4 13
      vertex 55 19.9 13
    endloop
  endfacet
  facet normal -1 0 0
    outer loop
      vertex 55 11.3836 12.6667
      vertex 55 19.9149 12.6961
      vertex 55 19.9596 12.3952
    endloop
  endfacet
  facet normal -1 0 0
    outer loop
      vertex 55 11.3347 12.3367
      vertex 55 19.9596 12.3952
      vertex 55 20.0335 12.1001
    endloop
  endfacet
  facet normal -1 0 0
    outer loop
      vertex 55 11.2536 12.013
      vertex 55 20.0335 12.1001
      vertex 55 20.136 11.8137
    endloop
  endfacet
  facet normal -1 0 0
    outer loop
      vertex 55 11.1412 11.6989
      vertex 55 20.136 11.8137
      vertex 55 20.266 11.5387
    endloop
  endfacet
  facet normal -1 0 0
    outer loop
      vertex 55 10.9985 11.3973
      vertex 55 20.266 11.5387
      vertex 55 20.4224 11.2777
    endloop
  endfacet
  facet normal -1 0 0
    outer loop
      vertex 55 10.827 11.1111
      vertex 55 20.4224 11.2777
      vertex 55 20.6037 11.0334
    endloop
  endfacet
  facet normal -1 0 0
    outer loop
      vertex 55 10.6282 10.8431
      vertex 55 20.6037 11.0334
      vertex 55 20.808 10.808
    endloop
  endfacet
  facet normal -1 0 0
    outer loop
      vertex 55 10.4042 10.5958
      vertex 55 20.808 10.808
      vertex 55 21.0334 10.6037
    endloop
  endfacet
  facet normal -1 0 0
    outer loop
      vertex 55 10.1569 10.3718
      vertex 55 21.0334 10.6037
      vertex 55 21.2777 10.4224
    endloop
  endfacet
  facet normal -1 0 0
    outer loop
      vertex 55 9.88894 10.173
      vertex 55 21.2777 10.4224
      vertex 55 21.5387 10.266
    endloop
  endfacet
  facet normal -1 -0 0
    outer loop
      vertex 55 22.1001 10.0335
      vertex 55 9.30112 9.85881
      vertex 55 21.8137 10.136
    endloop
  endfacet
  facet normal -1 -0 0
    outer loop
      vertex 55 19.9149 12.6961
      vertex 55 11.3836 12.6667
      vertex 55 11.4 13
    endloop
  endfacet
  facet normal -1 -0 0
    outer loop
      vertex 55 19.9596 12.3952
      vertex 55 11.3347 12.3367
      vertex 55 11.3836 12.6667
    endloop
  endfacet
  facet normal -1 -0 0
    outer loop
      vertex 55 20.0335 12.1001
      vertex 55 11.2536 12.013
      vertex 55 11.3347 12.3367
    endloop
  endfacet
  facet normal -1 -0 0
    outer loop
      vertex 55 20.136 11.8137
      vertex 55 11.1412 11.6989
      vertex 55 11.2536 12.013
    endloop
  endfacet
  facet normal -1 -0 0
    outer loop
      vertex 55 20.266 11.5387
      vertex 55 10.9985 11.3973
      vertex 55 11.1412 11.6989
    endloop
  endfacet
  facet normal -1 -0 0
    outer loop
      vertex 55 20.4224 11.2777
      vertex 55 10.827 11.1111
      vertex 55 10.9985 11.3973
    endloop
  endfacet
  facet normal -1 -0 0
    outer loop
      vertex 55 20.6037 11.0334
      vertex 55 10.6282 10.8431
      vertex 55 10.827 11.1111
    endloop
  endfacet
  facet normal -1 -0 0
    outer loop
      vertex 55 20.808 10.808
      vertex 55 10.4042 10.5958
      vertex 55 10.6282 10.8431
    endloop
  endfacet
  facet normal -1 0 0
    outer loop
      vertex 55 21.0334 10.6037
      vertex 55 10.1569 10.3718
      vertex 55 10.4042 10.5958
    endloop
  endfacet
  facet normal -1 0 0
    outer loop
      vertex 55 21.2777 10.4224
      vertex 55 9.88894 10.173
      vertex 55 10.1569 10.3718
    endloop
  endfacet
  facet normal -1 0 0
    outer loop
      vertex 55 21.5387 10.266
      vertex 55 9.60275 10.0015
      vertex 55 9.88894 10.173
    endloop
  endfacet
  facet normal -1 -0 0
    outer loop
      vertex 55 21.8137 10.136
      vertex 55 9.60275 10.0015
      vertex 55 21.5387 10.266
    endloop
  endfacet
  facet normal -1 0 -0
    outer loop
      vertex 55 9.60275 10.0015
      vertex 55 21.8137 10.136
      vertex 55 9.30112 9.85881
    endloop
  endfacet
  facet normal -1 0 0
    outer loop
      vertex 55 39 0
      vertex 55 8.66331 9.66533
      vertex 55 8.98697 9.7464
    endloop
  endfacet
  facet normal -1 0 0
    outer loop
      vertex 55 39 0
      vertex 55 8.33326 9.61637
      vertex 55 8.66331 9.66533
    endloop
  endfacet
  facet normal -1 0 0
    outer loop
      vertex 55 39 0
      vertex 55 8 9.6
      vertex 55 8.33326 9.61637
    endloop
  endfacet
  facet normal -1 0 0
    outer loop
      vertex 55 -19.5 6.1
      vertex 55 8 9.6
      vertex 55 39 0
    endloop
  endfacet
  facet normal -1 -0 0
    outer loop
      vertex 55 8 9.6
      vertex 55 -19.5 6.1
      vertex 55 -4 9.6
    endloop
  endfacet
  facet normal -1 -0 0
    outer loop
      vertex 55 -4 9.6
      vertex 55 -19.5 6.1
      vertex 55 -4.33326 9.61637
    endloop
  endfacet
  facet normal -1 -0 0
    outer loop
      vertex 55 -7.33467 12.3367
      vertex 55 -19.5 10.9
      vertex 55 -7.38363 12.6667
    endloop
  endfacet
  facet normal -1 -0 0
    outer loop
      vertex 55 -7.2536 12.013
      vertex 55 -19.5 10.9
      vertex 55 -7.33467 12.3367
    endloop
  endfacet
  facet normal -1 -0 0
    outer loop
      vertex 55 -7.14119 11.6989
      vertex 55 -19.5 10.9
      vertex 55 -7.2536 12.013
    endloop
  endfacet
  facet normal -1 -0 0
    outer loop
      vertex 55 -6.99853 11.3973
      vertex 55 -19.5 10.9
      vertex 55 -7.14119 11.6989
    endloop
  endfacet
  facet normal -1 0 0
    outer loop
      vertex 55 -19.5 10.9
      vertex 55 -6.99853 11.3973
      vertex 55 -19.5 6.1
    endloop
  endfacet
  facet normal -1 -0 0
    outer loop
      vertex 55 -6.827 11.1111
      vertex 55 -19.5 6.1
      vertex 55 -6.99853 11.3973
    endloop
  endfacet
  facet normal -1 -0 0
    outer loop
      vertex 55 -6.62823 10.8431
      vertex 55 -19.5 6.1
      vertex 55 -6.827 11.1111
    endloop
  endfacet
  facet normal -1 -0 0
    outer loop
      vertex 55 -6.40416 10.5958
      vertex 55 -19.5 6.1
      vertex 55 -6.62823 10.8431
    endloop
  endfacet
  facet normal -1 -0 0
    outer loop
      vertex 55 -6.15694 10.3718
      vertex 55 -19.5 6.1
      vertex 55 -6.40416 10.5958
    endloop
  endfacet
  facet normal -1 -0 0
    outer loop
      vertex 55 -5.88894 10.173
      vertex 55 -19.5 6.1
      vertex 55 -6.15694 10.3718
    endloop
  endfacet
  facet normal -1 -0 0
    outer loop
      vertex 55 -5.60275 10.0015
      vertex 55 -19.5 6.1
      vertex 55 -5.88894 10.173
    endloop
  endfacet
  facet normal -1 -0 0
    outer loop
      vertex 55 -5.30112 9.85881
      vertex 55 -19.5 6.1
      vertex 55 -5.60275 10.0015
    endloop
  endfacet
  facet normal -1 -0 0
    outer loop
      vertex 55 -4.98697 9.7464
      vertex 55 -19.5 6.1
      vertex 55 -5.30112 9.85881
    endloop
  endfacet
  facet normal -1 -0 0
    outer loop
      vertex 55 -4.66331 9.66533
      vertex 55 -19.5 6.1
      vertex 55 -4.98697 9.7464
    endloop
  endfacet
  facet normal -1 -0 0
    outer loop
      vertex 55 -4.33326 9.61637
      vertex 55 -19.5 6.1
      vertex 55 -4.66331 9.66533
    endloop
  endfacet
  facet normal -1 0 0
    outer loop
      vertex 55 -39 0
      vertex 55 -19.5 6.1
      vertex 55 39 0
    endloop
  endfacet
  facet normal -1 -0 0
    outer loop
      vertex 55 -30.5 6.1
      vertex 55 -39 0
      vertex 55 -30.5 10.9
    endloop
  endfacet
  facet normal -1 -0 0
    outer loop
      vertex 55 -19.5 6.1
      vertex 55 -39 0
      vertex 55 -30.5 6.1
    endloop
  endfacet
  facet normal -1 0 0
    outer loop
      vertex 55 26.0851 13.3039
      vertex 55 39 21.9
      vertex 55 26.1 13
    endloop
  endfacet
  facet normal -1 0 0
    outer loop
      vertex 55 26.0404 13.6048
      vertex 55 39 21.9
      vertex 55 26.0851 13.3039
    endloop
  endfacet
  facet normal -1 0 0
    outer loop
      vertex 55 25.9665 13.8999
      vertex 55 39 21.9
      vertex 55 26.0404 13.6048
    endloop
  endfacet
  facet normal -1 0 0
    outer loop
      vertex 55 25.864 14.1863
      vertex 55 39 21.9
      vertex 55 25.9665 13.8999
    endloop
  endfacet
  facet normal -1 0 0
    outer loop
      vertex 55 25.734 14.4613
      vertex 55 39 21.9
      vertex 55 25.864 14.1863
    endloop
  endfacet
  facet normal -1 0 0
    outer loop
      vertex 55 25.5776 14.7223
      vertex 55 39 21.9
      vertex 55 25.734 14.4613
    endloop
  endfacet
  facet normal -1 0 0
    outer loop
      vertex 55 25.3963 14.9666
      vertex 55 39 21.9
      vertex 55 25.5776 14.7223
    endloop
  endfacet
  facet normal -1 0 0
    outer loop
      vertex 55 25.192 15.192
      vertex 55 39 21.9
      vertex 55 25.3963 14.9666
    endloop
  endfacet
  facet normal -1 0 0
    outer loop
      vertex 55 24.9666 15.3963
      vertex 55 39 21.9
      vertex 55 25.192 15.192
    endloop
  endfacet
  facet normal -1 0 0
    outer loop
      vertex 55 24.7223 15.5776
      vertex 55 39 21.9
      vertex 55 24.9666 15.3963
    endloop
  endfacet
  facet normal -1 0 0
    outer loop
      vertex 55 24.4613 15.734
      vertex 55 39 21.9
      vertex 55 24.7223 15.5776
    endloop
  endfacet
  facet normal -1 0 0
    outer loop
      vertex 55 24.1863 15.864
      vertex 55 39 21.9
      vertex 55 24.4613 15.734
    endloop
  endfacet
  facet normal -1 0 0
    outer loop
      vertex 55 23.8999 15.9665
      vertex 55 39 21.9
      vertex 55 24.1863 15.864
    endloop
  endfacet
  facet normal -1 0 0
    outer loop
      vertex 55 23.6048 16.0404
      vertex 55 39 21.9
      vertex 55 23.8999 15.9665
    endloop
  endfacet
  facet normal -1 0 0
    outer loop
      vertex 55 23.3039 16.0851
      vertex 55 39 21.9
      vertex 55 23.6048 16.0404
    endloop
  endfacet
  facet normal -1 0 0
    outer loop
      vertex 55 23 16.1
      vertex 55 39 21.9
      vertex 55 23.3039 16.0851
    endloop
  endfacet
  facet normal -1 0 0
    outer loop
      vertex 55 22.6961 16.0851
      vertex 55 39 21.9
      vertex 55 23 16.1
    endloop
  endfacet
  facet normal -1 0 0
    outer loop
      vertex 55 22.3952 16.0404
      vertex 55 39 21.9
      vertex 55 22.6961 16.0851
    endloop
  endfacet
  facet normal -1 0 0
    outer loop
      vertex 55 8.98697 16.2536
      vertex 55 22.3952 16.0404
      vertex 55 22.1001 15.9665
    endloop
  endfacet
  facet normal -1 0 0
    outer loop
      vertex 55 11.4 13
      vertex 55 19.9149 13.3039
      vertex 55 19.9 13
    endloop
  endfacet
  facet normal -1 0 0
    outer loop
      vertex 55 11.3836 13.3333
      vertex 55 19.9149 13.3039
      vertex 55 11.4 13
    endloop
  endfacet
  facet normal -1 0 0
    outer loop
      vertex 55 19.9149 13.3039
      vertex 55 11.3836 13.3333
      vertex 55 19.9596 13.6048
    endloop
  endfacet
  facet normal -1 0 0
    outer loop
      vertex 55 11.3347 13.6633
      vertex 55 19.9596 13.6048
      vertex 55 11.3836 13.3333
    endloop
  endfacet
  facet normal -1 0 0
    outer loop
      vertex 55 19.9596 13.6048
      vertex 55 11.3347 13.6633
      vertex 55 20.0335 13.8999
    endloop
  endfacet
  facet normal -1 0 0
    outer loop
      vertex 55 11.2536 13.987
      vertex 55 20.0335 13.8999
      vertex 55 11.3347 13.6633
    endloop
  endfacet
  facet normal -1 0 0
    outer loop
      vertex 55 20.0335 13.8999
      vertex 55 11.2536 13.987
      vertex 55 20.136 14.1863
    endloop
  endfacet
  facet normal -1 0 0
    outer loop
      vertex 55 11.1412 14.3011
      vertex 55 20.136 14.1863
      vertex 55 11.2536 13.987
    endloop
  endfacet
  facet normal -1 0 0
    outer loop
      vertex 55 20.136 14.1863
      vertex 55 11.1412 14.3011
      vertex 55 20.266 14.4613
    endloop
  endfacet
  facet normal -1 0 0
    outer loop
      vertex 55 10.9985 14.6027
      vertex 55 20.266 14.4613
      vertex 55 11.1412 14.3011
    endloop
  endfacet
  facet normal -1 0 0
    outer loop
      vertex 55 20.266 14.4613
      vertex 55 10.9985 14.6027
      vertex 55 20.4224 14.7223
    endloop
  endfacet
  facet normal -1 0 0
    outer loop
      vertex 55 10.827 14.8889
      vertex 55 20.4224 14.7223
      vertex 55 10.9985 14.6027
    endloop
  endfacet
  facet normal -1 0 0
    outer loop
      vertex 55 20.4224 14.7223
      vertex 55 10.827 14.8889
      vertex 55 20.6037 14.9666
    endloop
  endfacet
  facet normal -1 0 0
    outer loop
      vertex 55 10.6282 15.1569
      vertex 55 20.6037 14.9666
      vertex 55 10.827 14.8889
    endloop
  endfacet
  facet normal -1 0 0
    outer loop
      vertex 55 20.6037 14.9666
      vertex 55 10.6282 15.1569
      vertex 55 20.808 15.192
    endloop
  endfacet
  facet normal -1 0 0
    outer loop
      vertex 55 10.4042 15.4042
      vertex 55 20.808 15.192
      vertex 55 10.6282 15.1569
    endloop
  endfacet
  facet normal -1 0 0
    outer loop
      vertex 55 20.808 15.192
      vertex 55 10.4042 15.4042
      vertex 55 21.0334 15.3963
    endloop
  endfacet
  facet normal -1 0 0
    outer loop
      vertex 55 10.1569 15.6282
      vertex 55 21.0334 15.3963
      vertex 55 10.4042 15.4042
    endloop
  endfacet
  facet normal -1 0 0
    outer loop
      vertex 55 21.0334 15.3963
      vertex 55 10.1569 15.6282
      vertex 55 21.2777 15.5776
    endloop
  endfacet
  facet normal -1 0 0
    outer loop
      vertex 55 9.88894 15.827
      vertex 55 21.2777 15.5776
      vertex 55 10.1569 15.6282
    endloop
  endfacet
  facet normal -1 0 0
    outer loop
      vertex 55 21.2777 15.5776
      vertex 55 9.88894 15.827
      vertex 55 21.5387 15.734
    endloop
  endfacet
  facet normal -1 0 0
    outer loop
      vertex 55 9.60275 15.9985
      vertex 55 21.5387 15.734
      vertex 55 9.88894 15.827
    endloop
  endfacet
  facet normal -1 0 0
    outer loop
      vertex 55 21.5387 15.734
      vertex 55 9.60275 15.9985
      vertex 55 21.8137 15.864
    endloop
  endfacet
  facet normal -1 0 0
    outer loop
      vertex 55 9.30112 16.1412
      vertex 55 21.8137 15.864
      vertex 55 9.60275 15.9985
    endloop
  endfacet
  facet normal -1 0 0
    outer loop
      vertex 55 21.8137 15.864
      vertex 55 9.30112 16.1412
      vertex 55 22.1001 15.9665
    endloop
  endfacet
  facet normal -1 0 0
    outer loop
      vertex 55 8.98697 16.2536
      vertex 55 22.1001 15.9665
      vertex 55 9.30112 16.1412
    endloop
  endfacet
  facet normal -1 0 0
    outer loop
      vertex 55 22.3952 16.0404
      vertex 55 8.98697 16.2536
      vertex 55 8.66331 16.3347
    endloop
  endfacet
  facet normal -1 0 0
    outer loop
      vertex 55 22.3952 16.0404
      vertex 55 8.66331 16.3347
      vertex 55 39 21.9
    endloop
  endfacet
  facet normal -1 0 0
    outer loop
      vertex 55 8.33326 16.3836
      vertex 55 39 21.9
      vertex 55 8.66331 16.3347
    endloop
  endfacet
  facet normal -1 0 0
    outer loop
      vertex 55 8 16.4
      vertex 55 39 21.9
      vertex 55 8.33326 16.3836
    endloop
  endfacet
  facet normal -1 0 0
    outer loop
      vertex 55 -4 16.4
      vertex 55 39 21.9
      vertex 55 8 16.4
    endloop
  endfacet
  facet normal -1 0 0
    outer loop
      vertex 55 -39 21.9
      vertex 55 -4 16.4
      vertex 55 -4.33326 16.3836
    endloop
  endfacet
  facet normal -1 -0 0
    outer loop
      vertex 55 -7.38363 12.6667
      vertex 55 -19.5 10.9
      vertex 55 -7.4 13
    endloop
  endfacet
  facet normal -1 -0 0
    outer loop
      vertex 55 -7.4 13
      vertex 55 -19.5 10.9
      vertex 55 -7.38363 13.3333
    endloop
  endfacet
  facet normal -1 -0 0
    outer loop
      vertex 55 -7.38363 13.3333
      vertex 55 -19.5 10.9
      vertex 55 -7.33467 13.6633
    endloop
  endfacet
  facet normal -1 -0 0
    outer loop
      vertex 55 -7.33467 13.6633
      vertex 55 -19.5 10.9
      vertex 55 -7.2536 13.987
    endloop
  endfacet
  facet normal -1 -0 0
    outer loop
      vertex 55 -7.2536 13.987
      vertex 55 -19.5 10.9
      vertex 55 -7.14119 14.3011
    endloop
  endfacet
  facet normal -1 -0 0
    outer loop
      vertex 55 -7.14119 14.3011
      vertex 55 -19.5 10.9
      vertex 55 -6.99853 14.6027
    endloop
  endfacet
  facet normal -1 -0 0
    outer loop
      vertex 55 -6.99853 14.6027
      vertex 55 -19.5 10.9
      vertex 55 -6.827 14.8889
    endloop
  endfacet
  facet normal -1 -0 0
    outer loop
      vertex 55 -6.827 14.8889
      vertex 55 -19.5 10.9
      vertex 55 -6.62823 15.1569
    endloop
  endfacet
  facet normal -1 -0 0
    outer loop
      vertex 55 -6.62823 15.1569
      vertex 55 -19.5 10.9
      vertex 55 -6.40416 15.4042
    endloop
  endfacet
  facet normal -1 -0 0
    outer loop
      vertex 55 -6.40416 15.4042
      vertex 55 -19.5 10.9
      vertex 55 -6.15694 15.6282
    endloop
  endfacet
  facet normal -1 0 0
    outer loop
      vertex 55 -39 21.9
      vertex 55 -6.15694 15.6282
      vertex 55 -19.5 10.9
    endloop
  endfacet
  facet normal -1 0 0
    outer loop
      vertex 55 -6.15694 15.6282
      vertex 55 -39 21.9
      vertex 55 -5.88894 15.827
    endloop
  endfacet
  facet normal -1 0 0
    outer loop
      vertex 55 -5.88894 15.827
      vertex 55 -39 21.9
      vertex 55 -5.60275 15.9985
    endloop
  endfacet
  facet normal -1 0 0
    outer loop
      vertex 55 -39 21.9
      vertex 55 -19.5 10.9
      vertex 55 -30.5 10.9
    endloop
  endfacet
  facet normal -1 0 0
    outer loop
      vertex 55 -5.60275 15.9985
      vertex 55 -39 21.9
      vertex 55 -5.30112 16.1412
    endloop
  endfacet
  facet normal -1 0 0
    outer loop
      vertex 55 -5.30112 16.1412
      vertex 55 -39 21.9
      vertex 55 -4.98697 16.2536
    endloop
  endfacet
  facet normal -1 0 0
    outer loop
      vertex 55 -4 16.4
      vertex 55 -39 21.9
      vertex 55 39 21.9
    endloop
  endfacet
  facet normal -1 0 0
    outer loop
      vertex 55 -4.66331 16.3347
      vertex 55 -39 21.9
      vertex 55 -4.33326 16.3836
    endloop
  endfacet
  facet normal -1 0 0
    outer loop
      vertex 55 -4.98697 16.2536
      vertex 55 -39 21.9
      vertex 55 -4.66331 16.3347
    endloop
  endfacet
  facet normal -1 0 0
    outer loop
      vertex 55 -39 21.9
      vertex 55 -30.5 10.9
      vertex 55 -39 0
    endloop
  endfacet
  facet normal -0.989176 -0.146733 0
    outer loop
      vertex 54.9807 39.3921 0
      vertex 54.9231 39.7804 21.9
      vertex 54.9231 39.7804 0
    endloop
  endfacet
  facet normal -0.989176 -0.146733 0
    outer loop
      vertex 54.9231 39.7804 21.9
      vertex 54.9807 39.3921 0
      vertex 54.9807 39.3921 21.9
    endloop
  endfacet
  facet normal 0.803137 0.595794 0
    outer loop
      vertex -54.092 -41.5376 21.9
      vertex -54.3259 -41.2223 0
      vertex -54.3259 -41.2223 21.9
    endloop
  endfacet
  facet normal 0.803137 0.595794 0
    outer loop
      vertex -54.3259 -41.2223 0
      vertex -54.092 -41.5376 21.9
      vertex -54.092 -41.5376 0
    endloop
  endfacet
  facet normal -0.595794 0.803137 0
    outer loop
      vertex 53.5376 -42.092 0
      vertex 53.2223 -42.3259 21.9
      vertex 53.5376 -42.092 21.9
    endloop
  endfacet
  facet normal -0.595794 0.803137 0
    outer loop
      vertex 53.2223 -42.3259 21.9
      vertex 53.5376 -42.092 0
      vertex 53.2223 -42.3259 0
    endloop
  endfacet
  facet normal -0.671607 0.740908 0
    outer loop
      vertex 53.8284 -41.8284 0
      vertex 53.5376 -42.092 21.9
      vertex 53.8284 -41.8284 21.9
    endloop
  endfacet
  facet normal -0.671607 0.740908 0
    outer loop
      vertex 53.5376 -42.092 21.9
      vertex 53.8284 -41.8284 0
      vertex 53.5376 -42.092 0
    endloop
  endfacet
  facet normal 0.9415 0.337014 0
    outer loop
      vertex -54.6955 -40.5307 21.9
      vertex -54.8278 -40.1611 0
      vertex -54.8278 -40.1611 21.9
    endloop
  endfacet
  facet normal 0.9415 0.337014 0
    outer loop
      vertex -54.8278 -40.1611 0
      vertex -54.6955 -40.5307 21.9
      vertex -54.6955 -40.5307 0
    endloop
  endfacet
  facet normal 0.514084 0.85774 -0
    outer loop
      vertex -52.8856 -42.5277 0
      vertex -53.2223 -42.3259 21.9
      vertex -52.8856 -42.5277 21.9
    endloop
  endfacet
  facet normal 0.514084 0.85774 0
    outer loop
      vertex -53.2223 -42.3259 21.9
      vertex -52.8856 -42.5277 0
      vertex -53.2223 -42.3259 0
    endloop
  endfacet
  facet normal 0 0 -1
    outer loop
      vertex 51 -43 21.9
      vertex 55 -39 21.9
      vertex 54.9807 -39.3921 21.9
    endloop
  endfacet
  facet normal 0 0 -1
    outer loop
      vertex 55 -39 21.9
      vertex 40.5 -1.5 21.9
      vertex 55 39 21.9
    endloop
  endfacet
  facet normal 0 0 -1
    outer loop
      vertex 51 -43 21.9
      vertex 54.9807 -39.3921 21.9
      vertex 54.9231 -39.7804 21.9
    endloop
  endfacet
  facet normal 0 0 -1
    outer loop
      vertex 40.4904 -1.30397 21.9
      vertex 55 39 21.9
      vertex 40.5 -1.5 21.9
    endloop
  endfacet
  facet normal 0 0 -1
    outer loop
      vertex 51 -43 21.9
      vertex 54.9231 -39.7804 21.9
      vertex 54.8278 -40.1611 21.9
    endloop
  endfacet
  facet normal 0 0 -1
    outer loop
      vertex 40.4616 -1.10982 21.9
      vertex 55 39 21.9
      vertex 40.4904 -1.30397 21.9
    endloop
  endfacet
  facet normal 0 0 -1
    outer loop
      vertex 51 -43 21.9
      vertex 54.8278 -40.1611 21.9
      vertex 54.6955 -40.5307 21.9
    endloop
  endfacet
  facet normal 0 0 -1
    outer loop
      vertex 40.4139 -0.919434 21.9
      vertex 55 39 21.9
      vertex 40.4616 -1.10982 21.9
    endloop
  endfacet
  facet normal 0 0 -1
    outer loop
      vertex 51 -43 21.9
      vertex 54.6955 -40.5307 21.9
      vertex 54.5277 -40.8856 21.9
    endloop
  endfacet
  facet normal 0 0 -1
    outer loop
      vertex 40.3478 -0.734634 21.9
      vertex 55 39 21.9
      vertex 40.4139 -0.919434 21.9
    endloop
  endfacet
  facet normal 0 0 -1
    outer loop
      vertex 51 -43 21.9
      vertex 54.5277 -40.8856 21.9
      vertex 54.3259 -41.2223 21.9
    endloop
  endfacet
  facet normal 0 0 -1
    outer loop
      vertex 40.2638 -0.557205 21.9
      vertex 55 39 21.9
      vertex 40.3478 -0.734634 21.9
    endloop
  endfacet
  facet normal 0 0 -1
    outer loop
      vertex 51 -43 21.9
      vertex 54.3259 -41.2223 21.9
      vertex 54.092 -41.5376 21.9
    endloop
  endfacet
  facet normal 0 0 -1
    outer loop
      vertex 40.1629 -0.388855 21.9
      vertex 55 39 21.9
      vertex 40.2638 -0.557205 21.9
    endloop
  endfacet
  facet normal 0 0 -1
    outer loop
      vertex 51 -43 21.9
      vertex 54.092 -41.5376 21.9
      vertex 53.8284 -41.8284 21.9
    endloop
  endfacet
  facet normal 0 0 -1
    outer loop
      vertex 40.046 -0.231216 21.9
      vertex 55 39 21.9
      vertex 40.1629 -0.388855 21.9
    endloop
  endfacet
  facet normal 0 0 -1
    outer loop
      vertex 51 -43 21.9
      vertex 53.8284 -41.8284 21.9
      vertex 53.5376 -42.092 21.9
    endloop
  endfacet
  facet normal 0 0 -1
    outer loop
      vertex 39.9142 -0.0857849 21.9
      vertex 55 39 21.9
      vertex 40.046 -0.231216 21.9
    endloop
  endfacet
  facet normal 0 0 -1
    outer loop
      vertex 51 -43 21.9
      vertex 53.5376 -42.092 21.9
      vertex 53.2223 -42.3259 21.9
    endloop
  endfacet
  facet normal 0 0 -1
    outer loop
      vertex 39.7688 0.0460205 21.9
      vertex 55 39 21.9
      vertex 39.9142 -0.0857849 21.9
    endloop
  endfacet
  facet normal 0 0 -1
    outer loop
      vertex 51 -43 21.9
      vertex 53.2223 -42.3259 21.9
      vertex 52.8856 -42.5277 21.9
    endloop
  endfacet
  facet normal 0 0 -1
    outer loop
      vertex 39.6111 0.162933 21.9
      vertex 55 39 21.9
      vertex 39.7688 0.0460205 21.9
    endloop
  endfacet
  facet normal 0 0 -1
    outer loop
      vertex 51 -43 21.9
      vertex 52.8856 -42.5277 21.9
      vertex 52.5307 -42.6955 21.9
    endloop
  endfacet
  facet normal 0 0 -1
    outer loop
      vertex 39.4428 0.26384 21.9
      vertex 55 39 21.9
      vertex 39.6111 0.162933 21.9
    endloop
  endfacet
  facet normal 0 0 -1
    outer loop
      vertex 51 -43 21.9
      vertex 52.5307 -42.6955 21.9
      vertex 52.1611 -42.8278 21.9
    endloop
  endfacet
  facet normal 0 0 -1
    outer loop
      vertex 39.2654 0.347763 21.9
      vertex 55 39 21.9
      vertex 39.4428 0.26384 21.9
    endloop
  endfacet
  facet normal 0 0 -1
    outer loop
      vertex 51 -43 21.9
      vertex 52.1611 -42.8278 21.9
      vertex 51.7804 -42.9231 21.9
    endloop
  endfacet
  facet normal 0 0 -1
    outer loop
      vertex 39.0806 0.413879 21.9
      vertex 55 39 21.9
      vertex 39.2654 0.347763 21.9
    endloop
  endfacet
  facet normal 0 0 -1
    outer loop
      vertex 51 -43 21.9
      vertex 51.7804 -42.9231 21.9
      vertex 51.3921 -42.9807 21.9
    endloop
  endfacet
  facet normal 0 0 -1
    outer loop
      vertex 38.8902 0.461563 21.9
      vertex 55 39 21.9
      vertex 39.0806 0.413879 21.9
    endloop
  endfacet
  facet normal -0 0 -1
    outer loop
      vertex 55 -39 21.9
      vertex 51 -43 21.9
      vertex 39.6111 -24.1629 21.9
    endloop
  endfacet
  facet normal 0 0 -1
    outer loop
      vertex 38.696 0.490372 21.9
      vertex 55 39 21.9
      vertex 38.8902 0.461563 21.9
    endloop
  endfacet
  facet normal 0 0 -1
    outer loop
      vertex 55 -39 21.9
      vertex 40.5 -22.5 21.9
      vertex 40.5 -1.5 21.9
    endloop
  endfacet
  facet normal 0 0 -1
    outer loop
      vertex 55 -39 21.9
      vertex 40.4904 -22.696 21.9
      vertex 40.5 -22.5 21.9
    endloop
  endfacet
  facet normal 0 0 -1
    outer loop
      vertex 55 -39 21.9
      vertex 40.4616 -22.8902 21.9
      vertex 40.4904 -22.696 21.9
    endloop
  endfacet
  facet normal 0 0 -1
    outer loop
      vertex 55 -39 21.9
      vertex 40.4139 -23.0806 21.9
      vertex 40.4616 -22.8902 21.9
    endloop
  endfacet
  facet normal 0 0 -1
    outer loop
      vertex 55 -39 21.9
      vertex 40.3478 -23.2654 21.9
      vertex 40.4139 -23.0806 21.9
    endloop
  endfacet
  facet normal 0 0 -1
    outer loop
      vertex 55 -39 21.9
      vertex 40.2638 -23.4428 21.9
      vertex 40.3478 -23.2654 21.9
    endloop
  endfacet
  facet normal 0 0 -1
    outer loop
      vertex 55 -39 21.9
      vertex 40.1629 -23.6111 21.9
      vertex 40.2638 -23.4428 21.9
    endloop
  endfacet
  facet normal 0 0 -1
    outer loop
      vertex 55 -39 21.9
      vertex 40.046 -23.7688 21.9
      vertex 40.1629 -23.6111 21.9
    endloop
  endfacet
  facet normal 0 0 -1
    outer loop
      vertex 55 -39 21.9
      vertex 39.9142 -23.9142 21.9
      vertex 40.046 -23.7688 21.9
    endloop
  endfacet
  facet normal 0 0 -1
    outer loop
      vertex 55 -39 21.9
      vertex 39.7688 -24.046 21.9
      vertex 39.9142 -23.9142 21.9
    endloop
  endfacet
  facet normal 0 0 -1
    outer loop
      vertex 55 -39 21.9
      vertex 39.6111 -24.1629 21.9
      vertex 39.7688 -24.046 21.9
    endloop
  endfacet
  facet normal 0 0 -1
    outer loop
      vertex 51 -43 21.9
      vertex 39.4428 -24.2638 21.9
      vertex 39.6111 -24.1629 21.9
    endloop
  endfacet
  facet normal 0 0 -1
    outer loop
      vertex 51 -43 21.9
      vertex 39.2654 -24.3478 21.9
      vertex 39.4428 -24.2638 21.9
    endloop
  endfacet
  facet normal 0 0 -1
    outer loop
      vertex 51 -43 21.9
      vertex 39.0806 -24.4139 21.9
      vertex 39.2654 -24.3478 21.9
    endloop
  endfacet
  facet normal 0 0 -1
    outer loop
      vertex 51 -43 21.9
      vertex 38.8902 -24.4616 21.9
      vertex 39.0806 -24.4139 21.9
    endloop
  endfacet
  facet normal 0 0 -1
    outer loop
      vertex 51 -43 21.9
      vertex 38.696 -24.4904 21.9
      vertex 38.8902 -24.4616 21.9
    endloop
  endfacet
  facet normal 0 0 -1
    outer loop
      vertex 51 -43 21.9
      vertex 38.5 -24.5 21.9
      vertex 38.696 -24.4904 21.9
    endloop
  endfacet
  facet normal 0 0 -1
    outer loop
      vertex 51 -43 21.9
      vertex -38.5 -24.5 21.9
      vertex 38.5 -24.5 21.9
    endloop
  endfacet
  facet normal 0 0 -1
    outer loop
      vertex -51 -43 21.9
      vertex -38.5 -24.5 21.9
      vertex 51 -43 21.9
    endloop
  endfacet
  facet normal -0 0 -1
    outer loop
      vertex -38.5 -24.5 21.9
      vertex -51 -43 21.9
      vertex -38.696 -24.4904 21.9
    endloop
  endfacet
  facet normal -0 0 -1
    outer loop
      vertex -40.4904 -22.696 21.9
      vertex -55 -39 21.9
      vertex -40.5 -22.5 21.9
    endloop
  endfacet
  facet normal -0 0 -1
    outer loop
      vertex -40.4616 -22.8902 21.9
      vertex -55 -39 21.9
      vertex -40.4904 -22.696 21.9
    endloop
  endfacet
  facet normal -0 0 -1
    outer loop
      vertex -40.4139 -23.0806 21.9
      vertex -55 -39 21.9
      vertex -40.4616 -22.8902 21.9
    endloop
  endfacet
  facet normal -0 0 -1
    outer loop
      vertex -40.3478 -23.2654 21.9
      vertex -55 -39 21.9
      vertex -40.4139 -23.0806 21.9
    endloop
  endfacet
  facet normal -0 0 -1
    outer loop
      vertex -40.2638 -23.4428 21.9
      vertex -55 -39 21.9
      vertex -40.3478 -23.2654 21.9
    endloop
  endfacet
  facet normal -0 0 -1
    outer loop
      vertex -40.1629 -23.6111 21.9
      vertex -55 -39 21.9
      vertex -40.2638 -23.4428 21.9
    endloop
  endfacet
  facet normal -0 0 -1
    outer loop
      vertex -40.046 -23.7688 21.9
      vertex -55 -39 21.9
      vertex -40.1629 -23.6111 21.9
    endloop
  endfacet
  facet normal -0 0 -1
    outer loop
      vertex -39.9142 -23.9142 21.9
      vertex -55 -39 21.9
      vertex -40.046 -23.7688 21.9
    endloop
  endfacet
  facet normal -0 0 -1
    outer loop
      vertex -39.7688 -24.046 21.9
      vertex -55 -39 21.9
      vertex -39.9142 -23.9142 21.9
    endloop
  endfacet
  facet normal -0 0 -1
    outer loop
      vertex -39.6111 -24.1629 21.9
      vertex -55 -39 21.9
      vertex -39.7688 -24.046 21.9
    endloop
  endfacet
  facet normal 0 0 -1
    outer loop
      vertex -55 -39 21.9
      vertex -39.6111 -24.1629 21.9
      vertex -51 -43 21.9
    endloop
  endfacet
  facet normal -0 0 -1
    outer loop
      vertex -39.4428 -24.2638 21.9
      vertex -51 -43 21.9
      vertex -39.6111 -24.1629 21.9
    endloop
  endfacet
  facet normal -0 0 -1
    outer loop
      vertex -39.2654 -24.3478 21.9
      vertex -51 -43 21.9
      vertex -39.4428 -24.2638 21.9
    endloop
  endfacet
  facet normal -0 0 -1
    outer loop
      vertex -39.0806 -24.4139 21.9
      vertex -51 -43 21.9
      vertex -39.2654 -24.3478 21.9
    endloop
  endfacet
  facet normal -0 0 -1
    outer loop
      vertex -38.8902 -24.4616 21.9
      vertex -51 -43 21.9
      vertex -39.0806 -24.4139 21.9
    endloop
  endfacet
  facet normal -0 0 -1
    outer loop
      vertex -38.696 -24.4904 21.9
      vertex -51 -43 21.9
      vertex -38.8902 -24.4616 21.9
    endloop
  endfacet
  facet normal 0 0 -1
    outer loop
      vertex 38.5 0.5 21.9
      vertex 55 39 21.9
      vertex 38.696 0.490372 21.9
    endloop
  endfacet
  facet normal 0 -0 -1
    outer loop
      vertex 51 43 21.9
      vertex 55 39 21.9
      vertex 38.5 0.5 21.9
    endloop
  endfacet
  facet normal 0 0 -1
    outer loop
      vertex 55 39 21.9
      vertex 51 43 21.9
      vertex 54.9807 39.3921 21.9
    endloop
  endfacet
  facet normal 0 0 -1
    outer loop
      vertex 54.9807 39.3921 21.9
      vertex 51 43 21.9
      vertex 54.9231 39.7804 21.9
    endloop
  endfacet
  facet normal 0 0 -1
    outer loop
      vertex 54.8278 40.1611 21.9
      vertex 51 43 21.9
      vertex 54.6955 40.5307 21.9
    endloop
  endfacet
  facet normal 0 0 -1
    outer loop
      vertex 54.5277 40.8856 21.9
      vertex 51 43 21.9
      vertex 54.3259 41.2223 21.9
    endloop
  endfacet
  facet normal 0 0 -1
    outer loop
      vertex 54.3259 41.2223 21.9
      vertex 51 43 21.9
      vertex 54.092 41.5376 21.9
    endloop
  endfacet
  facet normal 0 0 -1
    outer loop
      vertex 53.8284 41.8284 21.9
      vertex 51 43 21.9
      vertex 53.5376 42.092 21.9
    endloop
  endfacet
  facet normal 0 0 -1
    outer loop
      vertex 53.2223 42.3259 21.9
      vertex 51 43 21.9
      vertex 52.8856 42.5277 21.9
    endloop
  endfacet
  facet normal 0 0 -1
    outer loop
      vertex 52.8856 42.5277 21.9
      vertex 51 43 21.9
      vertex 52.5307 42.6955 21.9
    endloop
  endfacet
  facet normal 0 0 -1
    outer loop
      vertex 52.1611 42.8278 21.9
      vertex 51 43 21.9
      vertex 51.7804 42.9231 21.9
    endloop
  endfacet
  facet normal 0 0 -1
    outer loop
      vertex 51.7804 42.9231 21.9
      vertex 51 43 21.9
      vertex 51.3921 42.9807 21.9
    endloop
  endfacet
  facet normal 0 0 -1
    outer loop
      vertex 52.5307 42.6955 21.9
      vertex 51 43 21.9
      vertex 52.1611 42.8278 21.9
    endloop
  endfacet
  facet normal 0 0 -1
    outer loop
      vertex 53.5376 42.092 21.9
      vertex 51 43 21.9
      vertex 53.2223 42.3259 21.9
    endloop
  endfacet
  facet normal 0 0 -1
    outer loop
      vertex 54.092 41.5376 21.9
      vertex 51 43 21.9
      vertex 53.8284 41.8284 21.9
    endloop
  endfacet
  facet normal 0 0 -1
    outer loop
      vertex 54.6955 40.5307 21.9
      vertex 51 43 21.9
      vertex 54.5277 40.8856 21.9
    endloop
  endfacet
  facet normal 0 0 -1
    outer loop
      vertex 54.9231 39.7804 21.9
      vertex 51 43 21.9
      vertex 54.8278 40.1611 21.9
    endloop
  endfacet
  facet normal 0 0 -1
    outer loop
      vertex -38.5 0.5 21.9
      vertex 51 43 21.9
      vertex 38.5 0.5 21.9
    endloop
  endfacet
  facet normal 0 0 -1
    outer loop
      vertex -55 39 21.9
      vertex -38.5 0.5 21.9
      vertex -38.696 0.490372 21.9
    endloop
  endfacet
  facet normal 0 0 -1
    outer loop
      vertex -55 39 21.9
      vertex -38.696 0.490372 21.9
      vertex -38.8902 0.461563 21.9
    endloop
  endfacet
  facet normal 0 0 -1
    outer loop
      vertex -55 39 21.9
      vertex -38.8902 0.461563 21.9
      vertex -39.0806 0.413879 21.9
    endloop
  endfacet
  facet normal 0 0 -1
    outer loop
      vertex -55 39 21.9
      vertex -39.0806 0.413879 21.9
      vertex -39.2654 0.347763 21.9
    endloop
  endfacet
  facet normal -0 0 -1
    outer loop
      vertex -40.5 -22.5 21.9
      vertex -55 -39 21.9
      vertex -40.5 -1.5 21.9
    endloop
  endfacet
  facet normal 0 0 -1
    outer loop
      vertex -55 39 21.9
      vertex -40.5 -1.5 21.9
      vertex -55 -39 21.9
    endloop
  endfacet
  facet normal 0 0 -1
    outer loop
      vertex -40.5 -1.5 21.9
      vertex -55 39 21.9
      vertex -40.4904 -1.30397 21.9
    endloop
  endfacet
  facet normal 0 0 -1
    outer loop
      vertex -38.5 0.5 21.9
      vertex -51 43 21.9
      vertex 51 43 21.9
    endloop
  endfacet
  facet normal 0 0 -1
    outer loop
      vertex -55 39 21.9
      vertex -39.2654 0.347763 21.9
      vertex -39.4428 0.26384 21.9
    endloop
  endfacet
  facet normal 0 0 -1
    outer loop
      vertex -55 39 21.9
      vertex -39.4428 0.26384 21.9
      vertex -39.6111 0.162933 21.9
    endloop
  endfacet
  facet normal 0 0 -1
    outer loop
      vertex -55 39 21.9
      vertex -39.6111 0.162933 21.9
      vertex -39.7688 0.0460205 21.9
    endloop
  endfacet
  facet normal 0 0 -1
    outer loop
      vertex -55 39 21.9
      vertex -39.7688 0.0460205 21.9
      vertex -39.9142 -0.0857849 21.9
    endloop
  endfacet
  facet normal 0 0 -1
    outer loop
      vertex -55 39 21.9
      vertex -39.9142 -0.0857849 21.9
      vertex -40.046 -0.231216 21.9
    endloop
  endfacet
  facet normal 0 0 -1
    outer loop
      vertex -55 39 21.9
      vertex -40.046 -0.231216 21.9
      vertex -40.1629 -0.388855 21.9
    endloop
  endfacet
  facet normal 0 0 -1
    outer loop
      vertex -55 39 21.9
      vertex -40.1629 -0.388855 21.9
      vertex -40.2638 -0.557205 21.9
    endloop
  endfacet
  facet normal 0 0 -1
    outer loop
      vertex -55 39 21.9
      vertex -40.2638 -0.557205 21.9
      vertex -40.3478 -0.734634 21.9
    endloop
  endfacet
  facet normal 0 0 -1
    outer loop
      vertex -55 39 21.9
      vertex -40.3478 -0.734634 21.9
      vertex -40.4139 -0.919434 21.9
    endloop
  endfacet
  facet normal 0 0 -1
    outer loop
      vertex -40.4904 -1.30397 21.9
      vertex -55 39 21.9
      vertex -40.4616 -1.10982 21.9
    endloop
  endfacet
  facet normal 0 0 -1
    outer loop
      vertex -55 -39 21.9
      vertex -51 -43 21.9
      vertex -51.3921 -42.9807 21.9
    endloop
  endfacet
  facet normal 0 0 -1
    outer loop
      vertex -40.4616 -1.10982 21.9
      vertex -55 39 21.9
      vertex -40.4139 -0.919434 21.9
    endloop
  endfacet
  facet normal 0 0 -1
    outer loop
      vertex -55 -39 21.9
      vertex -51.3921 -42.9807 21.9
      vertex -51.7804 -42.9231 21.9
    endloop
  endfacet
  facet normal 0 0 -1
    outer loop
      vertex -38.5 0.5 21.9
      vertex -55 39 21.9
      vertex -51 43 21.9
    endloop
  endfacet
  facet normal 0 0 -1
    outer loop
      vertex -55 -39 21.9
      vertex -51.7804 -42.9231 21.9
      vertex -52.1611 -42.8278 21.9
    endloop
  endfacet
  facet normal 0 0 -1
    outer loop
      vertex -51 43 21.9
      vertex -55 39 21.9
      vertex -51.3921 42.9807 21.9
    endloop
  endfacet
  facet normal 0 0 -1
    outer loop
      vertex -55 -39 21.9
      vertex -52.1611 -42.8278 21.9
      vertex -52.5307 -42.6955 21.9
    endloop
  endfacet
  facet normal 0 0 -1
    outer loop
      vertex -51.3921 42.9807 21.9
      vertex -55 39 21.9
      vertex -51.7804 42.9231 21.9
    endloop
  endfacet
  facet normal 0 0 -1
    outer loop
      vertex -55 -39 21.9
      vertex -52.5307 -42.6955 21.9
      vertex -52.8856 -42.5277 21.9
    endloop
  endfacet
  facet normal 0 0 -1
    outer loop
      vertex -51.7804 42.9231 21.9
      vertex -55 39 21.9
      vertex -52.1611 42.8278 21.9
    endloop
  endfacet
  facet normal 0 0 -1
    outer loop
      vertex -55 -39 21.9
      vertex -52.8856 -42.5277 21.9
      vertex -53.2223 -42.3259 21.9
    endloop
  endfacet
  facet normal 0 0 -1
    outer loop
      vertex -52.1611 42.8278 21.9
      vertex -55 39 21.9
      vertex -52.5307 42.6955 21.9
    endloop
  endfacet
  facet normal 0 0 -1
    outer loop
      vertex -55 -39 21.9
      vertex -53.2223 -42.3259 21.9
      vertex -53.5376 -42.092 21.9
    endloop
  endfacet
  facet normal 0 0 -1
    outer loop
      vertex -52.5307 42.6955 21.9
      vertex -55 39 21.9
      vertex -52.8856 42.5277 21.9
    endloop
  endfacet
  facet normal 0 0 -1
    outer loop
      vertex -55 -39 21.9
      vertex -53.5376 -42.092 21.9
      vertex -53.8284 -41.8284 21.9
    endloop
  endfacet
  facet normal 0 0 -1
    outer loop
      vertex -52.8856 42.5277 21.9
      vertex -55 39 21.9
      vertex -53.2223 42.3259 21.9
    endloop
  endfacet
  facet normal 0 0 -1
    outer loop
      vertex -55 -39 21.9
      vertex -53.8284 -41.8284 21.9
      vertex -54.092 -41.5376 21.9
    endloop
  endfacet
  facet normal 0 0 -1
    outer loop
      vertex -53.2223 42.3259 21.9
      vertex -55 39 21.9
      vertex -53.5376 42.092 21.9
    endloop
  endfacet
  facet normal 0 0 -1
    outer loop
      vertex -55 -39 21.9
      vertex -54.092 -41.5376 21.9
      vertex -54.3259 -41.2223 21.9
    endloop
  endfacet
  facet normal 0 0 -1
    outer loop
      vertex -53.5376 42.092 21.9
      vertex -55 39 21.9
      vertex -53.8284 41.8284 21.9
    endloop
  endfacet
  facet normal 0 0 -1
    outer loop
      vertex -55 -39 21.9
      vertex -54.3259 -41.2223 21.9
      vertex -54.5277 -40.8856 21.9
    endloop
  endfacet
  facet normal 0 0 -1
    outer loop
      vertex -53.8284 41.8284 21.9
      vertex -55 39 21.9
      vertex -54.092 41.5376 21.9
    endloop
  endfacet
  facet normal 0 0 -1
    outer loop
      vertex -55 -39 21.9
      vertex -54.5277 -40.8856 21.9
      vertex -54.6955 -40.5307 21.9
    endloop
  endfacet
  facet normal 0 0 -1
    outer loop
      vertex -54.092 41.5376 21.9
      vertex -55 39 21.9
      vertex -54.3259 41.2223 21.9
    endloop
  endfacet
  facet normal 0 0 -1
    outer loop
      vertex -55 -39 21.9
      vertex -54.6955 -40.5307 21.9
      vertex -54.8278 -40.1611 21.9
    endloop
  endfacet
  facet normal 0 0 -1
    outer loop
      vertex -54.3259 41.2223 21.9
      vertex -55 39 21.9
      vertex -54.5277 40.8856 21.9
    endloop
  endfacet
  facet normal 0 0 -1
    outer loop
      vertex -55 -39 21.9
      vertex -54.8278 -40.1611 21.9
      vertex -54.9231 -39.7804 21.9
    endloop
  endfacet
  facet normal 0 0 -1
    outer loop
      vertex -54.5277 40.8856 21.9
      vertex -55 39 21.9
      vertex -54.6955 40.5307 21.9
    endloop
  endfacet
  facet normal 0 0 -1
    outer loop
      vertex -55 -39 21.9
      vertex -54.9231 -39.7804 21.9
      vertex -54.9807 -39.3921 21.9
    endloop
  endfacet
  facet normal 0 0 -1
    outer loop
      vertex -54.6955 40.5307 21.9
      vertex -55 39 21.9
      vertex -54.8278 40.1611 21.9
    endloop
  endfacet
  facet normal 0 0 -1
    outer loop
      vertex -54.8278 40.1611 21.9
      vertex -55 39 21.9
      vertex -54.9231 39.7804 21.9
    endloop
  endfacet
  facet normal 0 0 -1
    outer loop
      vertex -54.9231 39.7804 21.9
      vertex -55 39 21.9
      vertex -54.9807 39.3921 21.9
    endloop
  endfacet
  facet normal 0.970068 0.242835 0
    outer loop
      vertex -54.8278 -40.1611 21.9
      vertex -54.9231 -39.7804 0
      vertex -54.9231 -39.7804 21.9
    endloop
  endfacet
  facet normal 0.970068 0.242835 0
    outer loop
      vertex -54.9231 -39.7804 0
      vertex -54.8278 -40.1611 21.9
      vertex -54.8278 -40.1611 0
    endloop
  endfacet
  facet normal -0.970068 0.242835 0
    outer loop
      vertex 54.8278 -40.1611 0
      vertex 54.9231 -39.7804 21.9
      vertex 54.9231 -39.7804 0
    endloop
  endfacet
  facet normal -0.970068 0.242835 0
    outer loop
      vertex 54.9231 -39.7804 21.9
      vertex 54.8278 -40.1611 0
      vertex 54.8278 -40.1611 21.9
    endloop
  endfacet
  facet normal -0.9415 -0.337014 0
    outer loop
      vertex 54.8278 40.1611 0
      vertex 54.6955 40.5307 21.9
      vertex 54.6955 40.5307 0
    endloop
  endfacet
  facet normal -0.9415 -0.337014 0
    outer loop
      vertex 54.6955 40.5307 21.9
      vertex 54.8278 40.1611 0
      vertex 54.8278 40.1611 21.9
    endloop
  endfacet
  facet normal 0.740908 -0.671607 0
    outer loop
      vertex -54.092 41.5376 21.9
      vertex -53.8284 41.8284 0
      vertex -53.8284 41.8284 21.9
    endloop
  endfacet
  facet normal 0.740908 -0.671607 0
    outer loop
      vertex -53.8284 41.8284 0
      vertex -54.092 41.5376 21.9
      vertex -54.092 41.5376 0
    endloop
  endfacet
  facet normal 0.9415 -0.337014 0
    outer loop
      vertex -54.8278 40.1611 21.9
      vertex -54.6955 40.5307 0
      vertex -54.6955 40.5307 21.9
    endloop
  endfacet
  facet normal 0.9415 -0.337014 0
    outer loop
      vertex -54.6955 40.5307 0
      vertex -54.8278 40.1611 21.9
      vertex -54.8278 40.1611 0
    endloop
  endfacet
  facet normal 0.998791 -0.0491626 0
    outer loop
      vertex -55 39 21.9
      vertex -54.9807 39.3921 0
      vertex -54.9807 39.3921 21.9
    endloop
  endfacet
  facet normal 0.998791 -0.0491626 0
    outer loop
      vertex -54.9807 39.3921 0
      vertex -55 39 21.9
      vertex -55 39 0
    endloop
  endfacet
  facet normal -0.595794 -0.803137 0
    outer loop
      vertex 53.2223 42.3259 0
      vertex 53.5376 42.092 21.9
      vertex 53.2223 42.3259 21.9
    endloop
  endfacet
  facet normal -0.595794 -0.803137 -0
    outer loop
      vertex 53.5376 42.092 21.9
      vertex 53.2223 42.3259 0
      vertex 53.5376 42.092 0
    endloop
  endfacet
  facet normal -0.9415 0.337014 0
    outer loop
      vertex 54.6955 -40.5307 0
      vertex 54.8278 -40.1611 21.9
      vertex 54.8278 -40.1611 0
    endloop
  endfacet
  facet normal -0.9415 0.337014 0
    outer loop
      vertex 54.8278 -40.1611 21.9
      vertex 54.6955 -40.5307 0
      vertex 54.6955 -40.5307 21.9
    endloop
  endfacet
  facet normal -0.998791 0.0491626 0
    outer loop
      vertex 54.9807 -39.3921 0
      vertex 55 -39 21.9
      vertex 55 -39 0
    endloop
  endfacet
  facet normal -0.998791 0.0491626 0
    outer loop
      vertex 55 -39 21.9
      vertex 54.9807 -39.3921 0
      vertex 54.9807 -39.3921 21.9
    endloop
  endfacet
  facet normal 0.242835 -0.970068 0
    outer loop
      vertex -52.1611 42.8278 0
      vertex -51.7804 42.9231 21.9
      vertex -52.1611 42.8278 21.9
    endloop
  endfacet
  facet normal 0.242835 -0.970068 0
    outer loop
      vertex -51.7804 42.9231 21.9
      vertex -52.1611 42.8278 0
      vertex -51.7804 42.9231 0
    endloop
  endfacet
  facet normal -0.998791 -0.0491626 0
    outer loop
      vertex 55 39 0
      vertex 54.9807 39.3921 21.9
      vertex 54.9807 39.3921 0
    endloop
  endfacet
  facet normal -0.998791 -0.0491626 0
    outer loop
      vertex 54.9807 39.3921 21.9
      vertex 55 39 0
      vertex 55 39 21.9
    endloop
  endfacet
  facet normal -0.904044 0.42744 0
    outer loop
      vertex 54.5277 -40.8856 0
      vertex 54.6955 -40.5307 21.9
      vertex 54.6955 -40.5307 0
    endloop
  endfacet
  facet normal -0.904044 0.42744 0
    outer loop
      vertex 54.6955 -40.5307 21.9
      vertex 54.5277 -40.8856 0
      vertex 54.5277 -40.8856 21.9
    endloop
  endfacet
  facet normal -0.146733 0.989176 0
    outer loop
      vertex 51.7804 -42.9231 0
      vertex 51.3921 -42.9807 21.9
      vertex 51.7804 -42.9231 21.9
    endloop
  endfacet
  facet normal -0.146733 0.989176 0
    outer loop
      vertex 51.3921 -42.9807 21.9
      vertex 51.7804 -42.9231 0
      vertex 51.3921 -42.9807 0
    endloop
  endfacet
  facet normal 0.998791 0.0491626 0
    outer loop
      vertex -54.9807 -39.3921 21.9
      vertex -55 -39 0
      vertex -55 -39 21.9
    endloop
  endfacet
  facet normal 0.998791 0.0491626 0
    outer loop
      vertex -55 -39 0
      vertex -54.9807 -39.3921 21.9
      vertex -54.9807 -39.3921 0
    endloop
  endfacet
  facet normal 0.970068 -0.242835 0
    outer loop
      vertex -54.9231 39.7804 21.9
      vertex -54.8278 40.1611 0
      vertex -54.8278 40.1611 21.9
    endloop
  endfacet
  facet normal 0.970068 -0.242835 0
    outer loop
      vertex -54.8278 40.1611 0
      vertex -54.9231 39.7804 21.9
      vertex -54.9231 39.7804 0
    endloop
  endfacet
  facet normal 0.989176 0.146733 0
    outer loop
      vertex -54.9231 -39.7804 21.9
      vertex -54.9807 -39.3921 0
      vertex -54.9807 -39.3921 21.9
    endloop
  endfacet
  facet normal 0.989176 0.146733 0
    outer loop
      vertex -54.9807 -39.3921 0
      vertex -54.9231 -39.7804 21.9
      vertex -54.9231 -39.7804 0
    endloop
  endfacet
  facet normal 0.337014 -0.9415 0
    outer loop
      vertex -52.5307 42.6955 0
      vertex -52.1611 42.8278 21.9
      vertex -52.5307 42.6955 21.9
    endloop
  endfacet
  facet normal 0.337014 -0.9415 0
    outer loop
      vertex -52.1611 42.8278 21.9
      vertex -52.5307 42.6955 0
      vertex -52.1611 42.8278 0
    endloop
  endfacet
  facet normal -0.146733 -0.989176 0
    outer loop
      vertex 51.3921 42.9807 0
      vertex 51.7804 42.9231 21.9
      vertex 51.3921 42.9807 21.9
    endloop
  endfacet
  facet normal -0.146733 -0.989176 -0
    outer loop
      vertex 51.7804 42.9231 21.9
      vertex 51.3921 42.9807 0
      vertex 51.7804 42.9231 0
    endloop
  endfacet
  facet normal -0.85774 -0.514084 0
    outer loop
      vertex 54.5277 40.8856 0
      vertex 54.3259 41.2223 21.9
      vertex 54.3259 41.2223 0
    endloop
  endfacet
  facet normal -0.85774 -0.514084 0
    outer loop
      vertex 54.3259 41.2223 21.9
      vertex 54.5277 40.8856 0
      vertex 54.5277 40.8856 21.9
    endloop
  endfacet
  facet normal 0.671607 -0.740908 0
    outer loop
      vertex -53.8284 41.8284 0
      vertex -53.5376 42.092 21.9
      vertex -53.8284 41.8284 21.9
    endloop
  endfacet
  facet normal 0.671607 -0.740908 0
    outer loop
      vertex -53.5376 42.092 21.9
      vertex -53.8284 41.8284 0
      vertex -53.5376 42.092 0
    endloop
  endfacet
  facet normal 0.514084 -0.85774 0
    outer loop
      vertex -53.2223 42.3259 0
      vertex -52.8856 42.5277 21.9
      vertex -53.2223 42.3259 21.9
    endloop
  endfacet
  facet normal 0.514084 -0.85774 0
    outer loop
      vertex -52.8856 42.5277 21.9
      vertex -53.2223 42.3259 0
      vertex -52.8856 42.5277 0
    endloop
  endfacet
  facet normal -0.740908 -0.671607 0
    outer loop
      vertex 54.092 41.5376 0
      vertex 53.8284 41.8284 21.9
      vertex 53.8284 41.8284 0
    endloop
  endfacet
  facet normal -0.740908 -0.671607 0
    outer loop
      vertex 53.8284 41.8284 21.9
      vertex 54.092 41.5376 0
      vertex 54.092 41.5376 21.9
    endloop
  endfacet
  facet normal -0.42744 0.904044 0
    outer loop
      vertex 52.8856 -42.5277 0
      vertex 52.5307 -42.6955 21.9
      vertex 52.8856 -42.5277 21.9
    endloop
  endfacet
  facet normal -0.42744 0.904044 0
    outer loop
      vertex 52.5307 -42.6955 21.9
      vertex 52.8856 -42.5277 0
      vertex 52.5307 -42.6955 0
    endloop
  endfacet
  facet normal 0.42744 -0.904044 0
    outer loop
      vertex -52.8856 42.5277 0
      vertex -52.5307 42.6955 21.9
      vertex -52.8856 42.5277 21.9
    endloop
  endfacet
  facet normal 0.42744 -0.904044 0
    outer loop
      vertex -52.5307 42.6955 21.9
      vertex -52.8856 42.5277 0
      vertex -52.5307 42.6955 0
    endloop
  endfacet
  facet normal 0.740908 0.671607 0
    outer loop
      vertex -53.8284 -41.8284 21.9
      vertex -54.092 -41.5376 0
      vertex -54.092 -41.5376 21.9
    endloop
  endfacet
  facet normal 0.740908 0.671607 0
    outer loop
      vertex -54.092 -41.5376 0
      vertex -53.8284 -41.8284 21.9
      vertex -53.8284 -41.8284 0
    endloop
  endfacet
  facet normal -0.803137 -0.595794 0
    outer loop
      vertex 54.3259 41.2223 0
      vertex 54.092 41.5376 21.9
      vertex 54.092 41.5376 0
    endloop
  endfacet
  facet normal -0.803137 -0.595794 0
    outer loop
      vertex 54.092 41.5376 21.9
      vertex 54.3259 41.2223 0
      vertex 54.3259 41.2223 21.9
    endloop
  endfacet
  facet normal -0.989176 0.146733 0
    outer loop
      vertex 54.9231 -39.7804 0
      vertex 54.9807 -39.3921 21.9
      vertex 54.9807 -39.3921 0
    endloop
  endfacet
  facet normal -0.989176 0.146733 0
    outer loop
      vertex 54.9807 -39.3921 21.9
      vertex 54.9231 -39.7804 0
      vertex 54.9231 -39.7804 21.9
    endloop
  endfacet
  facet normal -0.803137 0.595794 0
    outer loop
      vertex 54.092 -41.5376 0
      vertex 54.3259 -41.2223 21.9
      vertex 54.3259 -41.2223 0
    endloop
  endfacet
  facet normal -0.803137 0.595794 0
    outer loop
      vertex 54.3259 -41.2223 21.9
      vertex 54.092 -41.5376 0
      vertex 54.092 -41.5376 21.9
    endloop
  endfacet
  facet normal -0.970068 -0.242835 0
    outer loop
      vertex 54.9231 39.7804 0
      vertex 54.8278 40.1611 21.9
      vertex 54.8278 40.1611 0
    endloop
  endfacet
  facet normal -0.970068 -0.242835 0
    outer loop
      vertex 54.8278 40.1611 21.9
      vertex 54.9231 39.7804 0
      vertex 54.9231 39.7804 21.9
    endloop
  endfacet
  facet normal -0.671607 -0.740908 0
    outer loop
      vertex 53.5376 42.092 0
      vertex 53.8284 41.8284 21.9
      vertex 53.5376 42.092 21.9
    endloop
  endfacet
  facet normal -0.671607 -0.740908 -0
    outer loop
      vertex 53.8284 41.8284 21.9
      vertex 53.5376 42.092 0
      vertex 53.8284 41.8284 0
    endloop
  endfacet
  facet normal -0.904044 -0.42744 0
    outer loop
      vertex 54.6955 40.5307 0
      vertex 54.5277 40.8856 21.9
      vertex 54.5277 40.8856 0
    endloop
  endfacet
  facet normal -0.904044 -0.42744 0
    outer loop
      vertex 54.5277 40.8856 21.9
      vertex 54.6955 40.5307 0
      vertex 54.6955 40.5307 21.9
    endloop
  endfacet
  facet normal 0 0 -1
    outer loop
      vertex 55 -30.5 10.9
      vertex 57 -19.5 10.9
      vertex 57 -30.5 10.9
    endloop
  endfacet
  facet normal -0 0 -1
    outer loop
      vertex 57 -19.5 10.9
      vertex 55 -30.5 10.9
      vertex 55 -19.5 10.9
    endloop
  endfacet
  facet normal -0 0 1
    outer loop
      vertex 55 -19.5 6.1
      vertex 57 -30.5 6.1
      vertex 57 -19.5 6.1
    endloop
  endfacet
  facet normal 0 0 1
    outer loop
      vertex 57 -30.5 6.1
      vertex 55 -19.5 6.1
      vertex 55 -30.5 6.1
    endloop
  endfacet
  facet normal 0 -1 0
    outer loop
      vertex 55 -19.5 6.1
      vertex 57 -19.5 10.9
      vertex 55 -19.5 10.9
    endloop
  endfacet
  facet normal 0 -1 -0
    outer loop
      vertex 57 -19.5 10.9
      vertex 55 -19.5 6.1
      vertex 57 -19.5 6.1
    endloop
  endfacet
  facet normal 0 1 -0
    outer loop
      vertex 57 -30.5 6.1
      vertex 55 -30.5 10.9
      vertex 57 -30.5 10.9
    endloop
  endfacet
  facet normal 0 1 0
    outer loop
      vertex 55 -30.5 10.9
      vertex 57 -30.5 6.1
      vertex 55 -30.5 6.1
    endloop
  endfacet
  facet normal 0 -0.243015 0.970022
    outer loop
      vertex 55 23.8999 10.0335
      vertex 57 23.6048 9.95957
      vertex 57 23.8999 10.0335
    endloop
  endfacet
  facet normal 0 -0.243015 0.970022
    outer loop
      vertex 57 23.6048 9.95957
      vertex 55 23.8999 10.0335
      vertex 55 23.6048 9.95957
    endloop
  endfacet
  facet normal 0 -0.595943 0.803027
    outer loop
      vertex 55 24.9666 10.6037
      vertex 57 24.7223 10.4224
      vertex 57 24.9666 10.6037
    endloop
  endfacet
  facet normal 0 -0.595943 0.803027
    outer loop
      vertex 57 24.7223 10.4224
      vertex 55 24.9666 10.6037
      vertex 55 24.7223 10.4224
    endloop
  endfacet
  facet normal 0 -0.0490688 0.998795
    outer loop
      vertex 55 23.3039 9.91493
      vertex 57 23 9.9
      vertex 57 23.3039 9.91493
    endloop
  endfacet
  facet normal 0 -0.0490688 0.998795
    outer loop
      vertex 57 23 9.9
      vertex 55 23.3039 9.91493
      vertex 55 23 9.9
    endloop
  endfacet
  facet normal -0 0.336961 0.941519
    outer loop
      vertex 55 22.1001 10.0335
      vertex 57 21.8137 10.136
      vertex 57 22.1001 10.0335
    endloop
  endfacet
  facet normal 0 0.336961 0.941519
    outer loop
      vertex 57 21.8137 10.136
      vertex 55 22.1001 10.0335
      vertex 55 21.8137 10.136
    endloop
  endfacet
  facet normal 0 0.989145 -0.146942
    outer loop
      vertex 57 19.9149 13.3039
      vertex 55 19.9596 13.6048
      vertex 57 19.9596 13.6048
    endloop
  endfacet
  facet normal 0 0.989145 -0.146942
    outer loop
      vertex 55 19.9596 13.6048
      vertex 57 19.9149 13.3039
      vertex 55 19.9149 13.3039
    endloop
  endfacet
  facet normal 0 -0.740936 -0.671576
    outer loop
      vertex 55 25.3963 14.9666
      vertex 57 25.192 15.192
      vertex 55 25.192 15.192
    endloop
  endfacet
  facet normal 0 -0.740936 -0.671576
    outer loop
      vertex 57 25.192 15.192
      vertex 55 25.3963 14.9666
      vertex 57 25.3963 14.9666
    endloop
  endfacet
  facet normal 0 0.970046 0.242922
    outer loop
      vertex 57 20.0335 12.1001
      vertex 55 19.9596 12.3952
      vertex 57 19.9596 12.3952
    endloop
  endfacet
  facet normal 0 0.970046 0.242922
    outer loop
      vertex 55 19.9596 12.3952
      vertex 57 20.0335 12.1001
      vertex 55 20.0335 12.1001
    endloop
  endfacet
  facet normal 0 0.740936 0.671576
    outer loop
      vertex 57 20.808 10.808
      vertex 55 20.6037 11.0334
      vertex 57 20.6037 11.0334
    endloop
  endfacet
  facet normal 0 0.740936 0.671576
    outer loop
      vertex 55 20.6037 11.0334
      vertex 57 20.808 10.808
      vertex 55 20.808 10.808
    endloop
  endfacet
  facet normal 0 -0.242922 -0.970046
    outer loop
      vertex 55 23.6048 16.0404
      vertex 57 23.8999 15.9665
      vertex 57 23.6048 16.0404
    endloop
  endfacet
  facet normal -0 -0.242922 -0.970046
    outer loop
      vertex 57 23.8999 15.9665
      vertex 55 23.6048 16.0404
      vertex 55 23.8999 15.9665
    endloop
  endfacet
  facet normal 0 -0.941519 -0.336961
    outer loop
      vertex 55 25.9665 13.8999
      vertex 57 25.864 14.1863
      vertex 55 25.864 14.1863
    endloop
  endfacet
  facet normal 0 -0.941519 -0.336961
    outer loop
      vertex 57 25.864 14.1863
      vertex 55 25.9665 13.8999
      vertex 57 25.9665 13.8999
    endloop
  endfacet
  facet normal -0 0.595943 0.803027
    outer loop
      vertex 55 21.2777 10.4224
      vertex 57 21.0334 10.6037
      vertex 57 21.2777 10.4224
    endloop
  endfacet
  facet normal 0 0.595943 0.803027
    outer loop
      vertex 57 21.0334 10.6037
      vertex 55 21.2777 10.4224
      vertex 55 21.0334 10.6037
    endloop
  endfacet
  facet normal 0 -0.941519 0.336961
    outer loop
      vertex 55 25.864 11.8137
      vertex 57 25.9665 12.1001
      vertex 55 25.9665 12.1001
    endloop
  endfacet
  facet normal 0 -0.941519 0.336961
    outer loop
      vertex 57 25.9665 12.1001
      vertex 55 25.864 11.8137
      vertex 57 25.864 11.8137
    endloop
  endfacet
  facet normal 0 -0.42738 0.904072
    outer loop
      vertex 55 24.4613 10.266
      vertex 57 24.1863 10.136
      vertex 57 24.4613 10.266
    endloop
  endfacet
  facet normal 0 -0.42738 0.904072
    outer loop
      vertex 57 24.1863 10.136
      vertex 55 24.4613 10.266
      vertex 55 24.1863 10.136
    endloop
  endfacet
  facet normal 0 -0.803027 0.595943
    outer loop
      vertex 55 25.3963 11.0334
      vertex 57 25.5776 11.2777
      vertex 55 25.5776 11.2777
    endloop
  endfacet
  facet normal 0 -0.803027 0.595943
    outer loop
      vertex 57 25.5776 11.2777
      vertex 55 25.3963 11.0334
      vertex 57 25.3963 11.0334
    endloop
  endfacet
  facet normal 0 -0.904072 -0.42738
    outer loop
      vertex 55 25.864 14.1863
      vertex 57 25.734 14.4613
      vertex 55 25.734 14.4613
    endloop
  endfacet
  facet normal 0 -0.904072 -0.42738
    outer loop
      vertex 57 25.734 14.4613
      vertex 55 25.864 14.1863
      vertex 57 25.864 14.1863
    endloop
  endfacet
  facet normal 0 -0.989145 0.146942
    outer loop
      vertex 55 26.0404 12.3952
      vertex 57 26.0851 12.6961
      vertex 55 26.0851 12.6961
    endloop
  endfacet
  facet normal 0 -0.989145 0.146942
    outer loop
      vertex 57 26.0851 12.6961
      vertex 55 26.0404 12.3952
      vertex 57 26.0404 12.3952
    endloop
  endfacet
  facet normal 0 -0.336961 -0.941519
    outer loop
      vertex 55 23.8999 15.9665
      vertex 57 24.1863 15.864
      vertex 57 23.8999 15.9665
    endloop
  endfacet
  facet normal -0 -0.336961 -0.941519
    outer loop
      vertex 57 24.1863 15.864
      vertex 55 23.8999 15.9665
      vertex 55 24.1863 15.864
    endloop
  endfacet
  facet normal 0 -0.857783 0.514012
    outer loop
      vertex 55 25.5776 11.2777
      vertex 57 25.734 11.5387
      vertex 55 25.734 11.5387
    endloop
  endfacet
  facet normal 0 -0.857783 0.514012
    outer loop
      vertex 57 25.734 11.5387
      vertex 55 25.5776 11.2777
      vertex 57 25.5776 11.2777
    endloop
  endfacet
  facet normal -0 0.0490688 0.998795
    outer loop
      vertex 55 23 9.9
      vertex 57 22.6961 9.91493
      vertex 57 23 9.9
    endloop
  endfacet
  facet normal 0 0.0490688 0.998795
    outer loop
      vertex 57 22.6961 9.91493
      vertex 55 23 9.9
      vertex 55 22.6961 9.91493
    endloop
  endfacet
  facet normal 0 -0.989145 -0.146942
    outer loop
      vertex 55 26.0851 13.3039
      vertex 57 26.0404 13.6048
      vertex 55 26.0404 13.6048
    endloop
  endfacet
  facet normal 0 -0.989145 -0.146942
    outer loop
      vertex 57 26.0404 13.6048
      vertex 55 26.0851 13.3039
      vertex 57 26.0851 13.3039
    endloop
  endfacet
  facet normal 0 0.803027 -0.595943
    outer loop
      vertex 57 20.4224 14.7223
      vertex 55 20.6037 14.9666
      vertex 57 20.6037 14.9666
    endloop
  endfacet
  facet normal 0 0.803027 -0.595943
    outer loop
      vertex 55 20.6037 14.9666
      vertex 57 20.4224 14.7223
      vertex 55 20.4224 14.7223
    endloop
  endfacet
  facet normal 0 0.595943 -0.803027
    outer loop
      vertex 55 21.0334 15.3963
      vertex 57 21.2777 15.5776
      vertex 57 21.0334 15.3963
    endloop
  endfacet
  facet normal 0 0.595943 -0.803027
    outer loop
      vertex 57 21.2777 15.5776
      vertex 55 21.0334 15.3963
      vertex 55 21.2777 15.5776
    endloop
  endfacet
  facet normal 0 0.514012 -0.857783
    outer loop
      vertex 55 21.2777 15.5776
      vertex 57 21.5387 15.734
      vertex 57 21.2777 15.5776
    endloop
  endfacet
  facet normal 0 0.514012 -0.857783
    outer loop
      vertex 57 21.5387 15.734
      vertex 55 21.2777 15.5776
      vertex 55 21.5387 15.734
    endloop
  endfacet
  facet normal 0 -0.146749 0.989174
    outer loop
      vertex 55 23.6048 9.95957
      vertex 57 23.3039 9.91493
      vertex 57 23.6048 9.95957
    endloop
  endfacet
  facet normal 0 -0.146749 0.989174
    outer loop
      vertex 57 23.3039 9.91493
      vertex 55 23.6048 9.95957
      vertex 55 23.3039 9.91493
    endloop
  endfacet
  facet normal 0 -0.514012 -0.857783
    outer loop
      vertex 55 24.4613 15.734
      vertex 57 24.7223 15.5776
      vertex 57 24.4613 15.734
    endloop
  endfacet
  facet normal -0 -0.514012 -0.857783
    outer loop
      vertex 57 24.7223 15.5776
      vertex 55 24.4613 15.734
      vertex 55 24.7223 15.5776
    endloop
  endfacet
  facet normal 0 -0.740936 0.671576
    outer loop
      vertex 55 25.192 10.808
      vertex 57 25.3963 11.0334
      vertex 55 25.3963 11.0334
    endloop
  endfacet
  facet normal 0 -0.740936 0.671576
    outer loop
      vertex 57 25.3963 11.0334
      vertex 55 25.192 10.808
      vertex 57 25.192 10.808
    endloop
  endfacet
  facet normal 0 -0.336961 0.941519
    outer loop
      vertex 55 24.1863 10.136
      vertex 57 23.8999 10.0335
      vertex 57 24.1863 10.136
    endloop
  endfacet
  facet normal 0 -0.336961 0.941519
    outer loop
      vertex 57 23.8999 10.0335
      vertex 55 24.1863 10.136
      vertex 55 23.8999 10.0335
    endloop
  endfacet
  facet normal -0 0.243015 0.970022
    outer loop
      vertex 55 22.3952 9.95957
      vertex 57 22.1001 10.0335
      vertex 57 22.3952 9.95957
    endloop
  endfacet
  facet normal 0 0.243015 0.970022
    outer loop
      vertex 57 22.1001 10.0335
      vertex 55 22.3952 9.95957
      vertex 55 22.1001 10.0335
    endloop
  endfacet
  facet normal -0 0.146749 0.989174
    outer loop
      vertex 55 22.6961 9.91493
      vertex 57 22.3952 9.95957
      vertex 57 22.6961 9.91493
    endloop
  endfacet
  facet normal 0 0.146749 0.989174
    outer loop
      vertex 57 22.3952 9.95957
      vertex 55 22.6961 9.91493
      vertex 55 22.3952 9.95957
    endloop
  endfacet
  facet normal 0 0.941519 0.336961
    outer loop
      vertex 57 20.136 11.8137
      vertex 55 20.0335 12.1001
      vertex 57 20.0335 12.1001
    endloop
  endfacet
  facet normal 0 0.941519 0.336961
    outer loop
      vertex 55 20.0335 12.1001
      vertex 57 20.136 11.8137
      vertex 55 20.136 11.8137
    endloop
  endfacet
  facet normal 0 0.336961 -0.941519
    outer loop
      vertex 55 21.8137 15.864
      vertex 57 22.1001 15.9665
      vertex 57 21.8137 15.864
    endloop
  endfacet
  facet normal 0 0.336961 -0.941519
    outer loop
      vertex 57 22.1001 15.9665
      vertex 55 21.8137 15.864
      vertex 55 22.1001 15.9665
    endloop
  endfacet
  facet normal 0 0.857783 -0.514012
    outer loop
      vertex 57 20.266 14.4613
      vertex 55 20.4224 14.7223
      vertex 57 20.4224 14.7223
    endloop
  endfacet
  facet normal 0 0.857783 -0.514012
    outer loop
      vertex 55 20.4224 14.7223
      vertex 57 20.266 14.4613
      vertex 55 20.266 14.4613
    endloop
  endfacet
  facet normal 0 0.989145 0.146942
    outer loop
      vertex 57 19.9596 12.3952
      vertex 55 19.9149 12.6961
      vertex 57 19.9149 12.6961
    endloop
  endfacet
  facet normal 0 0.989145 0.146942
    outer loop
      vertex 55 19.9149 12.6961
      vertex 57 19.9596 12.3952
      vertex 55 19.9596 12.3952
    endloop
  endfacet
  facet normal -0 0.514012 0.857783
    outer loop
      vertex 55 21.5387 10.266
      vertex 57 21.2777 10.4224
      vertex 57 21.5387 10.266
    endloop
  endfacet
  facet normal 0 0.514012 0.857783
    outer loop
      vertex 57 21.2777 10.4224
      vertex 55 21.5387 10.266
      vertex 55 21.2777 10.4224
    endloop
  endfacet
  facet normal 0 -0.970046 0.242922
    outer loop
      vertex 55 25.9665 12.1001
      vertex 57 26.0404 12.3952
      vertex 55 26.0404 12.3952
    endloop
  endfacet
  facet normal 0 -0.970046 0.242922
    outer loop
      vertex 57 26.0404 12.3952
      vertex 55 25.9665 12.1001
      vertex 57 25.9665 12.1001
    endloop
  endfacet
  facet normal 0 -0.0489705 -0.9988
    outer loop
      vertex 55 23 16.1
      vertex 57 23.3039 16.0851
      vertex 57 23 16.1
    endloop
  endfacet
  facet normal -0 -0.0489705 -0.9988
    outer loop
      vertex 57 23.3039 16.0851
      vertex 55 23 16.1
      vertex 55 23.3039 16.0851
    endloop
  endfacet
  facet normal 0 -0.904072 0.42738
    outer loop
      vertex 55 25.734 11.5387
      vertex 57 25.864 11.8137
      vertex 55 25.864 11.8137
    endloop
  endfacet
  facet normal 0 -0.904072 0.42738
    outer loop
      vertex 57 25.864 11.8137
      vertex 55 25.734 11.5387
      vertex 57 25.734 11.5387
    endloop
  endfacet
  facet normal 0 -0.857783 -0.514012
    outer loop
      vertex 55 25.734 14.4613
      vertex 57 25.5776 14.7223
      vertex 55 25.5776 14.7223
    endloop
  endfacet
  facet normal 0 -0.857783 -0.514012
    outer loop
      vertex 57 25.5776 14.7223
      vertex 55 25.734 14.4613
      vertex 57 25.734 14.4613
    endloop
  endfacet
  facet normal 0 -0.514012 0.857783
    outer loop
      vertex 55 24.7223 10.4224
      vertex 57 24.4613 10.266
      vertex 57 24.7223 10.4224
    endloop
  endfacet
  facet normal 0 -0.514012 0.857783
    outer loop
      vertex 57 24.4613 10.266
      vertex 55 24.7223 10.4224
      vertex 55 24.4613 10.266
    endloop
  endfacet
  facet normal 0 -0.671576 -0.740936
    outer loop
      vertex 55 24.9666 15.3963
      vertex 57 25.192 15.192
      vertex 57 24.9666 15.3963
    endloop
  endfacet
  facet normal -0 -0.671576 -0.740936
    outer loop
      vertex 57 25.192 15.192
      vertex 55 24.9666 15.3963
      vertex 55 25.192 15.192
    endloop
  endfacet
  facet normal 0 0.146942 -0.989145
    outer loop
      vertex 55 22.3952 16.0404
      vertex 57 22.6961 16.0851
      vertex 57 22.3952 16.0404
    endloop
  endfacet
  facet normal 0 0.146942 -0.989145
    outer loop
      vertex 57 22.6961 16.0851
      vertex 55 22.3952 16.0404
      vertex 55 22.6961 16.0851
    endloop
  endfacet
  facet normal 0 0.671576 -0.740936
    outer loop
      vertex 55 20.808 15.192
      vertex 57 21.0334 15.3963
      vertex 57 20.808 15.192
    endloop
  endfacet
  facet normal 0 0.671576 -0.740936
    outer loop
      vertex 57 21.0334 15.3963
      vertex 55 20.808 15.192
      vertex 55 21.0334 15.3963
    endloop
  endfacet
  facet normal 0 -0.9988 -0.0489705
    outer loop
      vertex 55 26.1 13
      vertex 57 26.0851 13.3039
      vertex 55 26.0851 13.3039
    endloop
  endfacet
  facet normal 0 -0.9988 -0.0489705
    outer loop
      vertex 57 26.0851 13.3039
      vertex 55 26.1 13
      vertex 57 26.1 13
    endloop
  endfacet
  facet normal 0 -0.9988 0.0489705
    outer loop
      vertex 55 26.0851 12.6961
      vertex 57 26.1 13
      vertex 55 26.1 13
    endloop
  endfacet
  facet normal 0 -0.9988 0.0489705
    outer loop
      vertex 57 26.1 13
      vertex 55 26.0851 12.6961
      vertex 57 26.0851 12.6961
    endloop
  endfacet
  facet normal 0 0.0489705 -0.9988
    outer loop
      vertex 55 22.6961 16.0851
      vertex 57 23 16.1
      vertex 57 22.6961 16.0851
    endloop
  endfacet
  facet normal 0 0.0489705 -0.9988
    outer loop
      vertex 57 23 16.1
      vertex 55 22.6961 16.0851
      vertex 55 23 16.1
    endloop
  endfacet
  facet normal 0 -0.970046 -0.242922
    outer loop
      vertex 55 26.0404 13.6048
      vertex 57 25.9665 13.8999
      vertex 55 25.9665 13.8999
    endloop
  endfacet
  facet normal 0 -0.970046 -0.242922
    outer loop
      vertex 57 25.9665 13.8999
      vertex 55 26.0404 13.6048
      vertex 57 26.0404 13.6048
    endloop
  endfacet
  facet normal 0 0.42738 -0.904072
    outer loop
      vertex 55 21.5387 15.734
      vertex 57 21.8137 15.864
      vertex 57 21.5387 15.734
    endloop
  endfacet
  facet normal 0 0.42738 -0.904072
    outer loop
      vertex 57 21.8137 15.864
      vertex 55 21.5387 15.734
      vertex 55 21.8137 15.864
    endloop
  endfacet
  facet normal 0 -0.671576 0.740936
    outer loop
      vertex 55 25.192 10.808
      vertex 57 24.9666 10.6037
      vertex 57 25.192 10.808
    endloop
  endfacet
  facet normal 0 -0.671576 0.740936
    outer loop
      vertex 57 24.9666 10.6037
      vertex 55 25.192 10.808
      vertex 55 24.9666 10.6037
    endloop
  endfacet
  facet normal 0 -0.42738 -0.904072
    outer loop
      vertex 55 24.1863 15.864
      vertex 57 24.4613 15.734
      vertex 57 24.1863 15.864
    endloop
  endfacet
  facet normal -0 -0.42738 -0.904072
    outer loop
      vertex 57 24.4613 15.734
      vertex 55 24.1863 15.864
      vertex 55 24.4613 15.734
    endloop
  endfacet
  facet normal 0 0.904072 0.42738
    outer loop
      vertex 57 20.266 11.5387
      vertex 55 20.136 11.8137
      vertex 57 20.136 11.8137
    endloop
  endfacet
  facet normal 0 0.904072 0.42738
    outer loop
      vertex 55 20.136 11.8137
      vertex 57 20.266 11.5387
      vertex 55 20.266 11.5387
    endloop
  endfacet
  facet normal 0 0.740936 -0.671576
    outer loop
      vertex 57 20.6037 14.9666
      vertex 55 20.808 15.192
      vertex 57 20.808 15.192
    endloop
  endfacet
  facet normal 0 0.740936 -0.671576
    outer loop
      vertex 55 20.808 15.192
      vertex 57 20.6037 14.9666
      vertex 55 20.6037 14.9666
    endloop
  endfacet
  facet normal 0 0.803027 0.595943
    outer loop
      vertex 57 20.6037 11.0334
      vertex 55 20.4224 11.2777
      vertex 57 20.4224 11.2777
    endloop
  endfacet
  facet normal 0 0.803027 0.595943
    outer loop
      vertex 55 20.4224 11.2777
      vertex 57 20.6037 11.0334
      vertex 55 20.6037 11.0334
    endloop
  endfacet
  facet normal 0 0.242922 -0.970046
    outer loop
      vertex 55 22.1001 15.9665
      vertex 57 22.3952 16.0404
      vertex 57 22.1001 15.9665
    endloop
  endfacet
  facet normal 0 0.242922 -0.970046
    outer loop
      vertex 57 22.3952 16.0404
      vertex 55 22.1001 15.9665
      vertex 55 22.3952 16.0404
    endloop
  endfacet
  facet normal 0 0.857783 0.514012
    outer loop
      vertex 57 20.4224 11.2777
      vertex 55 20.266 11.5387
      vertex 57 20.266 11.5387
    endloop
  endfacet
  facet normal 0 0.857783 0.514012
    outer loop
      vertex 55 20.266 11.5387
      vertex 57 20.4224 11.2777
      vertex 55 20.4224 11.2777
    endloop
  endfacet
  facet normal -0 0.42738 0.904072
    outer loop
      vertex 55 21.8137 10.136
      vertex 57 21.5387 10.266
      vertex 57 21.8137 10.136
    endloop
  endfacet
  facet normal 0 0.42738 0.904072
    outer loop
      vertex 57 21.5387 10.266
      vertex 55 21.8137 10.136
      vertex 55 21.5387 10.266
    endloop
  endfacet
  facet normal 0 -0.595943 -0.803027
    outer loop
      vertex 55 24.7223 15.5776
      vertex 57 24.9666 15.3963
      vertex 57 24.7223 15.5776
    endloop
  endfacet
  facet normal -0 -0.595943 -0.803027
    outer loop
      vertex 57 24.9666 15.3963
      vertex 55 24.7223 15.5776
      vertex 55 24.9666 15.3963
    endloop
  endfacet
  facet normal 0 0.9988 0.0489705
    outer loop
      vertex 57 19.9149 12.6961
      vertex 55 19.9 13
      vertex 57 19.9 13
    endloop
  endfacet
  facet normal 0 0.9988 0.0489705
    outer loop
      vertex 55 19.9 13
      vertex 57 19.9149 12.6961
      vertex 55 19.9149 12.6961
    endloop
  endfacet
  facet normal 0 0.9988 -0.0489705
    outer loop
      vertex 57 19.9 13
      vertex 55 19.9149 13.3039
      vertex 57 19.9149 13.3039
    endloop
  endfacet
  facet normal 0 0.9988 -0.0489705
    outer loop
      vertex 55 19.9149 13.3039
      vertex 57 19.9 13
      vertex 55 19.9 13
    endloop
  endfacet
  facet normal 0 -0.803027 -0.595943
    outer loop
      vertex 55 25.5776 14.7223
      vertex 57 25.3963 14.9666
      vertex 55 25.3963 14.9666
    endloop
  endfacet
  facet normal 0 -0.803027 -0.595943
    outer loop
      vertex 57 25.3963 14.9666
      vertex 55 25.5776 14.7223
      vertex 57 25.5776 14.7223
    endloop
  endfacet
  facet normal -0 0.671576 0.740936
    outer loop
      vertex 55 21.0334 10.6037
      vertex 57 20.808 10.808
      vertex 57 21.0334 10.6037
    endloop
  endfacet
  facet normal 0 0.671576 0.740936
    outer loop
      vertex 57 20.808 10.808
      vertex 55 21.0334 10.6037
      vertex 55 20.808 10.808
    endloop
  endfacet
  facet normal 0 0.904072 -0.42738
    outer loop
      vertex 57 20.136 14.1863
      vertex 55 20.266 14.4613
      vertex 57 20.266 14.4613
    endloop
  endfacet
  facet normal 0 0.904072 -0.42738
    outer loop
      vertex 55 20.266 14.4613
      vertex 57 20.136 14.1863
      vertex 55 20.136 14.1863
    endloop
  endfacet
  facet normal 0 -0.146942 -0.989145
    outer loop
      vertex 55 23.3039 16.0851
      vertex 57 23.6048 16.0404
      vertex 57 23.3039 16.0851
    endloop
  endfacet
  facet normal -0 -0.146942 -0.989145
    outer loop
      vertex 57 23.6048 16.0404
      vertex 55 23.3039 16.0851
      vertex 55 23.6048 16.0404
    endloop
  endfacet
  facet normal 0 0.941519 -0.336961
    outer loop
      vertex 57 20.0335 13.8999
      vertex 55 20.136 14.1863
      vertex 57 20.136 14.1863
    endloop
  endfacet
  facet normal 0 0.941519 -0.336961
    outer loop
      vertex 55 20.136 14.1863
      vertex 57 20.0335 13.8999
      vertex 55 20.0335 13.8999
    endloop
  endfacet
  facet normal 0 0.970046 -0.242922
    outer loop
      vertex 57 19.9596 13.6048
      vertex 55 20.0335 13.8999
      vertex 57 20.0335 13.8999
    endloop
  endfacet
  facet normal 0 0.970046 -0.242922
    outer loop
      vertex 55 20.0335 13.8999
      vertex 57 19.9596 13.6048
      vertex 55 19.9596 13.6048
    endloop
  endfacet
  facet normal 0 0.941522 0.336952
    outer loop
      vertex 57 -7.14119 11.6989
      vertex 55 -7.2536 12.013
      vertex 57 -7.2536 12.013
    endloop
  endfacet
  facet normal 0 0.941522 0.336952
    outer loop
      vertex 55 -7.2536 12.013
      vertex 57 -7.14119 11.6989
      vertex 55 -7.14119 11.6989
    endloop
  endfacet
  facet normal 0 0.0491513 -0.998791
    outer loop
      vertex 55 -4.33326 16.3836
      vertex 57 -4 16.4
      vertex 57 -4.33326 16.3836
    endloop
  endfacet
  facet normal 0 0.0491513 -0.998791
    outer loop
      vertex 57 -4 16.4
      vertex 55 -4.33326 16.3836
      vertex 55 -4 16.4
    endloop
  endfacet
  facet normal 0 -0.0490617 0.998796
    outer loop
      vertex 55 8.33326 9.61637
      vertex 57 8 9.6
      vertex 57 8.33326 9.61637
    endloop
  endfacet
  facet normal 0 -0.0490617 0.998796
    outer loop
      vertex 57 8 9.6
      vertex 55 8.33326 9.61637
      vertex 55 8 9.6
    endloop
  endfacet
  facet normal -0 0.146735 0.989176
    outer loop
      vertex 55 -4.33326 9.61637
      vertex 57 -4.66331 9.66533
      vertex 57 -4.33326 9.61637
    endloop
  endfacet
  facet normal 0 0.146735 0.989176
    outer loop
      vertex 57 -4.66331 9.66533
      vertex 55 -4.33326 9.61637
      vertex 55 -4.66331 9.66533
    endloop
  endfacet
  facet normal 0 -0.0491513 -0.998791
    outer loop
      vertex 55 8 16.4
      vertex 57 8.33326 16.3836
      vertex 57 8 16.4
    endloop
  endfacet
  facet normal -0 -0.0491513 -0.998791
    outer loop
      vertex 57 8.33326 16.3836
      vertex 55 8 16.4
      vertex 55 8.33326 16.3836
    endloop
  endfacet
  facet normal 0 -0.998792 -0.0491455
    outer loop
      vertex 55 11.4 13
      vertex 57 11.3836 13.3333
      vertex 55 11.3836 13.3333
    endloop
  endfacet
  facet normal 0 -0.998792 -0.0491455
    outer loop
      vertex 57 11.3836 13.3333
      vertex 55 11.4 13
      vertex 57 11.4 13
    endloop
  endfacet
  facet normal 0 -0.595829 -0.803111
    outer loop
      vertex 55 9.88894 15.827
      vertex 57 10.1569 15.6282
      vertex 57 9.88894 15.827
    endloop
  endfacet
  facet normal -0 -0.595829 -0.803111
    outer loop
      vertex 57 10.1569 15.6282
      vertex 55 9.88894 15.827
      vertex 55 10.1569 15.6282
    endloop
  endfacet
  facet normal 0 0.97004 -0.242945
    outer loop
      vertex 57 -7.33467 13.6633
      vertex 55 -7.2536 13.987
      vertex 57 -7.2536 13.987
    endloop
  endfacet
  facet normal 0 0.97004 -0.242945
    outer loop
      vertex 55 -7.2536 13.987
      vertex 57 -7.33467 13.6633
      vertex 55 -7.33467 13.6633
    endloop
  endfacet
  facet normal 0 -0.941531 0.336925
    outer loop
      vertex 55 11.1412 11.6989
      vertex 57 11.2536 12.013
      vertex 55 11.2536 12.013
    endloop
  endfacet
  facet normal 0 -0.941531 0.336925
    outer loop
      vertex 57 11.2536 12.013
      vertex 55 11.1412 11.6989
      vertex 57 11.1412 11.6989
    endloop
  endfacet
  facet normal -0 0 1
    outer loop
      vertex 55 8 9.6
      vertex 57 -4 9.6
      vertex 57 8 9.6
    endloop
  endfacet
  facet normal 0 0 1
    outer loop
      vertex 57 -4 9.6
      vertex 55 8 9.6
      vertex 55 -4 9.6
    endloop
  endfacet
  facet normal 0 0.941522 -0.336952
    outer loop
      vertex 57 -7.2536 13.987
      vertex 55 -7.14119 14.3011
      vertex 57 -7.14119 14.3011
    endloop
  endfacet
  facet normal 0 0.941522 -0.336952
    outer loop
      vertex 55 -7.14119 14.3011
      vertex 57 -7.2536 13.987
      vertex 55 -7.2536 13.987
    endloop
  endfacet
  facet normal 0 0.903973 -0.427589
    outer loop
      vertex 57 -7.14119 14.3011
      vertex 55 -6.99853 14.6027
      vertex 57 -6.99853 14.6027
    endloop
  endfacet
  facet normal 0 0.903973 -0.427589
    outer loop
      vertex 55 -6.99853 14.6027
      vertex 57 -7.14119 14.3011
      vertex 55 -7.14119 14.3011
    endloop
  endfacet
  facet normal 0 0.857744 0.514077
    outer loop
      vertex 57 -6.827 11.1111
      vertex 55 -6.99853 11.3973
      vertex 57 -6.99853 11.3973
    endloop
  endfacet
  facet normal 0 0.857744 0.514077
    outer loop
      vertex 55 -6.99853 11.3973
      vertex 57 -6.827 11.1111
      vertex 55 -6.827 11.1111
    endloop
  endfacet
  facet normal -0 0.242973 0.970033
    outer loop
      vertex 55 -4.66331 9.66533
      vertex 57 -4.98697 9.7464
      vertex 57 -4.66331 9.66533
    endloop
  endfacet
  facet normal 0 0.242973 0.970033
    outer loop
      vertex 57 -4.98697 9.7464
      vertex 55 -4.66331 9.66533
      vertex 55 -4.98697 9.7464
    endloop
  endfacet
  facet normal -0 0.336904 0.941539
    outer loop
      vertex 55 -4.98697 9.7464
      vertex 57 -5.30112 9.85881
      vertex 57 -4.98697 9.7464
    endloop
  endfacet
  facet normal 0 0.336904 0.941539
    outer loop
      vertex 57 -5.30112 9.85881
      vertex 55 -4.98697 9.7464
      vertex 55 -5.30112 9.85881
    endloop
  endfacet
  facet normal 0 -0.671329 -0.741159
    outer loop
      vertex 55 10.1569 15.6282
      vertex 57 10.4042 15.4042
      vertex 57 10.1569 15.6282
    endloop
  endfacet
  facet normal -0 -0.671329 -0.741159
    outer loop
      vertex 57 10.4042 15.4042
      vertex 55 10.1569 15.6282
      vertex 55 10.4042 15.4042
    endloop
  endfacet
  facet normal 0 -0.595829 0.803111
    outer loop
      vertex 55 10.1569 10.3718
      vertex 57 9.88894 10.173
      vertex 57 10.1569 10.3718
    endloop
  endfacet
  facet normal 0 -0.595829 0.803111
    outer loop
      vertex 57 9.88894 10.173
      vertex 55 10.1569 10.3718
      vertex 55 9.88894 10.173
    endloop
  endfacet
  facet normal 0 0.989173 -0.146757
    outer loop
      vertex 57 -7.38363 13.3333
      vertex 55 -7.33467 13.6633
      vertex 57 -7.33467 13.6633
    endloop
  endfacet
  facet normal 0 0.989173 -0.146757
    outer loop
      vertex 55 -7.33467 13.6633
      vertex 57 -7.38363 13.3333
      vertex 55 -7.38363 13.3333
    endloop
  endfacet
  facet normal 0 -0.514024 0.857776
    outer loop
      vertex 55 9.88894 10.173
      vertex 57 9.60275 10.0015
      vertex 57 9.88894 10.173
    endloop
  endfacet
  facet normal 0 -0.514024 0.857776
    outer loop
      vertex 57 9.60275 10.0015
      vertex 55 9.88894 10.173
      vertex 55 9.60275 10.0015
    endloop
  endfacet
  facet normal 0 -0.903927 0.427687
    outer loop
      vertex 55 10.9985 11.3973
      vertex 57 11.1412 11.6989
      vertex 55 11.1412 11.6989
    endloop
  endfacet
  facet normal 0 -0.903927 0.427687
    outer loop
      vertex 57 11.1412 11.6989
      vertex 55 10.9985 11.3973
      vertex 57 10.9985 11.3973
    endloop
  endfacet
  facet normal 0 -0.427628 0.903955
    outer loop
      vertex 55 9.60275 10.0015
      vertex 57 9.30112 9.85881
      vertex 57 9.60275 10.0015
    endloop
  endfacet
  facet normal 0 -0.427628 0.903955
    outer loop
      vertex 57 9.30112 9.85881
      vertex 55 9.60275 10.0015
      vertex 55 9.30112 9.85881
    endloop
  endfacet
  facet normal 0 0.14656 -0.989202
    outer loop
      vertex 55 -4.66331 16.3347
      vertex 57 -4.33326 16.3836
      vertex 57 -4.66331 16.3347
    endloop
  endfacet
  facet normal 0 0.14656 -0.989202
    outer loop
      vertex 57 -4.33326 16.3836
      vertex 55 -4.66331 16.3347
      vertex 55 -4.33326 16.3836
    endloop
  endfacet
  facet normal 0 0 -1
    outer loop
      vertex 55 -4 16.4
      vertex 57 8 16.4
      vertex 57 -4 16.4
    endloop
  endfacet
  facet normal -0 0 -1
    outer loop
      vertex 57 8 16.4
      vertex 55 -4 16.4
      vertex 55 8 16.4
    endloop
  endfacet
  facet normal -0 0.671448 0.741051
    outer loop
      vertex 55 -6.15694 10.3718
      vertex 57 -6.40416 10.5958
      vertex 57 -6.15694 10.3718
    endloop
  endfacet
  facet normal 0 0.671448 0.741051
    outer loop
      vertex 57 -6.40416 10.5958
      vertex 55 -6.15694 10.3718
      vertex 55 -6.40416 10.5958
    endloop
  endfacet
  facet normal 0 -0.336904 0.941539
    outer loop
      vertex 55 9.30112 9.85881
      vertex 57 8.98697 9.7464
      vertex 57 9.30112 9.85881
    endloop
  endfacet
  facet normal 0 -0.336904 0.941539
    outer loop
      vertex 57 8.98697 9.7464
      vertex 55 9.30112 9.85881
      vertex 55 8.98697 9.7464
    endloop
  endfacet
  facet normal -0 0.0490617 0.998796
    outer loop
      vertex 55 -4 9.6
      vertex 57 -4.33326 9.61637
      vertex 57 -4 9.6
    endloop
  endfacet
  facet normal 0 0.0490617 0.998796
    outer loop
      vertex 57 -4.33326 9.61637
      vertex 55 -4 9.6
      vertex 55 -4.33326 9.61637
    endloop
  endfacet
  facet normal 0 0.989173 0.146757
    outer loop
      vertex 57 -7.33467 12.3367
      vertex 55 -7.38363 12.6667
      vertex 57 -7.38363 12.6667
    endloop
  endfacet
  facet normal 0 0.989173 0.146757
    outer loop
      vertex 55 -7.38363 12.6667
      vertex 57 -7.33467 12.3367
      vertex 55 -7.33467 12.3367
    endloop
  endfacet
  facet normal 0 0.336877 -0.941549
    outer loop
      vertex 55 -5.30112 16.1412
      vertex 57 -4.98697 16.2536
      vertex 57 -5.30112 16.1412
    endloop
  endfacet
  facet normal 0 0.336877 -0.941549
    outer loop
      vertex 57 -4.98697 16.2536
      vertex 55 -5.30112 16.1412
      vertex 55 -4.98697 16.2536
    endloop
  endfacet
  facet normal -0 0.514024 0.857776
    outer loop
      vertex 55 -5.60275 10.0015
      vertex 57 -5.88894 10.173
      vertex 57 -5.60275 10.0015
    endloop
  endfacet
  facet normal 0 0.514024 0.857776
    outer loop
      vertex 57 -5.88894 10.173
      vertex 55 -5.60275 10.0015
      vertex 55 -5.88894 10.173
    endloop
  endfacet
  facet normal 0 -0.970019 -0.243029
    outer loop
      vertex 55 11.3347 13.6633
      vertex 57 11.2536 13.987
      vertex 55 11.2536 13.987
    endloop
  endfacet
  facet normal 0 -0.970019 -0.243029
    outer loop
      vertex 57 11.2536 13.987
      vertex 55 11.3347 13.6633
      vertex 57 11.3347 13.6633
    endloop
  endfacet
  facet normal -0 0.595772 0.803154
    outer loop
      vertex 55 -5.88894 10.173
      vertex 57 -6.15694 10.3718
      vertex 57 -5.88894 10.173
    endloop
  endfacet
  facet normal 0 0.595772 0.803154
    outer loop
      vertex 57 -6.15694 10.3718
      vertex 55 -5.88894 10.173
      vertex 55 -6.15694 10.3718
    endloop
  endfacet
  facet normal 0 -0.803154 -0.595772
    outer loop
      vertex 55 10.827 14.8889
      vertex 57 10.6282 15.1569
      vertex 55 10.6282 15.1569
    endloop
  endfacet
  facet normal 0 -0.803154 -0.595772
    outer loop
      vertex 57 10.6282 15.1569
      vertex 55 10.827 14.8889
      vertex 57 10.827 14.8889
    endloop
  endfacet
  facet normal 0 -0.243057 -0.970012
    outer loop
      vertex 55 8.66331 16.3347
      vertex 57 8.98697 16.2536
      vertex 57 8.66331 16.3347
    endloop
  endfacet
  facet normal -0 -0.243057 -0.970012
    outer loop
      vertex 57 8.98697 16.2536
      vertex 55 8.66331 16.3347
      vertex 55 8.98697 16.2536
    endloop
  endfacet
  facet normal 0 -0.427652 -0.903943
    outer loop
      vertex 55 9.30112 16.1412
      vertex 57 9.60275 15.9985
      vertex 57 9.30112 16.1412
    endloop
  endfacet
  facet normal -0 -0.427652 -0.903943
    outer loop
      vertex 57 9.60275 15.9985
      vertex 55 9.30112 16.1412
      vertex 55 9.60275 15.9985
    endloop
  endfacet
  facet normal 0 -0.242973 0.970033
    outer loop
      vertex 55 8.98697 9.7464
      vertex 57 8.66331 9.66533
      vertex 57 8.98697 9.7464
    endloop
  endfacet
  facet normal 0 -0.242973 0.970033
    outer loop
      vertex 57 8.66331 9.66533
      vertex 55 8.98697 9.7464
      vertex 55 8.66331 9.66533
    endloop
  endfacet
  facet normal 0 -0.857784 0.514011
    outer loop
      vertex 55 10.827 11.1111
      vertex 57 10.9985 11.3973
      vertex 55 10.9985 11.3973
    endloop
  endfacet
  facet normal 0 -0.857784 0.514011
    outer loop
      vertex 57 10.9985 11.3973
      vertex 55 10.827 11.1111
      vertex 57 10.827 11.1111
    endloop
  endfacet
  facet normal 0 0.741055 0.671444
    outer loop
      vertex 57 -6.40416 10.5958
      vertex 55 -6.62823 10.8431
      vertex 57 -6.62823 10.8431
    endloop
  endfacet
  facet normal 0 0.741055 0.671444
    outer loop
      vertex 55 -6.62823 10.8431
      vertex 57 -6.40416 10.5958
      vertex 55 -6.40416 10.5958
    endloop
  endfacet
  facet normal 0 0.803197 0.595714
    outer loop
      vertex 57 -6.62823 10.8431
      vertex 55 -6.827 11.1111
      vertex 57 -6.827 11.1111
    endloop
  endfacet
  facet normal 0 0.803197 0.595714
    outer loop
      vertex 55 -6.827 11.1111
      vertex 57 -6.62823 10.8431
      vertex 55 -6.62823 10.8431
    endloop
  endfacet
  facet normal 0 0.857744 -0.514077
    outer loop
      vertex 57 -6.99853 14.6027
      vertex 55 -6.827 14.8889
      vertex 57 -6.827 14.8889
    endloop
  endfacet
  facet normal 0 0.857744 -0.514077
    outer loop
      vertex 55 -6.827 14.8889
      vertex 57 -6.99853 14.6027
      vertex 55 -6.99853 14.6027
    endloop
  endfacet
  facet normal 0 0.595772 -0.803154
    outer loop
      vertex 55 -6.15694 15.6282
      vertex 57 -5.88894 15.827
      vertex 57 -6.15694 15.6282
    endloop
  endfacet
  facet normal 0 0.595772 -0.803154
    outer loop
      vertex 57 -5.88894 15.827
      vertex 55 -6.15694 15.6282
      vertex 55 -5.88894 15.827
    endloop
  endfacet
  facet normal 0 -0.998792 0.0491455
    outer loop
      vertex 55 11.3836 12.6667
      vertex 57 11.4 13
      vertex 55 11.4 13
    endloop
  endfacet
  facet normal 0 -0.998792 0.0491455
    outer loop
      vertex 57 11.4 13
      vertex 55 11.3836 12.6667
      vertex 57 11.3836 12.6667
    endloop
  endfacet
  facet normal 0 0.671448 -0.741051
    outer loop
      vertex 55 -6.40416 15.4042
      vertex 57 -6.15694 15.6282
      vertex 57 -6.40416 15.4042
    endloop
  endfacet
  facet normal 0 0.671448 -0.741051
    outer loop
      vertex 57 -6.15694 15.6282
      vertex 55 -6.40416 15.4042
      vertex 55 -6.15694 15.6282
    endloop
  endfacet
  facet normal 0 0.514024 -0.857776
    outer loop
      vertex 55 -5.88894 15.827
      vertex 57 -5.60275 15.9985
      vertex 57 -5.88894 15.827
    endloop
  endfacet
  facet normal 0 0.514024 -0.857776
    outer loop
      vertex 57 -5.60275 15.9985
      vertex 55 -5.88894 15.827
      vertex 55 -5.60275 15.9985
    endloop
  endfacet
  facet normal 0 -0.803154 0.595772
    outer loop
      vertex 55 10.6282 10.8431
      vertex 57 10.827 11.1111
      vertex 55 10.827 11.1111
    endloop
  endfacet
  facet normal 0 -0.803154 0.595772
    outer loop
      vertex 57 10.827 11.1111
      vertex 55 10.6282 10.8431
      vertex 57 10.6282 10.8431
    endloop
  endfacet
  facet normal 0 -0.671329 0.741159
    outer loop
      vertex 55 10.4042 10.5958
      vertex 57 10.1569 10.3718
      vertex 57 10.4042 10.5958
    endloop
  endfacet
  facet normal 0 -0.671329 0.741159
    outer loop
      vertex 57 10.1569 10.3718
      vertex 55 10.4042 10.5958
      vertex 55 10.1569 10.3718
    endloop
  endfacet
  facet normal 0 -0.903927 -0.427687
    outer loop
      vertex 55 11.1412 14.3011
      vertex 57 10.9985 14.6027
      vertex 55 10.9985 14.6027
    endloop
  endfacet
  facet normal 0 -0.903927 -0.427687
    outer loop
      vertex 57 10.9985 14.6027
      vertex 55 11.1412 14.3011
      vertex 57 11.1412 14.3011
    endloop
  endfacet
  facet normal 0 -0.741159 -0.671329
    outer loop
      vertex 55 10.6282 15.1569
      vertex 57 10.4042 15.4042
      vertex 55 10.4042 15.4042
    endloop
  endfacet
  facet normal 0 -0.741159 -0.671329
    outer loop
      vertex 57 10.4042 15.4042
      vertex 55 10.6282 15.1569
      vertex 57 10.6282 15.1569
    endloop
  endfacet
  facet normal 0 -0.741159 0.671329
    outer loop
      vertex 55 10.4042 10.5958
      vertex 57 10.6282 10.8431
      vertex 55 10.6282 10.8431
    endloop
  endfacet
  facet normal 0 -0.741159 0.671329
    outer loop
      vertex 57 10.6282 10.8431
      vertex 55 10.4042 10.5958
      vertex 57 10.4042 10.5958
    endloop
  endfacet
  facet normal 0 -0.857784 -0.514011
    outer loop
      vertex 55 10.9985 14.6027
      vertex 57 10.827 14.8889
      vertex 55 10.827 14.8889
    endloop
  endfacet
  facet normal 0 -0.857784 -0.514011
    outer loop
      vertex 57 10.827 14.8889
      vertex 55 10.9985 14.6027
      vertex 57 10.9985 14.6027
    endloop
  endfacet
  facet normal -0 0.427628 0.903955
    outer loop
      vertex 55 -5.30112 9.85881
      vertex 57 -5.60275 10.0015
      vertex 57 -5.30112 9.85881
    endloop
  endfacet
  facet normal 0 0.427628 0.903955
    outer loop
      vertex 57 -5.60275 10.0015
      vertex 55 -5.30112 9.85881
      vertex 55 -5.60275 10.0015
    endloop
  endfacet
  facet normal 0 -0.146735 0.989176
    outer loop
      vertex 55 8.66331 9.66533
      vertex 57 8.33326 9.61637
      vertex 57 8.66331 9.66533
    endloop
  endfacet
  facet normal 0 -0.146735 0.989176
    outer loop
      vertex 57 8.33326 9.61637
      vertex 55 8.66331 9.66533
      vertex 55 8.33326 9.61637
    endloop
  endfacet
  facet normal 0 0.998796 0.0490558
    outer loop
      vertex 57 -7.38363 12.6667
      vertex 55 -7.4 13
      vertex 57 -7.4 13
    endloop
  endfacet
  facet normal 0 0.998796 0.0490558
    outer loop
      vertex 55 -7.4 13
      vertex 57 -7.38363 12.6667
      vertex 55 -7.38363 12.6667
    endloop
  endfacet
  facet normal 0 -0.336877 -0.941549
    outer loop
      vertex 55 8.98697 16.2536
      vertex 57 9.30112 16.1412
      vertex 57 8.98697 16.2536
    endloop
  endfacet
  facet normal -0 -0.336877 -0.941549
    outer loop
      vertex 57 9.30112 16.1412
      vertex 55 8.98697 16.2536
      vertex 55 9.30112 16.1412
    endloop
  endfacet
  facet normal 0 0.741055 -0.671444
    outer loop
      vertex 57 -6.62823 15.1569
      vertex 55 -6.40416 15.4042
      vertex 57 -6.40416 15.4042
    endloop
  endfacet
  facet normal 0 0.741055 -0.671444
    outer loop
      vertex 55 -6.40416 15.4042
      vertex 57 -6.62823 15.1569
      vertex 55 -6.62823 15.1569
    endloop
  endfacet
  facet normal 0 0.243057 -0.970012
    outer loop
      vertex 55 -4.98697 16.2536
      vertex 57 -4.66331 16.3347
      vertex 57 -4.98697 16.2536
    endloop
  endfacet
  facet normal 0 0.243057 -0.970012
    outer loop
      vertex 57 -4.66331 16.3347
      vertex 55 -4.98697 16.2536
      vertex 55 -4.66331 16.3347
    endloop
  endfacet
  facet normal 0 -0.14656 -0.989202
    outer loop
      vertex 55 8.33326 16.3836
      vertex 57 8.66331 16.3347
      vertex 57 8.33326 16.3836
    endloop
  endfacet
  facet normal -0 -0.14656 -0.989202
    outer loop
      vertex 57 8.66331 16.3347
      vertex 55 8.33326 16.3836
      vertex 55 8.66331 16.3347
    endloop
  endfacet
  facet normal 0 0.97004 0.242945
    outer loop
      vertex 57 -7.2536 12.013
      vertex 55 -7.33467 12.3367
      vertex 57 -7.33467 12.3367
    endloop
  endfacet
  facet normal 0 0.97004 0.242945
    outer loop
      vertex 55 -7.33467 12.3367
      vertex 57 -7.2536 12.013
      vertex 55 -7.2536 12.013
    endloop
  endfacet
  facet normal 0 0.427652 -0.903943
    outer loop
      vertex 55 -5.60275 15.9985
      vertex 57 -5.30112 16.1412
      vertex 57 -5.60275 15.9985
    endloop
  endfacet
  facet normal 0 0.427652 -0.903943
    outer loop
      vertex 57 -5.30112 16.1412
      vertex 55 -5.60275 15.9985
      vertex 55 -5.30112 16.1412
    endloop
  endfacet
  facet normal 0 0.998796 -0.0490558
    outer loop
      vertex 57 -7.4 13
      vertex 55 -7.38363 13.3333
      vertex 57 -7.38363 13.3333
    endloop
  endfacet
  facet normal 0 0.998796 -0.0490558
    outer loop
      vertex 55 -7.38363 13.3333
      vertex 57 -7.4 13
      vertex 55 -7.4 13
    endloop
  endfacet
  facet normal 0 -0.970019 0.243029
    outer loop
      vertex 55 11.2536 12.013
      vertex 57 11.3347 12.3367
      vertex 55 11.3347 12.3367
    endloop
  endfacet
  facet normal 0 -0.970019 0.243029
    outer loop
      vertex 57 11.3347 12.3367
      vertex 55 11.2536 12.013
      vertex 57 11.2536 12.013
    endloop
  endfacet
  facet normal 0 -0.989199 0.146581
    outer loop
      vertex 55 11.3347 12.3367
      vertex 57 11.3836 12.6667
      vertex 55 11.3836 12.6667
    endloop
  endfacet
  facet normal 0 -0.989199 0.146581
    outer loop
      vertex 57 11.3836 12.6667
      vertex 55 11.3347 12.3367
      vertex 57 11.3347 12.3367
    endloop
  endfacet
  facet normal 0 -0.989199 -0.146581
    outer loop
      vertex 55 11.3836 13.3333
      vertex 57 11.3347 13.6633
      vertex 55 11.3347 13.6633
    endloop
  endfacet
  facet normal 0 -0.989199 -0.146581
    outer loop
      vertex 57 11.3347 13.6633
      vertex 55 11.3836 13.3333
      vertex 57 11.3836 13.3333
    endloop
  endfacet
  facet normal 0 -0.514024 -0.857776
    outer loop
      vertex 55 9.60275 15.9985
      vertex 57 9.88894 15.827
      vertex 57 9.60275 15.9985
    endloop
  endfacet
  facet normal -0 -0.514024 -0.857776
    outer loop
      vertex 57 9.88894 15.827
      vertex 55 9.60275 15.9985
      vertex 55 9.88894 15.827
    endloop
  endfacet
  facet normal 0 0.803197 -0.595714
    outer loop
      vertex 57 -6.827 14.8889
      vertex 55 -6.62823 15.1569
      vertex 57 -6.62823 15.1569
    endloop
  endfacet
  facet normal 0 0.803197 -0.595714
    outer loop
      vertex 55 -6.62823 15.1569
      vertex 57 -6.827 14.8889
      vertex 55 -6.827 14.8889
    endloop
  endfacet
  facet normal 0 -0.941531 -0.336925
    outer loop
      vertex 55 11.2536 13.987
      vertex 57 11.1412 14.3011
      vertex 55 11.1412 14.3011
    endloop
  endfacet
  facet normal 0 -0.941531 -0.336925
    outer loop
      vertex 57 11.1412 14.3011
      vertex 55 11.2536 13.987
      vertex 57 11.2536 13.987
    endloop
  endfacet
  facet normal 0 0.903973 0.427589
    outer loop
      vertex 57 -6.99853 11.3973
      vertex 55 -7.14119 11.6989
      vertex 57 -7.14119 11.6989
    endloop
  endfacet
  facet normal 0 0.903973 0.427589
    outer loop
      vertex 55 -7.14119 11.6989
      vertex 57 -6.99853 11.3973
      vertex 55 -6.99853 11.3973
    endloop
  endfacet
  facet normal -0.0489209 0.998803 0
    outer loop
      vertex 38.696 -24.4904 21.9
      vertex 38.5 -24.5 22.95
      vertex 38.696 -24.4904 22.95
    endloop
  endfacet
  facet normal -0.0489209 0.998803 0
    outer loop
      vertex 38.5 -24.5 22.95
      vertex 38.696 -24.4904 21.9
      vertex 38.5 -24.5 21.9
    endloop
  endfacet
  facet normal 0.740908 0.671607 0
    outer loop
      vertex -39.9142 -23.9142 22.95
      vertex -40.046 -23.7688 21.9
      vertex -40.046 -23.7688 22.95
    endloop
  endfacet
  facet normal 0.740908 0.671607 0
    outer loop
      vertex -40.046 -23.7688 21.9
      vertex -39.9142 -23.9142 22.95
      vertex -39.9142 -23.9142 21.9
    endloop
  endfacet
  facet normal 0.857673 0.514196 0
    outer loop
      vertex -40.1629 -23.6111 22.95
      vertex -40.2638 -23.4428 21.9
      vertex -40.2638 -23.4428 22.95
    endloop
  endfacet
  facet normal 0.857673 0.514196 0
    outer loop
      vertex -40.2638 -23.4428 21.9
      vertex -40.1629 -23.6111 22.95
      vertex -40.1629 -23.6111 21.9
    endloop
  endfacet
  facet normal 0.0489209 0.998803 -0
    outer loop
      vertex -38.5 -24.5 21.9
      vertex -38.696 -24.4904 22.95
      vertex -38.5 -24.5 22.95
    endloop
  endfacet
  facet normal 0.0489209 0.998803 0
    outer loop
      vertex -38.696 -24.4904 22.95
      vertex -38.5 -24.5 21.9
      vertex -38.696 -24.4904 21.9
    endloop
  endfacet
  facet normal 0.9038 0.427955 0
    outer loop
      vertex -40.2638 -23.4428 22.95
      vertex -40.3478 -23.2654 21.9
      vertex -40.3478 -23.2654 22.95
    endloop
  endfacet
  facet normal 0.9038 0.427955 0
    outer loop
      vertex -40.3478 -23.2654 21.9
      vertex -40.2638 -23.4428 22.95
      vertex -40.2638 -23.4428 21.9
    endloop
  endfacet
  facet normal 0.740979 -0.671528 0
    outer loop
      vertex -40.046 -0.231216 22.95
      vertex -39.9142 -0.0857849 21.9
      vertex -39.9142 -0.0857849 22.95
    endloop
  endfacet
  facet normal 0.740979 -0.671528 0
    outer loop
      vertex -39.9142 -0.0857849 21.9
      vertex -40.046 -0.231216 22.95
      vertex -40.046 -0.231216 21.9
    endloop
  endfacet
  facet normal 0 -1 0
    outer loop
      vertex -38.5 0.5 21.9
      vertex 38.5 0.5 22.95
      vertex -38.5 0.5 22.95
    endloop
  endfacet
  facet normal 0 -1 -0
    outer loop
      vertex 38.5 0.5 22.95
      vertex -38.5 0.5 21.9
      vertex 38.5 0.5 21.9
    endloop
  endfacet
  facet normal -0.989182 0.146696 0
    outer loop
      vertex 40.4616 -22.8902 21.9
      vertex 40.4904 -22.696 22.95
      vertex 40.4904 -22.696 21.9
    endloop
  endfacet
  facet normal -0.989182 0.146696 0
    outer loop
      vertex 40.4904 -22.696 22.95
      vertex 40.4616 -22.8902 21.9
      vertex 40.4616 -22.8902 22.95
    endloop
  endfacet
  facet normal -0.0490633 -0.998796 0
    outer loop
      vertex 38.5 0.5 21.9
      vertex 38.696 0.490372 22.95
      vertex 38.5 0.5 22.95
    endloop
  endfacet
  facet normal -0.0490633 -0.998796 -0
    outer loop
      vertex 38.696 0.490372 22.95
      vertex 38.5 0.5 21.9
      vertex 38.696 0.490372 21.9
    endloop
  endfacet
  facet normal 0.336788 0.94158 -0
    outer loop
      vertex -39.0806 -24.4139 21.9
      vertex -39.2654 -24.3478 22.95
      vertex -39.0806 -24.4139 22.95
    endloop
  endfacet
  facet normal 0.336788 0.94158 0
    outer loop
      vertex -39.2654 -24.3478 22.95
      vertex -39.0806 -24.4139 21.9
      vertex -39.2654 -24.3478 21.9
    endloop
  endfacet
  facet normal 0.0490633 -0.998796 0
    outer loop
      vertex -38.696 0.490372 21.9
      vertex -38.5 0.5 22.95
      vertex -38.696 0.490372 22.95
    endloop
  endfacet
  facet normal 0.0490633 -0.998796 0
    outer loop
      vertex -38.5 0.5 22.95
      vertex -38.696 0.490372 21.9
      vertex -38.5 0.5 21.9
    endloop
  endfacet
  facet normal -0.94158 0.336788 0
    outer loop
      vertex 40.3478 -23.2654 21.9
      vertex 40.4139 -23.0806 22.95
      vertex 40.4139 -23.0806 21.9
    endloop
  endfacet
  facet normal -0.94158 0.336788 0
    outer loop
      vertex 40.4139 -23.0806 22.95
      vertex 40.3478 -23.2654 21.9
      vertex 40.3478 -23.2654 22.95
    endloop
  endfacet
  facet normal 0.989182 0.146696 0
    outer loop
      vertex -40.4616 -22.8902 22.95
      vertex -40.4904 -22.696 21.9
      vertex -40.4904 -22.696 22.95
    endloop
  endfacet
  facet normal 0.989182 0.146696 0
    outer loop
      vertex -40.4904 -22.696 21.9
      vertex -40.4616 -22.8902 22.95
      vertex -40.4616 -22.8902 21.9
    endloop
  endfacet
  facet normal 1 -0 0
    outer loop
      vertex -40.5 -22.5 22.95
      vertex -40.5 -1.5 21.9
      vertex -40.5 -1.5 22.95
    endloop
  endfacet
  facet normal 1 0 0
    outer loop
      vertex -40.5 -1.5 21.9
      vertex -40.5 -22.5 22.95
      vertex -40.5 -22.5 21.9
    endloop
  endfacet
  facet normal 0 1 -0
    outer loop
      vertex 38.5 -24.5 21.9
      vertex -38.5 -24.5 22.95
      vertex 38.5 -24.5 22.95
    endloop
  endfacet
  facet normal 0 1 0
    outer loop
      vertex -38.5 -24.5 22.95
      vertex 38.5 -24.5 21.9
      vertex -38.5 -24.5 21.9
    endloop
  endfacet
  facet normal -0.740908 0.671607 0
    outer loop
      vertex 39.9142 -23.9142 21.9
      vertex 40.046 -23.7688 22.95
      vertex 40.046 -23.7688 21.9
    endloop
  endfacet
  facet normal -0.740908 0.671607 0
    outer loop
      vertex 40.046 -23.7688 22.95
      vertex 39.9142 -23.9142 21.9
      vertex 39.9142 -23.9142 22.95
    endloop
  endfacet
  facet normal 0.671622 -0.740894 0
    outer loop
      vertex -39.9142 -0.0857849 21.9
      vertex -39.7688 0.0460205 22.95
      vertex -39.9142 -0.0857849 22.95
    endloop
  endfacet
  facet normal 0.671622 -0.740894 0
    outer loop
      vertex -39.7688 0.0460205 22.95
      vertex -39.9142 -0.0857849 21.9
      vertex -39.7688 0.0460205 21.9
    endloop
  endfacet
  facet normal 0.998803 0.0489209 0
    outer loop
      vertex -40.4904 -22.696 22.95
      vertex -40.5 -22.5 21.9
      vertex -40.5 -22.5 22.95
    endloop
  endfacet
  facet normal 0.998803 0.0489209 0
    outer loop
      vertex -40.5 -22.5 21.9
      vertex -40.4904 -22.696 22.95
      vertex -40.4904 -22.696 21.9
    endloop
  endfacet
  facet normal 0.671607 0.740908 -0
    outer loop
      vertex -39.7688 -24.046 21.9
      vertex -39.9142 -23.9142 22.95
      vertex -39.7688 -24.046 22.95
    endloop
  endfacet
  facet normal 0.671607 0.740908 0
    outer loop
      vertex -39.9142 -23.9142 22.95
      vertex -39.7688 -24.046 21.9
      vertex -39.9142 -23.9142 21.9
    endloop
  endfacet
  facet normal 0.146741 -0.989175 0
    outer loop
      vertex -38.8902 0.461563 21.9
      vertex -38.696 0.490372 22.95
      vertex -38.8902 0.461563 22.95
    endloop
  endfacet
  facet normal 0.146741 -0.989175 0
    outer loop
      vertex -38.696 0.490372 22.95
      vertex -38.8902 0.461563 21.9
      vertex -38.696 0.490372 21.9
    endloop
  endfacet
  facet normal -0.427955 0.9038 0
    outer loop
      vertex 39.4428 -24.2638 21.9
      vertex 39.2654 -24.3478 22.95
      vertex 39.4428 -24.2638 22.95
    endloop
  endfacet
  facet normal -0.427955 0.9038 0
    outer loop
      vertex 39.2654 -24.3478 22.95
      vertex 39.4428 -24.2638 21.9
      vertex 39.2654 -24.3478 21.9
    endloop
  endfacet
  facet normal 0.970023 0.243015 0
    outer loop
      vertex -40.4139 -23.0806 22.95
      vertex -40.4616 -22.8902 21.9
      vertex -40.4616 -22.8902 22.95
    endloop
  endfacet
  facet normal 0.970023 0.243015 0
    outer loop
      vertex -40.4616 -22.8902 21.9
      vertex -40.4139 -23.0806 22.95
      vertex -40.4139 -23.0806 21.9
    endloop
  endfacet
  facet normal 0.998803 -0.0489135 0
    outer loop
      vertex -40.5 -1.5 22.95
      vertex -40.4904 -1.30397 21.9
      vertex -40.4904 -1.30397 22.95
    endloop
  endfacet
  facet normal 0.998803 -0.0489135 0
    outer loop
      vertex -40.4904 -1.30397 21.9
      vertex -40.5 -1.5 22.95
      vertex -40.5 -1.5 21.9
    endloop
  endfacet
  facet normal 0.94158 0.336788 0
    outer loop
      vertex -40.3478 -23.2654 22.95
      vertex -40.4139 -23.0806 21.9
      vertex -40.4139 -23.0806 22.95
    endloop
  endfacet
  facet normal 0.94158 0.336788 0
    outer loop
      vertex -40.4139 -23.0806 21.9
      vertex -40.3478 -23.2654 22.95
      vertex -40.3478 -23.2654 21.9
    endloop
  endfacet
  facet normal 0.803239 -0.595656 0
    outer loop
      vertex -40.1629 -0.388855 22.95
      vertex -40.046 -0.231216 21.9
      vertex -40.046 -0.231216 22.95
    endloop
  endfacet
  facet normal 0.803239 -0.595656 0
    outer loop
      vertex -40.046 -0.231216 21.9
      vertex -40.1629 -0.388855 22.95
      vertex -40.1629 -0.388855 21.9
    endloop
  endfacet
  facet normal -0.146741 -0.989175 0
    outer loop
      vertex 38.696 0.490372 21.9
      vertex 38.8902 0.461563 22.95
      vertex 38.696 0.490372 22.95
    endloop
  endfacet
  facet normal -0.146741 -0.989175 -0
    outer loop
      vertex 38.8902 0.461563 22.95
      vertex 38.696 0.490372 21.9
      vertex 38.8902 0.461563 21.9
    endloop
  endfacet
  facet normal 0.595549 -0.803319 0
    outer loop
      vertex -39.7688 0.0460205 21.9
      vertex -39.6111 0.162933 22.95
      vertex -39.7688 0.0460205 22.95
    endloop
  endfacet
  facet normal 0.595549 -0.803319 0
    outer loop
      vertex -39.6111 0.162933 22.95
      vertex -39.7688 0.0460205 21.9
      vertex -39.6111 0.162933 21.9
    endloop
  endfacet
  facet normal -0.242938 -0.970042 0
    outer loop
      vertex 38.8902 0.461563 21.9
      vertex 39.0806 0.413879 22.95
      vertex 38.8902 0.461563 22.95
    endloop
  endfacet
  facet normal -0.242938 -0.970042 -0
    outer loop
      vertex 39.0806 0.413879 22.95
      vertex 38.8902 0.461563 21.9
      vertex 39.0806 0.413879 21.9
    endloop
  endfacet
  facet normal -0.903827 -0.427898 0
    outer loop
      vertex 40.3478 -0.734634 21.9
      vertex 40.2638 -0.557205 22.95
      vertex 40.2638 -0.557205 21.9
    endloop
  endfacet
  facet normal -0.903827 -0.427898 0
    outer loop
      vertex 40.2638 -0.557205 22.95
      vertex 40.3478 -0.734634 21.9
      vertex 40.3478 -0.734634 22.95
    endloop
  endfacet
  facet normal 0.427634 -0.903952 0
    outer loop
      vertex -39.4428 0.26384 21.9
      vertex -39.2654 0.347763 22.95
      vertex -39.4428 0.26384 22.95
    endloop
  endfacet
  facet normal 0.427634 -0.903952 0
    outer loop
      vertex -39.2654 0.347763 22.95
      vertex -39.4428 0.26384 21.9
      vertex -39.2654 0.347763 21.9
    endloop
  endfacet
  facet normal -0.671622 -0.740894 0
    outer loop
      vertex 39.7688 0.0460205 21.9
      vertex 39.9142 -0.0857849 22.95
      vertex 39.7688 0.0460205 22.95
    endloop
  endfacet
  facet normal -0.671622 -0.740894 -0
    outer loop
      vertex 39.9142 -0.0857849 22.95
      vertex 39.7688 0.0460205 21.9
      vertex 39.9142 -0.0857849 21.9
    endloop
  endfacet
  facet normal 0.970018 -0.243032 0
    outer loop
      vertex -40.4616 -1.10982 22.95
      vertex -40.4139 -0.919434 21.9
      vertex -40.4139 -0.919434 22.95
    endloop
  endfacet
  facet normal 0.970018 -0.243032 0
    outer loop
      vertex -40.4139 -0.919434 21.9
      vertex -40.4616 -1.10982 22.95
      vertex -40.4616 -1.10982 21.9
    endloop
  endfacet
  facet normal 0.989176 -0.146733 0
    outer loop
      vertex -40.4904 -1.30397 22.95
      vertex -40.4616 -1.10982 21.9
      vertex -40.4616 -1.10982 22.95
    endloop
  endfacet
  facet normal 0.989176 -0.146733 0
    outer loop
      vertex -40.4616 -1.10982 21.9
      vertex -40.4904 -1.30397 22.95
      vertex -40.4904 -1.30397 21.9
    endloop
  endfacet
  facet normal 0.146696 0.989182 -0
    outer loop
      vertex -38.696 -24.4904 21.9
      vertex -38.8902 -24.4616 22.95
      vertex -38.696 -24.4904 22.95
    endloop
  endfacet
  facet normal 0.146696 0.989182 0
    outer loop
      vertex -38.8902 -24.4616 22.95
      vertex -38.696 -24.4904 21.9
      vertex -38.8902 -24.4616 21.9
    endloop
  endfacet
  facet normal 0.243015 0.970023 -0
    outer loop
      vertex -38.8902 -24.4616 21.9
      vertex -39.0806 -24.4139 22.95
      vertex -38.8902 -24.4616 22.95
    endloop
  endfacet
  facet normal 0.243015 0.970023 0
    outer loop
      vertex -39.0806 -24.4139 22.95
      vertex -38.8902 -24.4616 21.9
      vertex -39.0806 -24.4139 21.9
    endloop
  endfacet
  facet normal 0.94158 -0.336788 0
    outer loop
      vertex -40.4139 -0.919434 22.95
      vertex -40.3478 -0.734634 21.9
      vertex -40.3478 -0.734634 22.95
    endloop
  endfacet
  facet normal 0.94158 -0.336788 0
    outer loop
      vertex -40.3478 -0.734634 21.9
      vertex -40.4139 -0.919434 22.95
      vertex -40.4139 -0.919434 21.9
    endloop
  endfacet
  facet normal -1 0 0
    outer loop
      vertex 40.5 -22.5 21.9
      vertex 40.5 -1.5 22.95
      vertex 40.5 -1.5 21.9
    endloop
  endfacet
  facet normal -1 -0 0
    outer loop
      vertex 40.5 -1.5 22.95
      vertex 40.5 -22.5 21.9
      vertex 40.5 -22.5 22.95
    endloop
  endfacet
  facet normal -0.514196 0.857673 0
    outer loop
      vertex 39.6111 -24.1629 21.9
      vertex 39.4428 -24.2638 22.95
      vertex 39.6111 -24.1629 22.95
    endloop
  endfacet
  facet normal -0.514196 0.857673 0
    outer loop
      vertex 39.4428 -24.2638 22.95
      vertex 39.6111 -24.1629 21.9
      vertex 39.4428 -24.2638 21.9
    endloop
  endfacet
  facet normal 0.595508 0.80335 -0
    outer loop
      vertex -39.6111 -24.1629 21.9
      vertex -39.7688 -24.046 22.95
      vertex -39.6111 -24.1629 22.95
    endloop
  endfacet
  facet normal 0.595508 0.80335 0
    outer loop
      vertex -39.7688 -24.046 22.95
      vertex -39.6111 -24.1629 21.9
      vertex -39.7688 -24.046 21.9
    endloop
  endfacet
  facet normal 0.80335 0.595508 0
    outer loop
      vertex -40.046 -23.7688 22.95
      vertex -40.1629 -23.6111 21.9
      vertex -40.1629 -23.6111 22.95
    endloop
  endfacet
  facet normal 0.80335 0.595508 0
    outer loop
      vertex -40.1629 -23.6111 21.9
      vertex -40.046 -23.7688 22.95
      vertex -40.046 -23.7688 21.9
    endloop
  endfacet
  facet normal -0.9038 0.427955 0
    outer loop
      vertex 40.2638 -23.4428 21.9
      vertex 40.3478 -23.2654 22.95
      vertex 40.3478 -23.2654 21.9
    endloop
  endfacet
  facet normal -0.9038 0.427955 0
    outer loop
      vertex 40.3478 -23.2654 22.95
      vertex 40.2638 -23.4428 21.9
      vertex 40.2638 -23.4428 22.95
    endloop
  endfacet
  facet normal -0.998803 0.0489209 0
    outer loop
      vertex 40.4904 -22.696 21.9
      vertex 40.5 -22.5 22.95
      vertex 40.5 -22.5 21.9
    endloop
  endfacet
  facet normal -0.998803 0.0489209 0
    outer loop
      vertex 40.5 -22.5 22.95
      vertex 40.4904 -22.696 21.9
      vertex 40.4904 -22.696 22.95
    endloop
  endfacet
  facet normal -0.857673 0.514196 0
    outer loop
      vertex 40.1629 -23.6111 21.9
      vertex 40.2638 -23.4428 22.95
      vertex 40.2638 -23.4428 21.9
    endloop
  endfacet
  facet normal -0.857673 0.514196 0
    outer loop
      vertex 40.2638 -23.4428 22.95
      vertex 40.1629 -23.6111 21.9
      vertex 40.1629 -23.6111 22.95
    endloop
  endfacet
  facet normal -0.336788 0.94158 0
    outer loop
      vertex 39.2654 -24.3478 21.9
      vertex 39.0806 -24.4139 22.95
      vertex 39.2654 -24.3478 22.95
    endloop
  endfacet
  facet normal -0.336788 0.94158 0
    outer loop
      vertex 39.0806 -24.4139 22.95
      vertex 39.2654 -24.3478 21.9
      vertex 39.0806 -24.4139 21.9
    endloop
  endfacet
  facet normal -0.740979 -0.671528 0
    outer loop
      vertex 40.046 -0.231216 21.9
      vertex 39.9142 -0.0857849 22.95
      vertex 39.9142 -0.0857849 21.9
    endloop
  endfacet
  facet normal -0.740979 -0.671528 0
    outer loop
      vertex 39.9142 -0.0857849 22.95
      vertex 40.046 -0.231216 21.9
      vertex 40.046 -0.231216 22.95
    endloop
  endfacet
  facet normal 0.427955 0.9038 -0
    outer loop
      vertex -39.2654 -24.3478 21.9
      vertex -39.4428 -24.2638 22.95
      vertex -39.2654 -24.3478 22.95
    endloop
  endfacet
  facet normal 0.427955 0.9038 0
    outer loop
      vertex -39.4428 -24.2638 22.95
      vertex -39.2654 -24.3478 21.9
      vertex -39.4428 -24.2638 21.9
    endloop
  endfacet
  facet normal -0.803239 -0.595656 0
    outer loop
      vertex 40.1629 -0.388855 21.9
      vertex 40.046 -0.231216 22.95
      vertex 40.046 -0.231216 21.9
    endloop
  endfacet
  facet normal -0.803239 -0.595656 0
    outer loop
      vertex 40.046 -0.231216 22.95
      vertex 40.1629 -0.388855 21.9
      vertex 40.1629 -0.388855 22.95
    endloop
  endfacet
  facet normal -0.998803 -0.0489135 0
    outer loop
      vertex 40.5 -1.5 21.9
      vertex 40.4904 -1.30397 22.95
      vertex 40.4904 -1.30397 21.9
    endloop
  endfacet
  facet normal -0.998803 -0.0489135 0
    outer loop
      vertex 40.4904 -1.30397 22.95
      vertex 40.5 -1.5 21.9
      vertex 40.5 -1.5 22.95
    endloop
  endfacet
  facet normal 0.336861 -0.941555 0
    outer loop
      vertex -39.2654 0.347763 21.9
      vertex -39.0806 0.413879 22.95
      vertex -39.2654 0.347763 22.95
    endloop
  endfacet
  facet normal 0.336861 -0.941555 0
    outer loop
      vertex -39.0806 0.413879 22.95
      vertex -39.2654 0.347763 21.9
      vertex -39.0806 0.413879 21.9
    endloop
  endfacet
  facet normal 0.242938 -0.970042 0
    outer loop
      vertex -39.0806 0.413879 21.9
      vertex -38.8902 0.461563 22.95
      vertex -39.0806 0.413879 22.95
    endloop
  endfacet
  facet normal 0.242938 -0.970042 0
    outer loop
      vertex -38.8902 0.461563 22.95
      vertex -39.0806 0.413879 21.9
      vertex -38.8902 0.461563 21.9
    endloop
  endfacet
  facet normal -0.671607 0.740908 0
    outer loop
      vertex 39.9142 -23.9142 21.9
      vertex 39.7688 -24.046 22.95
      vertex 39.9142 -23.9142 22.95
    endloop
  endfacet
  facet normal -0.671607 0.740908 0
    outer loop
      vertex 39.7688 -24.046 22.95
      vertex 39.9142 -23.9142 21.9
      vertex 39.7688 -24.046 21.9
    endloop
  endfacet
  facet normal -0.80335 0.595508 0
    outer loop
      vertex 40.046 -23.7688 21.9
      vertex 40.1629 -23.6111 22.95
      vertex 40.1629 -23.6111 21.9
    endloop
  endfacet
  facet normal -0.80335 0.595508 0
    outer loop
      vertex 40.1629 -23.6111 22.95
      vertex 40.046 -23.7688 21.9
      vertex 40.046 -23.7688 22.95
    endloop
  endfacet
  facet normal -0.989176 -0.146733 0
    outer loop
      vertex 40.4904 -1.30397 21.9
      vertex 40.4616 -1.10982 22.95
      vertex 40.4616 -1.10982 21.9
    endloop
  endfacet
  facet normal -0.989176 -0.146733 0
    outer loop
      vertex 40.4616 -1.10982 22.95
      vertex 40.4904 -1.30397 21.9
      vertex 40.4904 -1.30397 22.95
    endloop
  endfacet
  facet normal -0.85774 -0.514084 0
    outer loop
      vertex 40.2638 -0.557205 21.9
      vertex 40.1629 -0.388855 22.95
      vertex 40.1629 -0.388855 21.9
    endloop
  endfacet
  facet normal -0.85774 -0.514084 0
    outer loop
      vertex 40.1629 -0.388855 22.95
      vertex 40.2638 -0.557205 21.9
      vertex 40.2638 -0.557205 22.95
    endloop
  endfacet
  facet normal -0.146696 0.989182 0
    outer loop
      vertex 38.8902 -24.4616 21.9
      vertex 38.696 -24.4904 22.95
      vertex 38.8902 -24.4616 22.95
    endloop
  endfacet
  facet normal -0.146696 0.989182 0
    outer loop
      vertex 38.696 -24.4904 22.95
      vertex 38.8902 -24.4616 21.9
      vertex 38.696 -24.4904 21.9
    endloop
  endfacet
  facet normal -0.595549 -0.803319 0
    outer loop
      vertex 39.6111 0.162933 21.9
      vertex 39.7688 0.0460205 22.95
      vertex 39.6111 0.162933 22.95
    endloop
  endfacet
  facet normal -0.595549 -0.803319 -0
    outer loop
      vertex 39.7688 0.0460205 22.95
      vertex 39.6111 0.162933 21.9
      vertex 39.7688 0.0460205 21.9
    endloop
  endfacet
  facet normal 0.514222 -0.857657 0
    outer loop
      vertex -39.6111 0.162933 21.9
      vertex -39.4428 0.26384 22.95
      vertex -39.6111 0.162933 22.95
    endloop
  endfacet
  facet normal 0.514222 -0.857657 0
    outer loop
      vertex -39.4428 0.26384 22.95
      vertex -39.6111 0.162933 21.9
      vertex -39.4428 0.26384 21.9
    endloop
  endfacet
  facet normal -0.595508 0.80335 0
    outer loop
      vertex 39.7688 -24.046 21.9
      vertex 39.6111 -24.1629 22.95
      vertex 39.7688 -24.046 22.95
    endloop
  endfacet
  facet normal -0.595508 0.80335 0
    outer loop
      vertex 39.6111 -24.1629 22.95
      vertex 39.7688 -24.046 21.9
      vertex 39.6111 -24.1629 21.9
    endloop
  endfacet
  facet normal 0.514196 0.857673 -0
    outer loop
      vertex -39.4428 -24.2638 21.9
      vertex -39.6111 -24.1629 22.95
      vertex -39.4428 -24.2638 22.95
    endloop
  endfacet
  facet normal 0.514196 0.857673 0
    outer loop
      vertex -39.6111 -24.1629 22.95
      vertex -39.4428 -24.2638 21.9
      vertex -39.6111 -24.1629 21.9
    endloop
  endfacet
  facet normal -0.970023 0.243015 0
    outer loop
      vertex 40.4139 -23.0806 21.9
      vertex 40.4616 -22.8902 22.95
      vertex 40.4616 -22.8902 21.9
    endloop
  endfacet
  facet normal -0.970023 0.243015 0
    outer loop
      vertex 40.4616 -22.8902 22.95
      vertex 40.4139 -23.0806 21.9
      vertex 40.4139 -23.0806 22.95
    endloop
  endfacet
  facet normal -0.243015 0.970023 0
    outer loop
      vertex 39.0806 -24.4139 21.9
      vertex 38.8902 -24.4616 22.95
      vertex 39.0806 -24.4139 22.95
    endloop
  endfacet
  facet normal -0.243015 0.970023 0
    outer loop
      vertex 38.8902 -24.4616 22.95
      vertex 39.0806 -24.4139 21.9
      vertex 38.8902 -24.4616 21.9
    endloop
  endfacet
  facet normal 0.85774 -0.514084 0
    outer loop
      vertex -40.2638 -0.557205 22.95
      vertex -40.1629 -0.388855 21.9
      vertex -40.1629 -0.388855 22.95
    endloop
  endfacet
  facet normal 0.85774 -0.514084 0
    outer loop
      vertex -40.1629 -0.388855 21.9
      vertex -40.2638 -0.557205 22.95
      vertex -40.2638 -0.557205 21.9
    endloop
  endfacet
  facet normal 0.903827 -0.427898 0
    outer loop
      vertex -40.3478 -0.734634 22.95
      vertex -40.2638 -0.557205 21.9
      vertex -40.2638 -0.557205 22.95
    endloop
  endfacet
  facet normal 0.903827 -0.427898 0
    outer loop
      vertex -40.2638 -0.557205 21.9
      vertex -40.3478 -0.734634 22.95
      vertex -40.3478 -0.734634 21.9
    endloop
  endfacet
  facet normal -0.94158 -0.336788 0
    outer loop
      vertex 40.4139 -0.919434 21.9
      vertex 40.3478 -0.734634 22.95
      vertex 40.3478 -0.734634 21.9
    endloop
  endfacet
  facet normal -0.94158 -0.336788 0
    outer loop
      vertex 40.3478 -0.734634 22.95
      vertex 40.4139 -0.919434 21.9
      vertex 40.4139 -0.919434 22.95
    endloop
  endfacet
  facet normal -0.970018 -0.243032 0
    outer loop
      vertex 40.4616 -1.10982 21.9
      vertex 40.4139 -0.919434 22.95
      vertex 40.4139 -0.919434 21.9
    endloop
  endfacet
  facet normal -0.970018 -0.243032 0
    outer loop
      vertex 40.4139 -0.919434 22.95
      vertex 40.4616 -1.10982 21.9
      vertex 40.4616 -1.10982 22.95
    endloop
  endfacet
  facet normal -0.336861 -0.941555 0
    outer loop
      vertex 39.0806 0.413879 21.9
      vertex 39.2654 0.347763 22.95
      vertex 39.0806 0.413879 22.95
    endloop
  endfacet
  facet normal -0.336861 -0.941555 -0
    outer loop
      vertex 39.2654 0.347763 22.95
      vertex 39.0806 0.413879 21.9
      vertex 39.2654 0.347763 21.9
    endloop
  endfacet
  facet normal -0.514222 -0.857657 0
    outer loop
      vertex 39.4428 0.26384 21.9
      vertex 39.6111 0.162933 22.95
      vertex 39.4428 0.26384 22.95
    endloop
  endfacet
  facet normal -0.514222 -0.857657 -0
    outer loop
      vertex 39.6111 0.162933 22.95
      vertex 39.4428 0.26384 21.9
      vertex 39.6111 0.162933 21.9
    endloop
  endfacet
  facet normal -0.427634 -0.903952 0
    outer loop
      vertex 39.2654 0.347763 21.9
      vertex 39.4428 0.26384 22.95
      vertex 39.2654 0.347763 22.95
    endloop
  endfacet
  facet normal -0.427634 -0.903952 -0
    outer loop
      vertex 39.4428 0.26384 22.95
      vertex 39.2654 0.347763 21.9
      vertex 39.4428 0.26384 21.9
    endloop
  endfacet
  facet normal -0.514246 0.857643 0
    outer loop
      vertex 41.9667 -26.7944 22.95
      vertex 41.7142 -26.9458 24
      vertex 41.9667 -26.7944 24
    endloop
  endfacet
  facet normal -0.514246 0.857643 0
    outer loop
      vertex 41.7142 -26.9458 24
      vertex 41.9667 -26.7944 22.95
      vertex 41.7142 -26.9458 22.95
    endloop
  endfacet
  facet normal 0.242935 0.970042 -0
    outer loop
      vertex -40.8853 -27.2423 22.95
      vertex -41.1708 -27.1708 24
      vertex -40.8853 -27.2423 24
    endloop
  endfacet
  facet normal 0.242935 0.970042 0
    outer loop
      vertex -41.1708 -27.1708 24
      vertex -40.8853 -27.2423 22.95
      vertex -41.1708 -27.1708 22.95
    endloop
  endfacet
  facet normal -0.336939 0.941527 0
    outer loop
      vertex 41.448 -27.0716 22.95
      vertex 41.1708 -27.1708 24
      vertex 41.448 -27.0716 24
    endloop
  endfacet
  facet normal -0.336939 0.941527 0
    outer loop
      vertex 41.1708 -27.1708 24
      vertex 41.448 -27.0716 22.95
      vertex 41.1708 -27.1708 22.95
    endloop
  endfacet
  facet normal 0.904081 -0.42736 0
    outer loop
      vertex -43.0716 1.44804 24
      vertex -42.9458 1.71417 22.95
      vertex -42.9458 1.71417 24
    endloop
  endfacet
  facet normal 0.904081 -0.42736 0
    outer loop
      vertex -42.9458 1.71417 22.95
      vertex -43.0716 1.44804 24
      vertex -43.0716 1.44804 22.95
    endloop
  endfacet
  facet normal -0.427269 0.904125 0
    outer loop
      vertex 41.7142 -26.9458 22.95
      vertex 41.448 -27.0716 24
      vertex 41.7142 -26.9458 24
    endloop
  endfacet
  facet normal -0.427269 0.904125 0
    outer loop
      vertex 41.448 -27.0716 24
      vertex 41.7142 -26.9458 22.95
      vertex 41.448 -27.0716 22.95
    endloop
  endfacet
  facet normal -0.336909 -0.941537 0
    outer loop
      vertex 41.1708 3.17081 22.95
      vertex 41.448 3.07162 24
      vertex 41.1708 3.17081 24
    endloop
  endfacet
  facet normal -0.336909 -0.941537 -0
    outer loop
      vertex 41.448 3.07162 24
      vertex 41.1708 3.17081 22.95
      vertex 41.448 3.07162 22.95
    endloop
  endfacet
  facet normal 0.989182 0.146696 0
    outer loop
      vertex -43.2423 -24.8853 24
      vertex -43.2855 -24.594 22.95
      vertex -43.2855 -24.594 24
    endloop
  endfacet
  facet normal 0.989182 0.146696 0
    outer loop
      vertex -43.2855 -24.594 22.95
      vertex -43.2423 -24.8853 24
      vertex -43.2423 -24.8853 22.95
    endloop
  endfacet
  facet normal -0.671607 0.740908 0
    outer loop
      vertex 42.4213 -26.4213 22.95
      vertex 42.2032 -26.619 24
      vertex 42.4213 -26.4213 24
    endloop
  endfacet
  facet normal -0.671607 0.740908 0
    outer loop
      vertex 42.2032 -26.619 24
      vertex 42.4213 -26.4213 22.95
      vertex 42.2032 -26.619 22.95
    endloop
  endfacet
  facet normal 0.514146 -0.857703 0
    outer loop
      vertex -41.9667 2.7944 22.95
      vertex -41.7142 2.94576 24
      vertex -41.9667 2.7944 24
    endloop
  endfacet
  facet normal 0.514146 -0.857703 0
    outer loop
      vertex -41.7142 2.94576 24
      vertex -41.9667 2.7944 22.95
      vertex -41.7142 2.94576 22.95
    endloop
  endfacet
  facet normal 0.427435 -0.904046 0
    outer loop
      vertex -41.7142 2.94576 22.95
      vertex -41.448 3.07162 24
      vertex -41.7142 2.94576 24
    endloop
  endfacet
  facet normal 0.427435 -0.904046 0
    outer loop
      vertex -41.448 3.07162 24
      vertex -41.7142 2.94576 22.95
      vertex -41.448 3.07162 22.95
    endloop
  endfacet
  facet normal 0.803208 0.595699 0
    outer loop
      vertex -42.619 -26.2032 24
      vertex -42.7944 -25.9667 22.95
      vertex -42.7944 -25.9667 24
    endloop
  endfacet
  facet normal 0.803208 0.595699 0
    outer loop
      vertex -42.7944 -25.9667 22.95
      vertex -42.619 -26.2032 24
      vertex -42.619 -26.2032 22.95
    endloop
  endfacet
  facet normal 0 -1 0
    outer loop
      vertex -40.3 3.29999 22.95
      vertex 40.3 3.29999 24
      vertex -40.3 3.29999 24
    endloop
  endfacet
  facet normal 0 -1 -0
    outer loop
      vertex 40.3 3.29999 24
      vertex -40.3 3.29999 22.95
      vertex 40.3 3.29999 22.95
    endloop
  endfacet
  facet normal 0.595699 0.803208 -0
    outer loop
      vertex -41.9667 -26.7944 22.95
      vertex -42.2032 -26.619 24
      vertex -41.9667 -26.7944 24
    endloop
  endfacet
  facet normal 0.595699 0.803208 0
    outer loop
      vertex -42.2032 -26.619 24
      vertex -41.9667 -26.7944 22.95
      vertex -42.2032 -26.619 22.95
    endloop
  endfacet
  facet normal -0.989182 0.146696 0
    outer loop
      vertex 43.2423 -24.8853 22.95
      vertex 43.2855 -24.594 24
      vertex 43.2855 -24.594 22.95
    endloop
  endfacet
  facet normal -0.989182 0.146696 0
    outer loop
      vertex 43.2855 -24.594 24
      vertex 43.2423 -24.8853 22.95
      vertex 43.2423 -24.8853 24
    endloop
  endfacet
  facet normal 0.0492599 0.998786 -0
    outer loop
      vertex -40.3 -27.3 22.95
      vertex -40.594 -27.2855 24
      vertex -40.3 -27.3 24
    endloop
  endfacet
  facet normal 0.0492599 0.998786 0
    outer loop
      vertex -40.594 -27.2855 24
      vertex -40.3 -27.3 22.95
      vertex -40.594 -27.2855 22.95
    endloop
  endfacet
  facet normal 0.970042 0.242935 0
    outer loop
      vertex -43.1708 -25.1708 24
      vertex -43.2423 -24.8853 22.95
      vertex -43.2423 -24.8853 24
    endloop
  endfacet
  facet normal 0.970042 0.242935 0
    outer loop
      vertex -43.2423 -24.8853 22.95
      vertex -43.1708 -25.1708 24
      vertex -43.1708 -25.1708 22.95
    endloop
  endfacet
  facet normal -0.242935 0.970042 0
    outer loop
      vertex 41.1708 -27.1708 22.95
      vertex 40.8853 -27.2423 24
      vertex 41.1708 -27.1708 24
    endloop
  endfacet
  facet normal -0.242935 0.970042 0
    outer loop
      vertex 40.8853 -27.2423 24
      vertex 41.1708 -27.1708 22.95
      vertex 40.8853 -27.2423 22.95
    endloop
  endfacet
  facet normal -0.146696 0.989182 0
    outer loop
      vertex 40.8853 -27.2423 22.95
      vertex 40.594 -27.2855 24
      vertex 40.8853 -27.2423 24
    endloop
  endfacet
  facet normal -0.146696 0.989182 0
    outer loop
      vertex 40.594 -27.2855 24
      vertex 40.8853 -27.2423 22.95
      vertex 40.594 -27.2855 22.95
    endloop
  endfacet
  facet normal -0.998786 0.0492599 0
    outer loop
      vertex 43.2855 -24.594 22.95
      vertex 43.3 -24.3 24
      vertex 43.3 -24.3 22.95
    endloop
  endfacet
  facet normal -0.998786 0.0492599 0
    outer loop
      vertex 43.3 -24.3 24
      vertex 43.2855 -24.594 22.95
      vertex 43.2855 -24.594 24
    endloop
  endfacet
  facet normal 0 1 -0
    outer loop
      vertex 40.3 -27.3 22.95
      vertex -40.3 -27.3 24
      vertex 40.3 -27.3 24
    endloop
  endfacet
  facet normal 0 1 0
    outer loop
      vertex -40.3 -27.3 24
      vertex 40.3 -27.3 22.95
      vertex -40.3 -27.3 22.95
    endloop
  endfacet
  facet normal -0.671625 -0.740891 0
    outer loop
      vertex 42.2032 2.61902 22.95
      vertex 42.4213 2.42131 24
      vertex 42.2032 2.61902 24
    endloop
  endfacet
  facet normal -0.671625 -0.740891 -0
    outer loop
      vertex 42.4213 2.42131 24
      vertex 42.2032 2.61902 22.95
      vertex 42.4213 2.42131 22.95
    endloop
  endfacet
  facet normal -0.595699 0.803208 0
    outer loop
      vertex 42.2032 -26.619 22.95
      vertex 41.9667 -26.7944 24
      vertex 42.2032 -26.619 24
    endloop
  endfacet
  facet normal -0.595699 0.803208 0
    outer loop
      vertex 41.9667 -26.7944 24
      vertex 42.2032 -26.619 22.95
      vertex 41.9667 -26.7944 22.95
    endloop
  endfacet
  facet normal -1 0 0
    outer loop
      vertex 43.3 -24.3 22.95
      vertex 43.3 0.299988 24
      vertex 43.3 0.299988 22.95
    endloop
  endfacet
  facet normal -1 -0 0
    outer loop
      vertex 43.3 0.299988 24
      vertex 43.3 -24.3 22.95
      vertex 43.3 -24.3 24
    endloop
  endfacet
  facet normal 0.941527 -0.336939 0
    outer loop
      vertex -43.1708 1.17084 24
      vertex -43.0716 1.44804 22.95
      vertex -43.0716 1.44804 24
    endloop
  endfacet
  facet normal 0.941527 -0.336939 0
    outer loop
      vertex -43.0716 1.44804 22.95
      vertex -43.1708 1.17084 24
      vertex -43.1708 1.17084 22.95
    endloop
  endfacet
  facet normal 1 -0 0
    outer loop
      vertex -43.3 -24.3 24
      vertex -43.3 0.299988 22.95
      vertex -43.3 0.299988 24
    endloop
  endfacet
  facet normal 1 0 0
    outer loop
      vertex -43.3 0.299988 22.95
      vertex -43.3 -24.3 24
      vertex -43.3 -24.3 22.95
    endloop
  endfacet
  facet normal -0.243031 -0.970018 0
    outer loop
      vertex 40.8853 3.24234 22.95
      vertex 41.1708 3.17081 24
      vertex 40.8853 3.24234 24
    endloop
  endfacet
  facet normal -0.243031 -0.970018 -0
    outer loop
      vertex 41.1708 3.17081 24
      vertex 40.8853 3.24234 22.95
      vertex 41.1708 3.17081 22.95
    endloop
  endfacet
  facet normal 0.998786 0.0492599 0
    outer loop
      vertex -43.2855 -24.594 24
      vertex -43.3 -24.3 22.95
      vertex -43.3 -24.3 24
    endloop
  endfacet
  facet normal 0.998786 0.0492599 0
    outer loop
      vertex -43.3 -24.3 22.95
      vertex -43.2855 -24.594 24
      vertex -43.2855 -24.594 22.95
    endloop
  endfacet
  facet normal 0.243031 -0.970018 0
    outer loop
      vertex -41.1708 3.17081 22.95
      vertex -40.8853 3.24234 24
      vertex -41.1708 3.17081 24
    endloop
  endfacet
  facet normal 0.243031 -0.970018 0
    outer loop
      vertex -40.8853 3.24234 24
      vertex -41.1708 3.17081 22.95
      vertex -40.8853 3.24234 22.95
    endloop
  endfacet
  facet normal -0.0490904 -0.998794 0
    outer loop
      vertex 40.3 3.29999 22.95
      vertex 40.594 3.28554 24
      vertex 40.3 3.29999 24
    endloop
  endfacet
  facet normal -0.0490904 -0.998794 -0
    outer loop
      vertex 40.594 3.28554 24
      vertex 40.3 3.29999 22.95
      vertex 40.594 3.28554 22.95
    endloop
  endfacet
  facet normal -0.0492599 0.998786 0
    outer loop
      vertex 40.594 -27.2855 22.95
      vertex 40.3 -27.3 24
      vertex 40.594 -27.2855 24
    endloop
  endfacet
  facet normal -0.0492599 0.998786 0
    outer loop
      vertex 40.3 -27.3 24
      vertex 40.594 -27.2855 22.95
      vertex 40.3 -27.3 22.95
    endloop
  endfacet
  facet normal 0.336909 -0.941537 0
    outer loop
      vertex -41.448 3.07162 22.95
      vertex -41.1708 3.17081 24
      vertex -41.448 3.07162 24
    endloop
  endfacet
  facet normal 0.336909 -0.941537 0
    outer loop
      vertex -41.1708 3.17081 24
      vertex -41.448 3.07162 22.95
      vertex -41.1708 3.17081 22.95
    endloop
  endfacet
  facet normal 0.97006 -0.242866 0
    outer loop
      vertex -43.2423 0.885254 24
      vertex -43.1708 1.17084 22.95
      vertex -43.1708 1.17084 24
    endloop
  endfacet
  facet normal 0.97006 -0.242866 0
    outer loop
      vertex -43.1708 1.17084 22.95
      vertex -43.2423 0.885254 24
      vertex -43.2423 0.885254 22.95
    endloop
  endfacet
  facet normal 0.336939 0.941527 -0
    outer loop
      vertex -41.1708 -27.1708 22.95
      vertex -41.448 -27.0716 24
      vertex -41.1708 -27.1708 24
    endloop
  endfacet
  facet normal 0.336939 0.941527 0
    outer loop
      vertex -41.448 -27.0716 24
      vertex -41.1708 -27.1708 22.95
      vertex -41.448 -27.0716 22.95
    endloop
  endfacet
  facet normal 0.514246 0.857643 -0
    outer loop
      vertex -41.7142 -26.9458 22.95
      vertex -41.9667 -26.7944 24
      vertex -41.7142 -26.9458 24
    endloop
  endfacet
  facet normal 0.514246 0.857643 0
    outer loop
      vertex -41.9667 -26.7944 24
      vertex -41.7142 -26.9458 22.95
      vertex -41.9667 -26.7944 22.95
    endloop
  endfacet
  facet normal -0.80316 -0.595764 0
    outer loop
      vertex 42.7944 1.96671 22.95
      vertex 42.619 2.20317 24
      vertex 42.619 2.20317 22.95
    endloop
  endfacet
  facet normal -0.80316 -0.595764 0
    outer loop
      vertex 42.619 2.20317 24
      vertex 42.7944 1.96671 22.95
      vertex 42.7944 1.96671 24
    endloop
  endfacet
  facet normal -0.146696 -0.989182 0
    outer loop
      vertex 40.594 3.28554 22.95
      vertex 40.8853 3.24234 24
      vertex 40.594 3.28554 24
    endloop
  endfacet
  facet normal -0.146696 -0.989182 -0
    outer loop
      vertex 40.8853 3.24234 24
      vertex 40.594 3.28554 22.95
      vertex 40.8853 3.24234 22.95
    endloop
  endfacet
  facet normal 0.0490904 -0.998794 0
    outer loop
      vertex -40.594 3.28554 22.95
      vertex -40.3 3.29999 24
      vertex -40.594 3.28554 24
    endloop
  endfacet
  facet normal 0.0490904 -0.998794 0
    outer loop
      vertex -40.3 3.29999 24
      vertex -40.594 3.28554 22.95
      vertex -40.3 3.29999 22.95
    endloop
  endfacet
  facet normal 0.146696 0.989182 -0
    outer loop
      vertex -40.594 -27.2855 22.95
      vertex -40.8853 -27.2423 24
      vertex -40.594 -27.2855 24
    endloop
  endfacet
  facet normal 0.146696 0.989182 0
    outer loop
      vertex -40.8853 -27.2423 24
      vertex -40.594 -27.2855 22.95
      vertex -40.8853 -27.2423 22.95
    endloop
  endfacet
  facet normal 0.740969 -0.671539 0
    outer loop
      vertex -42.619 2.20317 24
      vertex -42.4213 2.42131 22.95
      vertex -42.4213 2.42131 24
    endloop
  endfacet
  facet normal 0.740969 -0.671539 0
    outer loop
      vertex -42.4213 2.42131 22.95
      vertex -42.619 2.20317 24
      vertex -42.619 2.20317 22.95
    endloop
  endfacet
  facet normal -0.740969 -0.671539 0
    outer loop
      vertex 42.619 2.20317 22.95
      vertex 42.4213 2.42131 24
      vertex 42.4213 2.42131 22.95
    endloop
  endfacet
  facet normal -0.740969 -0.671539 0
    outer loop
      vertex 42.4213 2.42131 24
      vertex 42.619 2.20317 22.95
      vertex 42.619 2.20317 24
    endloop
  endfacet
  facet normal 0.998786 -0.0492512 0
    outer loop
      vertex -43.3 0.299988 24
      vertex -43.2855 0.59404 22.95
      vertex -43.2855 0.59404 24
    endloop
  endfacet
  facet normal 0.998786 -0.0492512 0
    outer loop
      vertex -43.2855 0.59404 22.95
      vertex -43.3 0.299988 24
      vertex -43.3 0.299988 22.95
    endloop
  endfacet
  facet normal 0.857679 -0.514186 0
    outer loop
      vertex -42.9458 1.71417 24
      vertex -42.7944 1.96671 22.95
      vertex -42.7944 1.96671 24
    endloop
  endfacet
  facet normal 0.857679 -0.514186 0
    outer loop
      vertex -42.7944 1.96671 22.95
      vertex -42.9458 1.71417 24
      vertex -42.9458 1.71417 22.95
    endloop
  endfacet
  facet normal 0.671625 -0.740891 0
    outer loop
      vertex -42.4213 2.42131 22.95
      vertex -42.2032 2.61902 24
      vertex -42.4213 2.42131 24
    endloop
  endfacet
  facet normal 0.671625 -0.740891 0
    outer loop
      vertex -42.2032 2.61902 24
      vertex -42.4213 2.42131 22.95
      vertex -42.2032 2.61902 22.95
    endloop
  endfacet
  facet normal 0.595655 -0.803241 0
    outer loop
      vertex -42.2032 2.61902 22.95
      vertex -41.9667 2.7944 24
      vertex -42.2032 2.61902 24
    endloop
  endfacet
  facet normal 0.595655 -0.803241 0
    outer loop
      vertex -41.9667 2.7944 24
      vertex -42.2032 2.61902 22.95
      vertex -41.9667 2.7944 22.95
    endloop
  endfacet
  facet normal 0.146696 -0.989182 0
    outer loop
      vertex -40.8853 3.24234 22.95
      vertex -40.594 3.28554 24
      vertex -40.8853 3.24234 24
    endloop
  endfacet
  facet normal 0.146696 -0.989182 0
    outer loop
      vertex -40.594 3.28554 24
      vertex -40.8853 3.24234 22.95
      vertex -40.594 3.28554 22.95
    endloop
  endfacet
  facet normal -0.803208 0.595699 0
    outer loop
      vertex 42.619 -26.2032 22.95
      vertex 42.7944 -25.9667 24
      vertex 42.7944 -25.9667 22.95
    endloop
  endfacet
  facet normal -0.803208 0.595699 0
    outer loop
      vertex 42.7944 -25.9667 24
      vertex 42.619 -26.2032 22.95
      vertex 42.619 -26.2032 24
    endloop
  endfacet
  facet normal 0.80316 -0.595764 0
    outer loop
      vertex -42.7944 1.96671 24
      vertex -42.619 2.20317 22.95
      vertex -42.619 2.20317 24
    endloop
  endfacet
  facet normal 0.80316 -0.595764 0
    outer loop
      vertex -42.619 2.20317 22.95
      vertex -42.7944 1.96671 24
      vertex -42.7944 1.96671 22.95
    endloop
  endfacet
  facet normal -0.740908 0.671607 0
    outer loop
      vertex 42.4213 -26.4213 22.95
      vertex 42.619 -26.2032 24
      vertex 42.619 -26.2032 22.95
    endloop
  endfacet
  facet normal -0.740908 0.671607 0
    outer loop
      vertex 42.619 -26.2032 24
      vertex 42.4213 -26.4213 22.95
      vertex 42.4213 -26.4213 24
    endloop
  endfacet
  facet normal 0 0 1
    outer loop
      vertex 40.2638 -0.557205 22.95
      vertex 43.3 0.299988 22.95
      vertex 43.2855 0.59404 22.95
    endloop
  endfacet
  facet normal 0 0 1
    outer loop
      vertex 43.3 0.299988 22.95
      vertex 40.5 -1.5 22.95
      vertex 43.3 -24.3 22.95
    endloop
  endfacet
  facet normal 0 0 1
    outer loop
      vertex 40.1629 -0.388855 22.95
      vertex 43.2855 0.59404 22.95
      vertex 43.2423 0.885254 22.95
    endloop
  endfacet
  facet normal -0 0 1
    outer loop
      vertex 40.5 -22.5 22.95
      vertex 43.3 -24.3 22.95
      vertex 40.5 -1.5 22.95
    endloop
  endfacet
  facet normal 0 0 1
    outer loop
      vertex 40.1629 -0.388855 22.95
      vertex 43.2423 0.885254 22.95
      vertex 43.1708 1.17084 22.95
    endloop
  endfacet
  facet normal -0 0 1
    outer loop
      vertex 40.4904 -22.696 22.95
      vertex 43.3 -24.3 22.95
      vertex 40.5 -22.5 22.95
    endloop
  endfacet
  facet normal 0 0 1
    outer loop
      vertex 40.1629 -0.388855 22.95
      vertex 43.1708 1.17084 22.95
      vertex 43.0716 1.44804 22.95
    endloop
  endfacet
  facet normal -0 0 1
    outer loop
      vertex 40.4616 -22.8902 22.95
      vertex 43.3 -24.3 22.95
      vertex 40.4904 -22.696 22.95
    endloop
  endfacet
  facet normal 0 0 1
    outer loop
      vertex 40.046 -0.231216 22.95
      vertex 43.0716 1.44804 22.95
      vertex 42.9458 1.71417 22.95
    endloop
  endfacet
  facet normal -0 0 1
    outer loop
      vertex 40.4139 -23.0806 22.95
      vertex 43.3 -24.3 22.95
      vertex 40.4616 -22.8902 22.95
    endloop
  endfacet
  facet normal 0 0 1
    outer loop
      vertex 40.046 -0.231216 22.95
      vertex 42.9458 1.71417 22.95
      vertex 42.7944 1.96671 22.95
    endloop
  endfacet
  facet normal -0 0 1
    outer loop
      vertex 40.3478 -23.2654 22.95
      vertex 43.3 -24.3 22.95
      vertex 40.4139 -23.0806 22.95
    endloop
  endfacet
  facet normal 0 0 1
    outer loop
      vertex 40.046 -0.231216 22.95
      vertex 42.7944 1.96671 22.95
      vertex 42.619 2.20317 22.95
    endloop
  endfacet
  facet normal -0 0 1
    outer loop
      vertex 40.2638 -23.4428 22.95
      vertex 43.3 -24.3 22.95
      vertex 40.3478 -23.2654 22.95
    endloop
  endfacet
  facet normal 0 0 1
    outer loop
      vertex 39.9142 -0.0857849 22.95
      vertex 42.619 2.20317 22.95
      vertex 42.4213 2.42131 22.95
    endloop
  endfacet
  facet normal 0 0 1
    outer loop
      vertex 43.3 -24.3 22.95
      vertex 40.2638 -23.4428 22.95
      vertex 43.2855 -24.594 22.95
    endloop
  endfacet
  facet normal 0 0 1
    outer loop
      vertex 39.9142 -0.0857849 22.95
      vertex 42.4213 2.42131 22.95
      vertex 42.2032 2.61902 22.95
    endloop
  endfacet
  facet normal -0 0 1
    outer loop
      vertex 40.1629 -23.6111 22.95
      vertex 43.2855 -24.594 22.95
      vertex 40.2638 -23.4428 22.95
    endloop
  endfacet
  facet normal 0 0 1
    outer loop
      vertex 39.9142 -0.0857849 22.95
      vertex 42.2032 2.61902 22.95
      vertex 41.9667 2.7944 22.95
    endloop
  endfacet
  facet normal 0 0 1
    outer loop
      vertex 43.2855 -24.594 22.95
      vertex 40.1629 -23.6111 22.95
      vertex 43.2423 -24.8853 22.95
    endloop
  endfacet
  facet normal 0 0 1
    outer loop
      vertex 39.7688 0.0460205 22.95
      vertex 41.9667 2.7944 22.95
      vertex 41.7142 2.94576 22.95
    endloop
  endfacet
  facet normal 0 0 1
    outer loop
      vertex 43.2423 -24.8853 22.95
      vertex 40.1629 -23.6111 22.95
      vertex 43.1708 -25.1708 22.95
    endloop
  endfacet
  facet normal 0 0 1
    outer loop
      vertex 39.7688 0.0460205 22.95
      vertex 41.7142 2.94576 22.95
      vertex 41.448 3.07162 22.95
    endloop
  endfacet
  facet normal 0 0 1
    outer loop
      vertex 43.1708 -25.1708 22.95
      vertex 40.1629 -23.6111 22.95
      vertex 43.0716 -25.448 22.95
    endloop
  endfacet
  facet normal 0 0 1
    outer loop
      vertex 39.7688 0.0460205 22.95
      vertex 41.448 3.07162 22.95
      vertex 41.1708 3.17081 22.95
    endloop
  endfacet
  facet normal -0 0 1
    outer loop
      vertex 40.046 -23.7688 22.95
      vertex 43.0716 -25.448 22.95
      vertex 40.1629 -23.6111 22.95
    endloop
  endfacet
  facet normal 0 0 1
    outer loop
      vertex 39.6111 0.162933 22.95
      vertex 41.1708 3.17081 22.95
      vertex 40.8853 3.24234 22.95
    endloop
  endfacet
  facet normal 0 0 1
    outer loop
      vertex 43.0716 -25.448 22.95
      vertex 40.046 -23.7688 22.95
      vertex 42.9458 -25.7142 22.95
    endloop
  endfacet
  facet normal 0 0 1
    outer loop
      vertex 39.6111 0.162933 22.95
      vertex 40.8853 3.24234 22.95
      vertex 40.594 3.28554 22.95
    endloop
  endfacet
  facet normal 0 0 1
    outer loop
      vertex 42.9458 -25.7142 22.95
      vertex 40.046 -23.7688 22.95
      vertex 42.7944 -25.9667 22.95
    endloop
  endfacet
  facet normal 0 0 1
    outer loop
      vertex 42.7944 -25.9667 22.95
      vertex 40.046 -23.7688 22.95
      vertex 42.619 -26.2032 22.95
    endloop
  endfacet
  facet normal 0 0 1
    outer loop
      vertex 43.3 0.299988 22.95
      vertex 40.4904 -1.30397 22.95
      vertex 40.5 -1.5 22.95
    endloop
  endfacet
  facet normal 0 0 1
    outer loop
      vertex 43.3 0.299988 22.95
      vertex 40.4616 -1.10982 22.95
      vertex 40.4904 -1.30397 22.95
    endloop
  endfacet
  facet normal 0 0 1
    outer loop
      vertex 43.3 0.299988 22.95
      vertex 40.4139 -0.919434 22.95
      vertex 40.4616 -1.10982 22.95
    endloop
  endfacet
  facet normal 0 0 1
    outer loop
      vertex 43.3 0.299988 22.95
      vertex 40.3478 -0.734634 22.95
      vertex 40.4139 -0.919434 22.95
    endloop
  endfacet
  facet normal 0 0 1
    outer loop
      vertex 39.6111 0.162933 22.95
      vertex 40.594 3.28554 22.95
      vertex 40.3 3.29999 22.95
    endloop
  endfacet
  facet normal 0 0 1
    outer loop
      vertex 43.3 0.299988 22.95
      vertex 40.2638 -0.557205 22.95
      vertex 40.3478 -0.734634 22.95
    endloop
  endfacet
  facet normal 0 0 1
    outer loop
      vertex 43.2855 0.59404 22.95
      vertex 40.1629 -0.388855 22.95
      vertex 40.2638 -0.557205 22.95
    endloop
  endfacet
  facet normal 0 0 1
    outer loop
      vertex 43.0716 1.44804 22.95
      vertex 40.046 -0.231216 22.95
      vertex 40.1629 -0.388855 22.95
    endloop
  endfacet
  facet normal 0 0 1
    outer loop
      vertex 42.619 2.20317 22.95
      vertex 39.9142 -0.0857849 22.95
      vertex 40.046 -0.231216 22.95
    endloop
  endfacet
  facet normal 0 0 1
    outer loop
      vertex 41.9667 2.7944 22.95
      vertex 39.7688 0.0460205 22.95
      vertex 39.9142 -0.0857849 22.95
    endloop
  endfacet
  facet normal 0 0 1
    outer loop
      vertex 41.1708 3.17081 22.95
      vertex 39.6111 0.162933 22.95
      vertex 39.7688 0.0460205 22.95
    endloop
  endfacet
  facet normal 0 0 1
    outer loop
      vertex 40.3 3.29999 22.95
      vertex 39.4428 0.26384 22.95
      vertex 39.6111 0.162933 22.95
    endloop
  endfacet
  facet normal 0 0 1
    outer loop
      vertex 40.3 3.29999 22.95
      vertex 39.2654 0.347763 22.95
      vertex 39.4428 0.26384 22.95
    endloop
  endfacet
  facet normal 0 0 1
    outer loop
      vertex 40.3 3.29999 22.95
      vertex 39.0806 0.413879 22.95
      vertex 39.2654 0.347763 22.95
    endloop
  endfacet
  facet normal 0 0 1
    outer loop
      vertex 40.3 3.29999 22.95
      vertex 38.8902 0.461563 22.95
      vertex 39.0806 0.413879 22.95
    endloop
  endfacet
  facet normal 0 0 1
    outer loop
      vertex 40.3 3.29999 22.95
      vertex 38.696 0.490372 22.95
      vertex 38.8902 0.461563 22.95
    endloop
  endfacet
  facet normal 0 0 1
    outer loop
      vertex 40.3 3.29999 22.95
      vertex 38.5 0.5 22.95
      vertex 38.696 0.490372 22.95
    endloop
  endfacet
  facet normal 0 0 1
    outer loop
      vertex 40.3 3.29999 22.95
      vertex -38.5 0.5 22.95
      vertex 38.5 0.5 22.95
    endloop
  endfacet
  facet normal -0 0 1
    outer loop
      vertex -40.3 3.29999 22.95
      vertex -38.5 0.5 22.95
      vertex 40.3 3.29999 22.95
    endloop
  endfacet
  facet normal 0 0 1
    outer loop
      vertex -40.3 3.29999 22.95
      vertex -38.696 0.490372 22.95
      vertex -38.5 0.5 22.95
    endloop
  endfacet
  facet normal 0 0 1
    outer loop
      vertex -40.3 3.29999 22.95
      vertex -38.8902 0.461563 22.95
      vertex -38.696 0.490372 22.95
    endloop
  endfacet
  facet normal 0 0 1
    outer loop
      vertex -40.3 3.29999 22.95
      vertex -39.0806 0.413879 22.95
      vertex -38.8902 0.461563 22.95
    endloop
  endfacet
  facet normal 0 0 1
    outer loop
      vertex -40.3 3.29999 22.95
      vertex -39.2654 0.347763 22.95
      vertex -39.0806 0.413879 22.95
    endloop
  endfacet
  facet normal 0 0 1
    outer loop
      vertex -40.3 3.29999 22.95
      vertex -39.4428 0.26384 22.95
      vertex -39.2654 0.347763 22.95
    endloop
  endfacet
  facet normal 0 0 1
    outer loop
      vertex -40.3 3.29999 22.95
      vertex -39.6111 0.162933 22.95
      vertex -39.4428 0.26384 22.95
    endloop
  endfacet
  facet normal -0 0 1
    outer loop
      vertex -40.594 3.28554 22.95
      vertex -39.6111 0.162933 22.95
      vertex -40.3 3.29999 22.95
    endloop
  endfacet
  facet normal -0 0 1
    outer loop
      vertex -40.8853 3.24234 22.95
      vertex -39.6111 0.162933 22.95
      vertex -40.594 3.28554 22.95
    endloop
  endfacet
  facet normal -0 0 1
    outer loop
      vertex -41.1708 3.17081 22.95
      vertex -39.6111 0.162933 22.95
      vertex -40.8853 3.24234 22.95
    endloop
  endfacet
  facet normal 0 0 1
    outer loop
      vertex -39.6111 0.162933 22.95
      vertex -41.1708 3.17081 22.95
      vertex -39.7688 0.0460205 22.95
    endloop
  endfacet
  facet normal -0 0 1
    outer loop
      vertex -41.448 3.07162 22.95
      vertex -39.7688 0.0460205 22.95
      vertex -41.1708 3.17081 22.95
    endloop
  endfacet
  facet normal -0 0 1
    outer loop
      vertex -41.7142 2.94576 22.95
      vertex -39.7688 0.0460205 22.95
      vertex -41.448 3.07162 22.95
    endloop
  endfacet
  facet normal -0 0 1
    outer loop
      vertex -41.9667 2.7944 22.95
      vertex -39.7688 0.0460205 22.95
      vertex -41.7142 2.94576 22.95
    endloop
  endfacet
  facet normal 0 0 1
    outer loop
      vertex -39.7688 0.0460205 22.95
      vertex -41.9667 2.7944 22.95
      vertex -39.9142 -0.0857849 22.95
    endloop
  endfacet
  facet normal -0 0 1
    outer loop
      vertex -42.2032 2.61902 22.95
      vertex -39.9142 -0.0857849 22.95
      vertex -41.9667 2.7944 22.95
    endloop
  endfacet
  facet normal -0 0 1
    outer loop
      vertex -42.4213 2.42131 22.95
      vertex -39.9142 -0.0857849 22.95
      vertex -42.2032 2.61902 22.95
    endloop
  endfacet
  facet normal 0 0 1
    outer loop
      vertex -39.9142 -0.0857849 22.95
      vertex -42.619 2.20317 22.95
      vertex -40.046 -0.231216 22.95
    endloop
  endfacet
  facet normal -0 0 1
    outer loop
      vertex -42.619 2.20317 22.95
      vertex -39.9142 -0.0857849 22.95
      vertex -42.4213 2.42131 22.95
    endloop
  endfacet
  facet normal -0 0 1
    outer loop
      vertex 39.9142 -23.9142 22.95
      vertex 42.619 -26.2032 22.95
      vertex 40.046 -23.7688 22.95
    endloop
  endfacet
  facet normal 0 0 1
    outer loop
      vertex 42.619 -26.2032 22.95
      vertex 39.9142 -23.9142 22.95
      vertex 42.4213 -26.4213 22.95
    endloop
  endfacet
  facet normal 0 0 1
    outer loop
      vertex 42.4213 -26.4213 22.95
      vertex 39.9142 -23.9142 22.95
      vertex 42.2032 -26.619 22.95
    endloop
  endfacet
  facet normal 0 0 1
    outer loop
      vertex 42.2032 -26.619 22.95
      vertex 39.9142 -23.9142 22.95
      vertex 41.9667 -26.7944 22.95
    endloop
  endfacet
  facet normal -0 0 1
    outer loop
      vertex 39.7688 -24.046 22.95
      vertex 41.9667 -26.7944 22.95
      vertex 39.9142 -23.9142 22.95
    endloop
  endfacet
  facet normal 0 0 1
    outer loop
      vertex 41.9667 -26.7944 22.95
      vertex 39.7688 -24.046 22.95
      vertex 41.7142 -26.9458 22.95
    endloop
  endfacet
  facet normal 0 0 1
    outer loop
      vertex 41.7142 -26.9458 22.95
      vertex 39.7688 -24.046 22.95
      vertex 41.448 -27.0716 22.95
    endloop
  endfacet
  facet normal 0 0 1
    outer loop
      vertex 41.448 -27.0716 22.95
      vertex 39.7688 -24.046 22.95
      vertex 41.1708 -27.1708 22.95
    endloop
  endfacet
  facet normal -0 0 1
    outer loop
      vertex 39.6111 -24.1629 22.95
      vertex 41.1708 -27.1708 22.95
      vertex 39.7688 -24.046 22.95
    endloop
  endfacet
  facet normal 0 0 1
    outer loop
      vertex 41.1708 -27.1708 22.95
      vertex 39.6111 -24.1629 22.95
      vertex 40.8853 -27.2423 22.95
    endloop
  endfacet
  facet normal 0 0 1
    outer loop
      vertex 40.8853 -27.2423 22.95
      vertex 39.6111 -24.1629 22.95
      vertex 40.594 -27.2855 22.95
    endloop
  endfacet
  facet normal 0 0 1
    outer loop
      vertex 40.594 -27.2855 22.95
      vertex 39.6111 -24.1629 22.95
      vertex 40.3 -27.3 22.95
    endloop
  endfacet
  facet normal -0 0 1
    outer loop
      vertex 39.4428 -24.2638 22.95
      vertex 40.3 -27.3 22.95
      vertex 39.6111 -24.1629 22.95
    endloop
  endfacet
  facet normal -0 0 1
    outer loop
      vertex 39.2654 -24.3478 22.95
      vertex 40.3 -27.3 22.95
      vertex 39.4428 -24.2638 22.95
    endloop
  endfacet
  facet normal -0 0 1
    outer loop
      vertex 39.0806 -24.4139 22.95
      vertex 40.3 -27.3 22.95
      vertex 39.2654 -24.3478 22.95
    endloop
  endfacet
  facet normal -0 0 1
    outer loop
      vertex 38.8902 -24.4616 22.95
      vertex 40.3 -27.3 22.95
      vertex 39.0806 -24.4139 22.95
    endloop
  endfacet
  facet normal -0 0 1
    outer loop
      vertex 38.696 -24.4904 22.95
      vertex 40.3 -27.3 22.95
      vertex 38.8902 -24.4616 22.95
    endloop
  endfacet
  facet normal -0 0 1
    outer loop
      vertex 38.5 -24.5 22.95
      vertex 40.3 -27.3 22.95
      vertex 38.696 -24.4904 22.95
    endloop
  endfacet
  facet normal -0 0 1
    outer loop
      vertex -38.5 -24.5 22.95
      vertex 40.3 -27.3 22.95
      vertex 38.5 -24.5 22.95
    endloop
  endfacet
  facet normal 0 0 1
    outer loop
      vertex -38.5 -24.5 22.95
      vertex -40.3 -27.3 22.95
      vertex 40.3 -27.3 22.95
    endloop
  endfacet
  facet normal 0 0 1
    outer loop
      vertex -38.696 -24.4904 22.95
      vertex -40.3 -27.3 22.95
      vertex -38.5 -24.5 22.95
    endloop
  endfacet
  facet normal 0 0 1
    outer loop
      vertex -38.8902 -24.4616 22.95
      vertex -40.3 -27.3 22.95
      vertex -38.696 -24.4904 22.95
    endloop
  endfacet
  facet normal 0 0 1
    outer loop
      vertex -39.0806 -24.4139 22.95
      vertex -40.3 -27.3 22.95
      vertex -38.8902 -24.4616 22.95
    endloop
  endfacet
  facet normal 0 0 1
    outer loop
      vertex -39.2654 -24.3478 22.95
      vertex -40.3 -27.3 22.95
      vertex -39.0806 -24.4139 22.95
    endloop
  endfacet
  facet normal 0 0 1
    outer loop
      vertex -39.4428 -24.2638 22.95
      vertex -40.3 -27.3 22.95
      vertex -39.2654 -24.3478 22.95
    endloop
  endfacet
  facet normal 0 0 1
    outer loop
      vertex -39.6111 -24.1629 22.95
      vertex -40.3 -27.3 22.95
      vertex -39.4428 -24.2638 22.95
    endloop
  endfacet
  facet normal 0 0 1
    outer loop
      vertex -41.1708 -27.1708 22.95
      vertex -39.6111 -24.1629 22.95
      vertex -39.7688 -24.046 22.95
    endloop
  endfacet
  facet normal 0 0 1
    outer loop
      vertex -41.9667 -26.7944 22.95
      vertex -39.7688 -24.046 22.95
      vertex -39.9142 -23.9142 22.95
    endloop
  endfacet
  facet normal 0 0 1
    outer loop
      vertex -42.619 -26.2032 22.95
      vertex -39.9142 -23.9142 22.95
      vertex -40.046 -23.7688 22.95
    endloop
  endfacet
  facet normal 0 0 1
    outer loop
      vertex -43.0716 -25.448 22.95
      vertex -40.046 -23.7688 22.95
      vertex -40.1629 -23.6111 22.95
    endloop
  endfacet
  facet normal 0 0 1
    outer loop
      vertex -43.2855 -24.594 22.95
      vertex -40.1629 -23.6111 22.95
      vertex -40.2638 -23.4428 22.95
    endloop
  endfacet
  facet normal 0 0 1
    outer loop
      vertex -43.3 -24.3 22.95
      vertex -40.2638 -23.4428 22.95
      vertex -40.3478 -23.2654 22.95
    endloop
  endfacet
  facet normal 0 0 1
    outer loop
      vertex -43.3 -24.3 22.95
      vertex -40.3478 -23.2654 22.95
      vertex -40.4139 -23.0806 22.95
    endloop
  endfacet
  facet normal 0 0 1
    outer loop
      vertex -43.3 -24.3 22.95
      vertex -40.4139 -23.0806 22.95
      vertex -40.4616 -22.8902 22.95
    endloop
  endfacet
  facet normal 0 0 1
    outer loop
      vertex -43.3 -24.3 22.95
      vertex -40.4616 -22.8902 22.95
      vertex -40.4904 -22.696 22.95
    endloop
  endfacet
  facet normal 0 0 1
    outer loop
      vertex -43.3 -24.3 22.95
      vertex -40.4904 -22.696 22.95
      vertex -40.5 -22.5 22.95
    endloop
  endfacet
  facet normal 0 0 1
    outer loop
      vertex -39.6111 -24.1629 22.95
      vertex -40.594 -27.2855 22.95
      vertex -40.3 -27.3 22.95
    endloop
  endfacet
  facet normal 0 0 1
    outer loop
      vertex -40.5 -1.5 22.95
      vertex -43.3 0.299988 22.95
      vertex -40.5 -22.5 22.95
    endloop
  endfacet
  facet normal -0 0 1
    outer loop
      vertex -42.7944 1.96671 22.95
      vertex -40.046 -0.231216 22.95
      vertex -42.619 2.20317 22.95
    endloop
  endfacet
  facet normal 0 0 1
    outer loop
      vertex -43.3 -24.3 22.95
      vertex -40.5 -22.5 22.95
      vertex -43.3 0.299988 22.95
    endloop
  endfacet
  facet normal -0 0 1
    outer loop
      vertex -42.9458 1.71417 22.95
      vertex -40.046 -0.231216 22.95
      vertex -42.7944 1.96671 22.95
    endloop
  endfacet
  facet normal 0 0 1
    outer loop
      vertex -40.2638 -23.4428 22.95
      vertex -43.3 -24.3 22.95
      vertex -43.2855 -24.594 22.95
    endloop
  endfacet
  facet normal -0 0 1
    outer loop
      vertex -43.0716 1.44804 22.95
      vertex -40.046 -0.231216 22.95
      vertex -42.9458 1.71417 22.95
    endloop
  endfacet
  facet normal 0 0 1
    outer loop
      vertex -39.6111 -24.1629 22.95
      vertex -40.8853 -27.2423 22.95
      vertex -40.594 -27.2855 22.95
    endloop
  endfacet
  facet normal 0 0 1
    outer loop
      vertex -40.046 -0.231216 22.95
      vertex -43.0716 1.44804 22.95
      vertex -40.1629 -0.388855 22.95
    endloop
  endfacet
  facet normal 0 0 1
    outer loop
      vertex -39.6111 -24.1629 22.95
      vertex -41.1708 -27.1708 22.95
      vertex -40.8853 -27.2423 22.95
    endloop
  endfacet
  facet normal -0 0 1
    outer loop
      vertex -43.1708 1.17084 22.95
      vertex -40.1629 -0.388855 22.95
      vertex -43.0716 1.44804 22.95
    endloop
  endfacet
  facet normal 0 0 1
    outer loop
      vertex -39.7688 -24.046 22.95
      vertex -41.448 -27.0716 22.95
      vertex -41.1708 -27.1708 22.95
    endloop
  endfacet
  facet normal -0 0 1
    outer loop
      vertex -43.2423 0.885254 22.95
      vertex -40.1629 -0.388855 22.95
      vertex -43.1708 1.17084 22.95
    endloop
  endfacet
  facet normal 0 0 1
    outer loop
      vertex -39.7688 -24.046 22.95
      vertex -41.7142 -26.9458 22.95
      vertex -41.448 -27.0716 22.95
    endloop
  endfacet
  facet normal -0 0 1
    outer loop
      vertex -43.2855 0.59404 22.95
      vertex -40.1629 -0.388855 22.95
      vertex -43.2423 0.885254 22.95
    endloop
  endfacet
  facet normal 0 0 1
    outer loop
      vertex -39.7688 -24.046 22.95
      vertex -41.9667 -26.7944 22.95
      vertex -41.7142 -26.9458 22.95
    endloop
  endfacet
  facet normal 0 0 1
    outer loop
      vertex -40.1629 -0.388855 22.95
      vertex -43.2855 0.59404 22.95
      vertex -40.2638 -0.557205 22.95
    endloop
  endfacet
  facet normal 0 0 1
    outer loop
      vertex -39.9142 -23.9142 22.95
      vertex -42.2032 -26.619 22.95
      vertex -41.9667 -26.7944 22.95
    endloop
  endfacet
  facet normal -0 0 1
    outer loop
      vertex -43.3 0.299988 22.95
      vertex -40.2638 -0.557205 22.95
      vertex -43.2855 0.59404 22.95
    endloop
  endfacet
  facet normal 0 0 1
    outer loop
      vertex -39.9142 -23.9142 22.95
      vertex -42.4213 -26.4213 22.95
      vertex -42.2032 -26.619 22.95
    endloop
  endfacet
  facet normal 0 0 1
    outer loop
      vertex -40.2638 -0.557205 22.95
      vertex -43.3 0.299988 22.95
      vertex -40.3478 -0.734634 22.95
    endloop
  endfacet
  facet normal 0 0 1
    outer loop
      vertex -39.9142 -23.9142 22.95
      vertex -42.619 -26.2032 22.95
      vertex -42.4213 -26.4213 22.95
    endloop
  endfacet
  facet normal 0 0 1
    outer loop
      vertex -40.3478 -0.734634 22.95
      vertex -43.3 0.299988 22.95
      vertex -40.4139 -0.919434 22.95
    endloop
  endfacet
  facet normal 0 0 1
    outer loop
      vertex -40.046 -23.7688 22.95
      vertex -42.7944 -25.9667 22.95
      vertex -42.619 -26.2032 22.95
    endloop
  endfacet
  facet normal 0 0 1
    outer loop
      vertex -40.4139 -0.919434 22.95
      vertex -43.3 0.299988 22.95
      vertex -40.4616 -1.10982 22.95
    endloop
  endfacet
  facet normal 0 0 1
    outer loop
      vertex -40.046 -23.7688 22.95
      vertex -42.9458 -25.7142 22.95
      vertex -42.7944 -25.9667 22.95
    endloop
  endfacet
  facet normal 0 0 1
    outer loop
      vertex -40.4616 -1.10982 22.95
      vertex -43.3 0.299988 22.95
      vertex -40.4904 -1.30397 22.95
    endloop
  endfacet
  facet normal 0 0 1
    outer loop
      vertex -40.046 -23.7688 22.95
      vertex -43.0716 -25.448 22.95
      vertex -42.9458 -25.7142 22.95
    endloop
  endfacet
  facet normal 0 0 1
    outer loop
      vertex -40.4904 -1.30397 22.95
      vertex -43.3 0.299988 22.95
      vertex -40.5 -1.5 22.95
    endloop
  endfacet
  facet normal 0 0 1
    outer loop
      vertex -40.1629 -23.6111 22.95
      vertex -43.1708 -25.1708 22.95
      vertex -43.0716 -25.448 22.95
    endloop
  endfacet
  facet normal 0 0 1
    outer loop
      vertex -40.1629 -23.6111 22.95
      vertex -43.2423 -24.8853 22.95
      vertex -43.1708 -25.1708 22.95
    endloop
  endfacet
  facet normal 0 0 1
    outer loop
      vertex -40.1629 -23.6111 22.95
      vertex -43.2855 -24.594 22.95
      vertex -43.2423 -24.8853 22.95
    endloop
  endfacet
  facet normal 0.989175 -0.146739 0
    outer loop
      vertex -43.2855 0.59404 24
      vertex -43.2423 0.885254 22.95
      vertex -43.2423 0.885254 24
    endloop
  endfacet
  facet normal 0.989175 -0.146739 0
    outer loop
      vertex -43.2423 0.885254 22.95
      vertex -43.2855 0.59404 24
      vertex -43.2855 0.59404 22.95
    endloop
  endfacet
  facet normal 0.671607 0.740908 -0
    outer loop
      vertex -42.2032 -26.619 22.95
      vertex -42.4213 -26.4213 24
      vertex -42.2032 -26.619 24
    endloop
  endfacet
  facet normal 0.671607 0.740908 0
    outer loop
      vertex -42.4213 -26.4213 24
      vertex -42.2032 -26.619 22.95
      vertex -42.4213 -26.4213 22.95
    endloop
  endfacet
  facet normal 0.941527 0.336939 0
    outer loop
      vertex -43.0716 -25.448 24
      vertex -43.1708 -25.1708 22.95
      vertex -43.1708 -25.1708 24
    endloop
  endfacet
  facet normal 0.941527 0.336939 0
    outer loop
      vertex -43.1708 -25.1708 22.95
      vertex -43.0716 -25.448 24
      vertex -43.0716 -25.448 22.95
    endloop
  endfacet
  facet normal -0.941527 -0.336939 0
    outer loop
      vertex 43.1708 1.17084 22.95
      vertex 43.0716 1.44804 24
      vertex 43.0716 1.44804 22.95
    endloop
  endfacet
  facet normal -0.941527 -0.336939 0
    outer loop
      vertex 43.0716 1.44804 24
      vertex 43.1708 1.17084 22.95
      vertex 43.1708 1.17084 24
    endloop
  endfacet
  facet normal -0.857679 -0.514186 0
    outer loop
      vertex 42.9458 1.71417 22.95
      vertex 42.7944 1.96671 24
      vertex 42.7944 1.96671 22.95
    endloop
  endfacet
  facet normal -0.857679 -0.514186 0
    outer loop
      vertex 42.7944 1.96671 24
      vertex 42.9458 1.71417 22.95
      vertex 42.9458 1.71417 24
    endloop
  endfacet
  facet normal 0.904125 0.427269 0
    outer loop
      vertex -42.9458 -25.7142 24
      vertex -43.0716 -25.448 22.95
      vertex -43.0716 -25.448 24
    endloop
  endfacet
  facet normal 0.904125 0.427269 0
    outer loop
      vertex -43.0716 -25.448 22.95
      vertex -42.9458 -25.7142 24
      vertex -42.9458 -25.7142 22.95
    endloop
  endfacet
  facet normal 0.857643 0.514246 0
    outer loop
      vertex -42.7944 -25.9667 24
      vertex -42.9458 -25.7142 22.95
      vertex -42.9458 -25.7142 24
    endloop
  endfacet
  facet normal 0.857643 0.514246 0
    outer loop
      vertex -42.9458 -25.7142 22.95
      vertex -42.7944 -25.9667 24
      vertex -42.7944 -25.9667 22.95
    endloop
  endfacet
  facet normal -0.989175 -0.146739 0
    outer loop
      vertex 43.2855 0.59404 22.95
      vertex 43.2423 0.885254 24
      vertex 43.2423 0.885254 22.95
    endloop
  endfacet
  facet normal -0.989175 -0.146739 0
    outer loop
      vertex 43.2423 0.885254 24
      vertex 43.2855 0.59404 22.95
      vertex 43.2855 0.59404 24
    endloop
  endfacet
  facet normal -0.904081 -0.42736 0
    outer loop
      vertex 43.0716 1.44804 22.95
      vertex 42.9458 1.71417 24
      vertex 42.9458 1.71417 22.95
    endloop
  endfacet
  facet normal -0.904081 -0.42736 0
    outer loop
      vertex 42.9458 1.71417 24
      vertex 43.0716 1.44804 22.95
      vertex 43.0716 1.44804 24
    endloop
  endfacet
  facet normal 0.427269 0.904125 -0
    outer loop
      vertex -41.448 -27.0716 22.95
      vertex -41.7142 -26.9458 24
      vertex -41.448 -27.0716 24
    endloop
  endfacet
  facet normal 0.427269 0.904125 0
    outer loop
      vertex -41.7142 -26.9458 24
      vertex -41.448 -27.0716 22.95
      vertex -41.7142 -26.9458 22.95
    endloop
  endfacet
  facet normal -0.427435 -0.904046 0
    outer loop
      vertex 41.448 3.07162 22.95
      vertex 41.7142 2.94576 24
      vertex 41.448 3.07162 24
    endloop
  endfacet
  facet normal -0.427435 -0.904046 -0
    outer loop
      vertex 41.7142 2.94576 24
      vertex 41.448 3.07162 22.95
      vertex 41.7142 2.94576 22.95
    endloop
  endfacet
  facet normal -0.970042 0.242935 0
    outer loop
      vertex 43.1708 -25.1708 22.95
      vertex 43.2423 -24.8853 24
      vertex 43.2423 -24.8853 22.95
    endloop
  endfacet
  facet normal -0.970042 0.242935 0
    outer loop
      vertex 43.2423 -24.8853 24
      vertex 43.1708 -25.1708 22.95
      vertex 43.1708 -25.1708 24
    endloop
  endfacet
  facet normal -0.904125 0.427269 0
    outer loop
      vertex 42.9458 -25.7142 22.95
      vertex 43.0716 -25.448 24
      vertex 43.0716 -25.448 22.95
    endloop
  endfacet
  facet normal -0.904125 0.427269 0
    outer loop
      vertex 43.0716 -25.448 24
      vertex 42.9458 -25.7142 22.95
      vertex 42.9458 -25.7142 24
    endloop
  endfacet
  facet normal 0.740908 0.671607 0
    outer loop
      vertex -42.4213 -26.4213 24
      vertex -42.619 -26.2032 22.95
      vertex -42.619 -26.2032 24
    endloop
  endfacet
  facet normal 0.740908 0.671607 0
    outer loop
      vertex -42.619 -26.2032 22.95
      vertex -42.4213 -26.4213 24
      vertex -42.4213 -26.4213 22.95
    endloop
  endfacet
  facet normal -0.857643 0.514246 0
    outer loop
      vertex 42.7944 -25.9667 22.95
      vertex 42.9458 -25.7142 24
      vertex 42.9458 -25.7142 22.95
    endloop
  endfacet
  facet normal -0.857643 0.514246 0
    outer loop
      vertex 42.9458 -25.7142 24
      vertex 42.7944 -25.9667 22.95
      vertex 42.7944 -25.9667 24
    endloop
  endfacet
  facet normal -0.97006 -0.242866 0
    outer loop
      vertex 43.2423 0.885254 22.95
      vertex 43.1708 1.17084 24
      vertex 43.1708 1.17084 22.95
    endloop
  endfacet
  facet normal -0.97006 -0.242866 0
    outer loop
      vertex 43.1708 1.17084 24
      vertex 43.2423 0.885254 22.95
      vertex 43.2423 0.885254 24
    endloop
  endfacet
  facet normal -0.514146 -0.857703 0
    outer loop
      vertex 41.7142 2.94576 22.95
      vertex 41.9667 2.7944 24
      vertex 41.7142 2.94576 24
    endloop
  endfacet
  facet normal -0.514146 -0.857703 -0
    outer loop
      vertex 41.9667 2.7944 24
      vertex 41.7142 2.94576 22.95
      vertex 41.9667 2.7944 22.95
    endloop
  endfacet
  facet normal -0.941527 0.336939 0
    outer loop
      vertex 43.0716 -25.448 22.95
      vertex 43.1708 -25.1708 24
      vertex 43.1708 -25.1708 22.95
    endloop
  endfacet
  facet normal -0.941527 0.336939 0
    outer loop
      vertex 43.1708 -25.1708 24
      vertex 43.0716 -25.448 22.95
      vertex 43.0716 -25.448 24
    endloop
  endfacet
  facet normal -0.998786 -0.0492512 0
    outer loop
      vertex 43.3 0.299988 22.95
      vertex 43.2855 0.59404 24
      vertex 43.2855 0.59404 22.95
    endloop
  endfacet
  facet normal -0.998786 -0.0492512 0
    outer loop
      vertex 43.2855 0.59404 24
      vertex 43.3 0.299988 22.95
      vertex 43.3 0.299988 24
    endloop
  endfacet
  facet normal -0.595655 -0.803241 0
    outer loop
      vertex 41.9667 2.7944 22.95
      vertex 42.2032 2.61902 24
      vertex 41.9667 2.7944 24
    endloop
  endfacet
  facet normal -0.595655 -0.803241 -0
    outer loop
      vertex 42.2032 2.61902 24
      vertex 41.9667 2.7944 22.95
      vertex 42.2032 2.61902 22.95
    endloop
  endfacet
endsolid OpenSCAD_Model
